序,股票,价,涨,持股比,持有市值.亿,近3月,近1年,近2年,近3年,PE,股息,市值,今年来,行业
'1,600885.宏发股份,'26.08,'-0.38%,20.32%,'66.18,'-1.43%,'-2.19%,'-1.50%,'-0.03%,'23.00,1.41%,'380.70,'+16.64%,电网设备
'2,002028.思源电气,'96.36,'+10.00%,19.90%,'112.96,'-0.24%,'+5.10%,'+13.15%,'+16.32%,'32.99,0.52%,'750.07,'+33.45%,电网设备
'3,603939.益丰药房,'23.51,'-0.97%,19.58%,'58.09,'-2.92%,'+0.40%,'+2.92%,'+2.81%,'18.17,2.76%,'285.04,'-0.95%,医药商业
'4,600660.福耀玻璃,'65.81,'+0.23%,18.64%,'212.83,'+0.80%,'-4.67%,'+0.84%,'+4.63%,'20.03,2.74%,'1318.17,'+8.83%,玻璃玻纤
'5,002472.双环传动,'36.60,'-1.77%,17.92%,'50.88,'+1.31%,'+6.44%,'+12.75%,'+12.82%,'28.18,0.62%,'310.84,'+20.38%,汽车零部件
'6,300124.汇川技术,'75.90,'+1.16%,17.60%,'306.38,'-1.55%,'-3.63%,'-5.76%,'-3.60%,'44.10,0.54%,'2045.81,'+30.39%,电子元件
'7,002270.华明装备,'19.06,'-1.04%,17.44%,'26.17,'+6.14%,'+3.42%,'+15.64%,%,'26.33,2.86%,'170.82,'+14.74%,电网设备
'8,300012.华测检测,'13.51,'-0.29%,15.96%,'31.39,'+0.47%,'+4.05%,'+3.54%,'+0.59%,'25.35,0.74%,'227.35,'+9.68%,专业服务
'9,002271.东方雨虹,'11.70,'-0.51%,15.58%,'39.94,'+1.22%,'+7.37%,'+4.49%,'+2.26%,'-,21.04%,'279.48,'+4.22%,装修建材
'10,000333.美的集团,'74.03,'+0.43%,14.64%,'741.57,'-1.65%,'-3.75%,'-5.08%,'-3.22%,'13.60,4.73%,'5200.41,'+3.17%,家电行业
'11,300750.宁德时代,'304.00,'-0.71%,13.78%,'1530.78,'+1.18%,'+2.79%,'+4.47%,'+6.92%,'26.58,2.23%,'13386.33,'+17.55%,电池
'12,600406.国电南瑞,'21.60,'-0.69%,13.56%,'244.11,'-0.34%,'-1.04%,'-3.90%,'-3.59%,'22.92,2.64%,'1734.93,'-12.69%,电网设备
'13,603501.豪威集团,'145.20,'+1.38%,13.37%,'207.70,'+0.78%,'-2.01%,'+3.44%,'+6.14%,'48.16,0.29%,'1751.13,'+39.32%,半导体
'14,600096.云天化,'27.34,'+0.48%,12.59%,'50.44,'+2.48%,'+6.74%,'+10.57%,'+12.21%,'9.78,5.15%,'498.41,'+30.13%,化肥行业
'15,603259.药明康德,'111.58,'+8.02%,12.13%,'209.72,'+2.31%,'+8.10%,'+4.51%,'+4.26%,'29.52,1.21%,'2759.69,'+107.12%,医疗服务
'16,603605.珀莱雅,'84.43,'+0.72%,11.99%,'39.34,'-3.13%,'-8.52%,'-10.61%,'-11.59%,'20.72,1.41%,'334.35,'+1.12%,美容护理
'17,600031.三一重工,'21.16,'+0.62%,11.80%,'179.49,'+1.53%,'+4.56%,'+2.79%,'+4.26%,'23.54,1.70%,'1793.18,'+30.97%,工程机械
'18,002410.广联达,'14.91,'-1.97%,11.61%,'25.72,'-2.30%,'+3.91%,'-3.79%,'-0.87%,'115.30,1.01%,'246.30,'+28.18%,软件开发
'19,300760.迈瑞医疗,'246.48,'+1.52%,10.84%,'295.32,'-0.25%,'-1.15%,'-2.42%,'+2.24%,'33.16,3.12%,'2988.43,'-2.51%,医疗器械
'20,600066.宇通客车,'28.30,'+2.46%,10.72%,'58.98,'-2.54%,'-5.85%,'-0.83%,'+8.70%,'17.47,5.30%,'626.54,'+11.45%,汽车整车
'21,600094.大名城,'3.37,'+0.90%,10.67%,'7.17,'+0.25%,'+0.98%,'+6.80%,'+6.08%,'-,0.94%,'73.00,'-7.42%,房地产开发
'22,600887.伊利股份,'28.27,'-1.05%,10.60%,'187.02,'+0.37%,'-0.07%,'-5.23%,'-7.30%,'23.21,4.32%,'1788.18,'-2.39%,食品饮料
'23,000786.北新建材,'26.27,'-1.61%,10.49%,'46.91,'-1.02%,'-2.59%,'-1.40%,'+0.61%,'13.48,3.29%,'443.83,'-10.62%,装修建材
'24,002803.吉宏股份,'17.56,'-2.06%,10.27%,'5.63,'+0.23%,'+4.30%,'+9.75%,'+9.67%,'37.84,1.92%,'67.57,'+39.97%,文化传媒
'25,002371.北方华创,'377.84,'+1.43%,10.19%,'240.80,'+1.26%,'+2.94%,'+5.87%,'+5.41%,'44.62,0.21%,'2726.51,'+30.77%,半导体
'26,600176.中国巨石,'16.30,'+4.42%,10.10%,'46.11,'+0.03%,'+0.14%,'-2.61%,'+0.16%,'22.81,1.47%,'652.51,'+46.00%,玻璃玻纤
'27,688008.澜起科技,'124.22,'+1.07%,10.07%,'94.51,'+2.41%,'+2.44%,'+4.04%,'+7.35%,'79.23,0.31%,'1422.51,'+83.86%,半导体
'28,605499.东鹏饮料,'314.94,'+1.94%,9.90%,'161.62,'+2.69%,'+4.91%,'+7.98%,'+9.64%,'42.81,2.20%,'1637.73,'+28.92%,食品饮料
'29,300487.蓝晓科技,'56.06,'+1.72%,9.86%,'25.17,'+0.20%,'+1.16%,'+2.26%,'+7.97%,'36.09,1.28%,'284.60,'+18.50%,塑料制品
'30,603444.吉比特,'460.00,'+0.17%,9.68%,'21.06,'+0.75%,'+4.77%,'-0.51%,'+1.22%,'31.20,2.17%,'331.39,'+113.30%,游戏
'31,002508.老板电器,'20.20,'-0.74%,9.62%,'17.28,'-2.88%,'+0.25%,'+2.73%,'+0.72%,'13.26,4.95%,'190.88,'-3.27%,家电行业
'32,300470.中密控股,'39.26,'+0.93%,9.38%,'7.18,'+0.33%,'-2.30%,'-2.91%,'+1.15%,'21.52,2.55%,'81.65,'+5.58%,通用设备
'33,000423.东阿阿胶,'51.83,'-0.10%,9.35%,'31.50,'-0.26%,'-1.80%,'-0.94%,'+0.14%,'21.82,4.67%,'333.77,'-15.42%,中药
'34,688012.中微公司,'223.20,'+4.22%,9.18%,'104.77,'+1.68%,'+3.88%,'+4.38%,'+3.66%,'96.80,0.13%,'1397.56,'+18.19%,半导体
'35,600754.锦江酒店,'23.04,'-0.82%,8.98%,'18.41,'-0.10%,'+6.69%,'+4.24%,'+4.73%,'43.95,2.17%,'209.99,'-12.75%,旅游酒店
'36,300866.安克创新,'145.05,'+3.44%,8.93%,'53.90,'-0.38%,'-0.21%,'+4.33%,'+6.05%,'37.33,1.44%,'777.70,'+50.83%,消费电子
'37,000338.潍柴动力,'14.81,'-2.18%,8.92%,'92.93,'+0.36%,'+1.73%,'+0.77%,'+3.43%,'12.66,4.86%,'1003.03,'+10.48%,汽车零部件
'38,002362.汉王科技,'24.89,'+0.36%,8.90%,'4.88,'+0.73%,'+7.00%,'+8.74%,%,'-,'-,'60.84,'+9.84%,软件开发
'39,603799.华友钴业,'50.22,'+4.52%,8.79%,'55.35,'+4.22%,'+5.10%,'+3.32%,'+4.69%,'18.45,1.00%,'854.52,'+74.17%,能源金属
'40,002837.英维克,'80.16,'+0.20%,8.49%,'24.44,'-2.89%,'-2.99%,'+2.18%,'+7.31%,'168.63,0.19%,'776.77,'+159.54%,专用设备
'41,300450.先导智能,'40.70,'+14.62%,8.47%,'32.95,'+1.24%,'+1.33%,'-11.57%,'-16.20%,'98.88,0.14%,'637.43,'+103.75%,电池
'42,601799.星宇股份,'120.84,'-0.20%,8.45%,'30.18,'+1.31%,'+1.96%,'+5.84%,'+4.17%,'23.16,1.24%,'345.22,'-8.62%,汽车零部件
'43,600276.恒瑞医药,'68.35,'+3.20%,8.39%,'277.73,'+2.24%,'+2.31%,'+2.69%,'+0.63%,'65.17,0.29%,'4360.05,'+49.45%,化学制药
'44,603882.金域医学,'31.84,'-0.34%,8.28%,'10.96,'+1.13%,'-2.77%,'-3.85%,'-7.12%,'-,2.76%,'147.50,'+18.24%,医疗服务
'45,603699.纽威股份,'33.79,'+1.75%,8.19%,'19.61,'+1.40%,'+5.31%,'+6.39%,'+8.17%,'20.41,4.49%,'259.70,'+57.91%,通用设备
'46,300685.艾德生物,'23.77,'+0.89%,8.09%,'6.82,'-0.86%,'-1.73%,'-7.25%,'-7.63%,'32.56,1.26%,'93.07,'+5.77%,医疗器械
'47,603713.密尔克卫,'65.95,'-1.14%,8.00%,'6.74,'+0.05%,'-0.62%,'-5.27%,'+0.29%,'18.28,1.08%,'104.28,'+30.56%,物流行业
'48,601901.方正证券,'8.55,'-1.04%,7.95%,'51.78,'+1.04%,'-1.20%,'-7.12%,'-8.03%,'18.32,1.25%,'703.84,'+3.37%,证券
'49,603233.大参林,'16.93,'+0.42%,7.94%,'14.74,'+1.09%,'+5.14%,'+5.49%,'+5.04%,'19.00,3.66%,'192.81,'+14.65%,医药商业
'50,002396.星网锐捷,'35.74,'+8.07%,7.75%,'10.24,'+1.37%,'+5.01%,'+3.71%,'+5.13%,'47.51,0.70%,'209.33,'+90.64%,通信设备
'51,601899.紫金矿业,'24.38,'+5.63%,7.72%,'309.86,'+1.11%,0.00%,'-0.66%,'+0.25%,'17.10,1.15%,'5019.53,'+63.59%,有色金属
'52,601100.恒立液压,'91.30,'+2.10%,7.65%,'73.89,'-0.02%,'-4.09%,'-5.95%,'-2.34%,'49.07,0.77%,'1224.17,'+74.75%,工程机械
'53,688019.安集科技,'189.99,'+8.19%,7.58%,'19.31,'-1.91%,'+2.51%,'+4.83%,'+4.26%,'49.41,0.18%,'320.24,'+77.62%,电子化学品
'54,601688.华泰证券,'21.35,'-1.52%,7.52%,'97.87,'+0.28%,'+3.72%,'+3.85%,'+4.47%,'17.16,2.44%,'1560.31,'+23.47%,证券
'55,600216.浙江医药,'15.78,'+0.77%,7.41%,'10.54,'+3.63%,'+5.67%,'+5.71%,'+4.47%,'10.06,2.34%,'151.75,'+1.91%,化学制药
'56,002345.潮宏基,'15.79,'+6.98%,7.36%,'9.57,'+0.69%,'+4.28%,'+6.93%,'+7.36%,'48.16,2.22%,'140.30,'+175.74%,珠宝首饰
'57,002035.华帝股份,'6.50,'+0.62%,7.30%,'3.89,'-1.57%,'-2.76%,'+1.66%,'+6.25%,'12.70,4.62%,'55.10,'-7.30%,家电行业
'58,002352.顺丰控股,'42.80,'-3.97%,7.25%,'170.59,'+0.25%,'+2.42%,'+1.94%,'+1.64%,'22.59,4.32%,'2054.15,'+7.20%,物流行业
'59,600499.科达制造,'11.61,'-1.78%,7.25%,'13.64,'+1.26%,'+5.82%,'+5.74%,'+5.18%,'18.24,1.72%,'222.66,'+51.75%,专用设备
'60,600690.海尔智家,'25.95,'-1.18%,7.19%,'111.45,'-2.10%,'-3.35%,'-3.54%,'-4.14%,'12.59,3.72%,'1623.04,'-5.56%,家电行业
'61,002594.比亚迪,'109.70,'-3.82%,7.07%,'424.85,'+0.15%,'+2.43%,'+2.50%,'+3.16%,'26.14,1.21%,'5960.88,'+17.82%,汽车整车
'62,600563.法拉电子,'120.00,'-2.27%,7.06%,'17.32,'-1.06%,'+2.33%,'-3.57%,'+2.08%,'24.12,1.67%,'270.00,'+2.84%,电子元件
'63,600570.恒生电子,'38.66,'+3.12%,7.03%,'44.58,'-0.79%,'+0.85%,'-9.15%,'-5.48%,'82.07,0.26%,'731.36,'+38.63%,软件开发
'64,002891.中宠股份,'59.51,'+0.12%,7.01%,'13.20,'+2.42%,'+3.97%,'+3.18%,'+3.52%,'40.46,0.99%,'181.13,'+67.68%,农牧饲渔
'65,600268.国电南自,'10.14,'-2.31%,6.99%,'5.56,'+0.31%,'+6.08%,'+6.79%,'+6.99%,'24.04,1.38%,'103.01,'+53.68%,电网设备
'66,600352.浙江龙盛,'10.46,'-0.95%,6.92%,'22.87,'+0.64%,'+2.96%,'+4.38%,'+5.75%,'19.16,4.30%,'340.30,'+4.17%,化学制品
'67,688599.天合光能,'16.57,0.00%,6.91%,'21.87,'-0.59%,'+4.72%,'+2.69%,'+5.09%,'-,'-,'361.12,'-14.15%,光伏设备
'68,600183.生益科技,'54.87,'+3.04%,6.86%,'50.25,'-0.68%,'+0.62%,'+1.80%,'+3.41%,'62.15,1.09%,'1332.94,'+133.31%,电子元件
'69,000651.格力电器,'41.41,'-2.79%,6.82%,'171.56,'+0.27%,'-3.63%,'-3.58%,'-2.83%,'7.69,7.24%,'2319.54,'-2.81%,家电行业
'70,603338.浙江鼎力,'53.91,'-0.83%,6.77%,'16.26,'+2.55%,'-1.82%,'-3.35%,'-1.25%,'14.95,1.85%,'272.97,'-14.53%,工程机械
'71,002459.晶澳科技,'12.72,'+0.47%,6.69%,'22.09,'-0.46%,'+3.63%,'+2.22%,'+4.42%,'-,'-,'420.99,'-7.49%,光伏设备
'72,600351.亚宝药业,'7.14,'+2.15%,6.63%,'2.82,'+0.70%,'+3.11%,'+6.17%,'+6.53%,'23.50,4.20%,'49.98,'+23.07%,中药
'73,600036.招商银行,'41.98,'-2.12%,6.62%,'627.51,'-0.16%,'+0.59%,'-0.35%,'-1.39%,'7.14,4.76%,'8660.03,'+11.44%,银行
'74,688188.柏楚电子,'156.73,'+2.37%,6.56%,'24.92,'-0.34%,'-1.22%,'+3.11%,'+2.90%,'47.92,1.31%,'452.00,'+14.19%,软件开发
'75,688696.极米科技,'126.26,'-1.64%,6.55%,'5.24,'+0.88%,'+6.26%,'+5.81%,'+6.30%,'48.14,0.24%,'88.38,'+28.81%,家电行业
'76,688200.华峰测控,'189.99,'+9.81%,6.53%,'12.75,'+2.99%,'+0.17%,'+2.07%,'+2.58%,'66.39,0.52%,'257.50,'+82.70%,半导体
'77,688208.道通科技,'42.02,'-1.18%,6.46%,'13.24,'+0.70%,'+5.06%,'+5.46%,'+4.97%,'38.78,1.44%,'281.61,'+60.95%,计算机设备
'78,600219.南山铝业,'3.99,'-1.72%,6.45%,'28.70,'+0.09%,'-2.41%,'+1.40%,'+1.41%,'8.64,4.28%,'463.39,'+4.59%,有色金属
'79,600415.小商品城,'22.49,'-0.04%,6.41%,'72.70,'+3.55%,'+4.43%,'+5.13%,'+5.13%,'38.15,1.47%,'1233.27,'+70.71%,商业百货
'80,002463.沪电股份,'69.80,'+1.47%,6.41%,'52.52,'+2.45%,'+1.90%,'-1.66%,'-1.38%,'43.62,0.72%,'1342.94,'+78.89%,电子元件
'81,601555.东吴证券,'9.90,'-1.98%,6.39%,'27.77,'+1.09%,'+3.70%,'+3.96%,'+4.80%,'15.72,3.15%,'491.90,'+30.63%,证券
'82,300206.理邦仪器,'13.15,'+3.54%,6.38%,'4.44,'-1.35%,'+3.12%,'-2.68%,'+1.78%,'43.75,1.57%,'76.23,'+19.76%,医疗器械
'83,002563.森马服饰,'5.48,'+0.18%,6.37%,'9.03,'-0.42%,'-1.82%,'+0.15%,'+2.05%,'17.59,6.39%,'147.64,'-17.10%,纺织服装
'84,300408.三环集团,'43.64,'-1.31%,6.37%,'40.75,'-1.21%,'+0.13%,'+2.30%,'+1.54%,'40.11,0.87%,'836.36,'+14.67%,电子元件
'85,603236.移远通信,'106.81,'-2.89%,6.36%,'14.27,'+0.60%,'+3.61%,'+4.12%,'+2.41%,'35.16,1.15%,'279.48,'+57.77%,通信设备
'86,603596.伯特利,'46.55,'-2.39%,6.34%,'20.27,'-0.46%,'-1.94%,'+3.40%,'+5.65%,'23.51,0.75%,'282.33,'+5.11%,汽车零部件
'87,600132.重庆啤酒,'55.07,'-0.65%,6.24%,'16.63,'+0.32%,'+0.13%,'-0.30%,'-2.98%,'22.42,4.36%,'266.52,'-11.18%,酿酒行业
'88,002001.新和成,'24.83,'-0.28%,6.24%,'40.82,'+0.65%,'+2.05%,'+4.07%,'+3.14%,'10.38,2.82%,'763.13,'+16.62%,化学制药
'89,002138.顺络电子,'35.84,'+10.01%,6.23%,'14.13,'-1.00%,'-3.12%,'-0.34%,'-0.52%,'32.27,1.67%,'288.98,'+16.16%,电子元件
'90,600900.长江电力,'27.79,'-1.07%,6.19%,'456.18,'+0.17%,'-1.66%,'-0.54%,'-2.31%,'19.81,3.39%,'6799.72,'-2.90%,电力行业
'91,600522.中天科技,'16.15,'-0.55%,6.17%,'30.47,'+0.35%,'-4.04%,'-2.33%,'-0.27%,'20.52,1.86%,'551.19,'+15.18%,通信设备
'92,601877.正泰电器,'27.90,'+1.79%,6.13%,'29.89,'+0.75%,'+2.05%,'+2.25%,'+2.17%,'13.94,2.15%,'599.56,'+22.42%,电网设备
'93,603986.兆易创新,'174.88,'+10.00%,6.12%,'51.42,'+0.01%,'+1.87%,'+1.81%,'+1.52%,'105.43,0.19%,'1161.26,'+64.21%,半导体
'94,600312.平高电气,'15.90,'+0.57%,6.12%,'12.77,'-5.80%,'-4.42%,'+3.39%,'+5.90%,'19.24,1.82%,'215.75,'-16.43%,电网设备
'95,603606.东方电缆,'54.70,'+3.64%,6.09%,'21.66,'+1.21%,'+0.40%,'+1.94%,'+0.35%,'45.73,0.82%,'376.18,'+5.06%,电网设备
'96,600872.中炬高新,'19.20,'+0.42%,6.02%,'8.90,'-0.30%,'-0.07%,'+1.02%,'+1.46%,'25.17,2.19%,'149.57,'-10.83%,食品饮料
'97,002555.三七互娱,'19.65,'-0.20%,6.01%,'22.97,'+2.81%,'-0.25%,'-2.00%,'-1.45%,'16.08,5.09%,'434.70,'+30.63%,游戏
'98,002624.完美世界,'16.28,'-2.28%,5.99%,'17.63,'+2.71%,'+4.94%,'-3.16%,'+2.80%,'-,1.41%,'315.83,'+60.10%,游戏
'99,601318.中国平安,'58.51,'-2.29%,5.94%,'354.55,'-0.29%,'+0.57%,'-0.63%,'+0.11%,'9.13,4.36%,'6297.23,'+14.35%,保险
'100,002690.美亚光电,'20.26,'+1.30%,5.87%,'8.73,'+0.93%,'-1.71%,'-7.45%,'-5.76%,'27.12,3.46%,'178.74,'+42.41%,专用设备
'101,601838.成都银行,'18.20,'-1.46%,5.83%,'49.63,'+1.04%,'+1.03%,'+1.30%,'-1.27%,'5.80,4.90%,'771.40,'+11.47%,银行
'102,600519.贵州茅台,'1476.10,'-0.26%,5.80%,'1027.06,'-0.55%,'-0.86%,'-1.20%,'-1.42%,'20.55,3.50%,'18484.76,'-1.24%,酿酒行业
'103,600609.金杯汽车,'5.02,'-1.95%,5.78%,'3.99,'-0.82%,'+4.82%,'+5.62%,%,'29.63,'-,'65.49,'-30.28%,汽车零部件
'104,000807.云铝股份,'19.41,'+0.10%,5.67%,'31.45,'-0.45%,'+0.45%,'-4.37%,'+0.73%,'14.55,2.11%,'673.13,'+45.14%,有色金属
'105,600584.长电科技,'41.15,'+3.13%,5.65%,'34.08,'+0.76%,'+0.50%,'+2.34%,'+2.58%,'52.46,0.29%,'736.34,'+1.09%,半导体
'106,300661.圣邦股份,'77.46,'-0.40%,5.64%,'25.36,'+2.42%,'+1.21%,'+1.36%,'+0.42%,'111.99,0.20%,'478.71,'+23.41%,半导体
'107,601012.隆基绿能,'17.08,'-0.52%,5.62%,'63.94,'-0.08%,'+0.83%,'-6.47%,'-7.48%,'-,1.00%,'1294.33,'+8.72%,光伏设备
'108,603323.苏农银行,'5.26,'-0.57%,5.62%,'6.36,'+0.21%,'+0.95%,'+5.04%,%,'5.46,3.11%,'106.18,'+12.63%,银行
'109,300285.国瓷材料,'22.85,'-0.22%,5.61%,'9.70,'-0.14%,'-4.48%,'-12.20%,'-13.58%,'38.40,0.88%,'227.83,'+35.63%,化学制品
'110,002353.杰瑞股份,'47.20,'-0.51%,5.58%,'19.99,'+0.55%,'-5.04%,'-7.77%,'-9.76%,'17.81,1.72%,'483.26,'+30.22%,专用设备
'111,000725.京东方Ａ,'4.20,'-0.71%,5.57%,'81.66,'-2.91%,'-2.59%,'-3.25%,'+1.72%,'34.87,1.19%,'1542.28,'-3.11%,光学光电子
'112,000728.国元证券,'9.14,'-1.08%,5.38%,'18.53,'+1.79%,'+4.05%,'+3.94%,'+3.50%,'15.08,1.75%,'398.85,'+11.56%,证券
'113,300294.博雅生物,'26.39,'-0.83%,5.36%,'7.03,'-0.16%,'+0.28%,'+1.33%,'+2.44%,'63.90,1.21%,'133.07,'-12.32%,生物制品
'114,688777.中控技术,'50.83,'-2.25%,5.33%,'18.94,'-1.03%,'-0.39%,'-0.48%,'+4.82%,'47.08,1.40%,'402.16,'+3.95%,软件开发
'115,600919.江苏银行,'10.72,'-1.02%,5.33%,'116.89,'+0.47%,'-0.09%,'+0.56%,'+1.10%,'5.94,4.86%,'1967.26,'+14.66%,银行
'116,688789.宏华数科,'75.70,'-0.20%,5.20%,'6.82,'+0.91%,'+3.90%,'+5.09%,%,'31.78,1.06%,'135.84,'+14.98%,专用设备
'117,603766.隆鑫通用,'12.58,'-0.47%,5.19%,'13.59,'-0.66%,'+0.04%,'+3.16%,'+4.44%,'16.51,3.18%,'258.34,'+42.24%,交运设备
'118,600988.赤峰黄金,'28.05,'+8.01%,5.16%,'21.36,'-3.87%,'-1.54%,'+3.61%,'+3.57%,'24.53,0.57%,'466.73,'+80.83%,贵金属
'119,002517.恺英网络,'22.30,'-4.17%,5.16%,'21.27,'+0.20%,'+1.58%,'-3.18%,'-2.94%,'27.43,0.90%,'476.43,'+64.81%,游戏
'120,300502.新易盛,'388.50,'+9.07%,5.10%,'64.24,'+3.19%,'+0.51%,'+3.32%,'+1.25%,'65.45,0.08%,'3860.58,'+372.48%,通信设备
'121,601689.拓普集团,'61.51,'-1.76%,5.07%,'41.66,'-0.01%,'+1.41%,'-0.72%,'+2.75%,'41.21,0.84%,'1068.94,'+26.90%,汽车零部件
'122,601717.中创智领,'21.71,'+6.16%,5.04%,'12.92,'+0.41%,'+0.12%,'+2.33%,'+2.01%,'10.20,5.16%,'334.80,'+78.47%,汽车零部件
'123,002027.分众传媒,'8.70,'+4.69%,5.03%,'52.99,'-1.94%,'-3.40%,'-13.90%,'-8.48%,'25.46,3.79%,'1256.47,'+27.33%,文化传媒
'124,301080.百普赛斯,'59.83,'+2.08%,4.99%,'4.28,'+3.13%,'+2.51%,'+3.74%,'+4.90%,'69.00,0.84%,'100.42,'+91.86%,医疗服务
'125,300624.万兴科技,'79.95,'+1.61%,4.98%,'5.98,'+0.89%,'+3.74%,'+4.13%,'+0.81%,'-,'-,'154.57,'+26.60%,软件开发
'126,601168.西部矿业,'19.33,'+3.65%,4.92%,'19.48,'-0.51%,'-3.05%,'-1.16%,'+3.27%,'14.84,5.17%,'460.63,'+28.05%,有色金属
'127,300207.欣旺达,'24.81,'+1.06%,4.91%,'18.19,'-0.32%,'+1.60%,'+0.64%,'+0.04%,'33.24,0.60%,'457.94,'+12.11%,电池
'128,600315.上海家化,'27.12,'-0.66%,4.88%,'6.91,'+2.24%,'+3.37%,'+4.38%,'+3.73%,'-,0.11%,'182.31,'+60.38%,美容护理
'129,600496.精工钢构,'3.61,'-0.82%,4.86%,'3.10,'+1.65%,'+4.42%,'+4.70%,'+4.80%,'14.43,2.22%,'71.84,'+22.80%,水泥建材
'130,002483.润邦股份,'6.62,'-1.19%,4.85%,'2.69,'+0.54%,'+3.95%,'+3.22%,%,'12.87,4.53%,'58.68,'+33.45%,专用设备
'131,600585.海螺水泥,'24.31,'-0.16%,4.83%,'41.46,'+0.03%,'+1.29%,'+0.95%,'-2.89%,'15.38,2.92%,'972.33,'+5.60%,水泥建材
'132,601117.中国化学,'7.75,'-1.40%,4.82%,'22.59,'+0.99%,'+1.36%,'+2.59%,'+3.07%,'8.66,2.40%,'473.28,'-4.31%,工程建设
'133,600123.兰花科创,'6.60,'-0.45%,4.81%,'4.62,'-0.53%,'-0.33%,'+1.67%,'+4.78%,'-,2.27%,'97.23,'-21.16%,煤炭行业
'134,600030.中信证券,'31.17,'-0.98%,4.79%,'161.38,'+0.24%,'+0.94%,'+0.68%,'+0.39%,'18.77,1.67%,'3802.89,'+7.79%,证券
'135,000719.中原传媒,'12.52,'-3.84%,4.79%,'6.08,'+1.64%,'+3.93%,'-0.31%,'+4.78%,'8.92,4.79%,'128.11,'+15.52%,文化传媒
'136,601098.中南传媒,'13.17,'+0.08%,4.78%,'11.27,'+0.11%,'+1.22%,'-1.37%,'-2.71%,'13.08,4.18%,'236.53,'-9.28%,文化传媒
'137,002558.巨人网络,'31.23,'-1.17%,4.76%,'21.69,'+0.59%,'+3.41%,'+2.13%,'+3.31%,'39.11,0.91%,'604.22,'+148.54%,游戏
'138,002249.大洋电机,'8.14,'-1.57%,4.75%,'7.63,'+0.44%,'+1.56%,'+3.16%,'+2.86%,'21.81,2.33%,'198.81,'+41.45%,电机
'139,600699.均胜电子,'20.94,'-1.32%,4.74%,'11.64,'+0.75%,'+2.28%,'+1.74%,'+2.96%,'21.66,1.25%,'292.25,'+35.50%,汽车零部件
'140,002475.立讯精密,'45.27,'-1.54%,4.73%,'119.03,'-1.58%,'-2.81%,'-3.17%,'-3.05%,'26.62,0.44%,'3282.99,'+11.69%,消费电子
'141,002050.三花智控,'31.89,'+0.03%,4.72%,'46.50,'-0.44%,'-6.78%,'-11.63%,'-15.64%,'37.27,1.10%,'1190.26,'+36.92%,家电行业
'142,603308.应流股份,'28.19,'+1.77%,4.72%,'7.40,'-1.51%,'+3.80%,'+4.20%,'+4.69%,'60.77,0.25%,'191.42,'+100.60%,通用设备
'143,002048.宁波华翔,'27.51,'+0.84%,4.71%,'7.05,'+1.23%,'+2.63%,'-1.36%,'+0.92%,'21.37,1.70%,'223.89,'+123.49%,汽车零部件
'144,002745.木林森,'9.05,'-0.66%,4.70%,'5.49,'+1.00%,'+0.37%,'+1.88%,'+0.80%,'62.27,4.53%,'134.32,'+4.44%,光学光电子
'145,000988.华工科技,'75.26,'+10.00%,4.65%,'21.99,'+0.82%,'+2.04%,'+1.60%,'+2.31%,'67.60,0.27%,'756.74,'+74.61%,电子元件
'146,600418.江淮汽车,'54.22,'-0.42%,4.61%,'40.35,'+1.88%,'+1.75%,'+2.98%,'+4.52%,'-,0.04%,'1184.17,'+44.59%,汽车整车
'147,600258.首旅酒店,'15.35,'+0.66%,4.60%,'7.26,'+0.93%,'+3.53%,'+3.05%,'+2.42%,'22.99,2.35%,'171.40,'+7.42%,旅游酒店
'148,688408.中信博,'47.29,'+0.90%,4.59%,'4.69,'+2.70%,'+3.05%,'+3.38%,%,'19.70,2.11%,'103.60,'-32.91%,光伏设备
'149,002318.久立特材,'22.37,'-0.67%,4.57%,'10.44,'+0.19%,'-0.92%,'+1.97%,'+2.11%,'13.20,4.34%,'218.59,'-0.59%,钢铁行业
'150,601229.上海银行,'9.48,'-0.63%,4.57%,'68.94,'+0.26%,'+0.81%,'+1.40%,'+1.09%,'-,5.27%,'1347.01,'+5.79%,银行
'151,300458.全志科技,'52.50,'+12.08%,4.56%,'14.94,'-1.02%,'+3.72%,'+3.75%,'+3.05%,'255.68,0.37%,'433.28,'+76.96%,半导体
'152,000100.TCL科技,'4.59,'-1.08%,4.55%,'36.98,'+0.21%,'+0.99%,'+0.16%,'+1.87%,'73.54,1.04%,'954.76,'-7.75%,光学光电子
'153,000425.徐工机械,'9.89,'+3.45%,4.54%,'41.50,'+0.14%,'+1.88%,'+0.85%,'+0.64%,'16.76,1.82%,'1162.37,'+27.36%,工程机械
'154,600694.大商股份,'19.35,'+1.42%,4.50%,'2.90,'-0.05%,'+0.48%,'+3.81%,'+4.18%,'13.22,4.70%,'67.29,'-15.74%,商业百货
'155,600114.东睦股份,'30.16,'-2.11%,4.48%,'5.61,'+3.07%,'+3.53%,'+3.30%,'+4.47%,'42.25,0.97%,'190.43,'+89.30%,通用设备
'156,002419.天虹股份,'5.79,'-1.20%,4.47%,'2.80,'+0.22%,'+2.76%,'+3.21%,'+3.36%,'282.66,1.04%,'67.68,'-0.11%,商业百货
'157,002648.卫星化学,'20.00,'-0.45%,4.46%,'26.04,'-3.75%,'-4.43%,'-7.22%,'-5.42%,'10.04,2.50%,'673.73,'+9.65%,化学原料
'158,601169.北京银行,'6.07,'+1.17%,4.46%,'64.38,'-0.06%,'-0.15%,'+0.33%,'+0.97%,'4.87,5.27%,'1283.38,'+3.57%,银行
'159,002250.联化科技,'11.95,'+5.01%,4.43%,'4.44,'+2.34%,'+3.49%,'+0.55%,'+2.63%,'34.37,0.17%,'108.90,'+117.28%,农药兽药
'160,600741.华域汽车,'19.56,'+2.14%,4.42%,'24.61,'+0.75%,'-0.48%,'-2.34%,'-2.88%,'10.58,4.09%,'616.67,'+16.01%,汽车零部件
'161,600089.特变电工,'14.72,'+3.95%,4.40%,'26.52,'+1.32%,'+1.55%,'+1.72%,'-1.02%,'19.68,1.70%,'743.77,'+17.89%,电网设备
'162,002379.宏创控股,'18.25,'-0.98%,4.39%,'6.62,'+2.42%,'+3.95%,%,%,'-,'-,'207.39,'+103.46%,有色金属
'163,002466.天齐锂业,'43.86,'-0.23%,4.39%,'20.77,'+0.59%,'-0.51%,'+0.02%,'+3.59%,'-,'-,'647.86,'+32.91%,能源金属
'164,688223.晶科能源,'5.69,'+0.35%,4.38%,'22.72,'+0.58%,'+2.94%,'+3.59%,%,'-,'-,'569.30,'-19.97%,光伏设备
'165,601528.瑞丰银行,'5.59,'-0.36%,4.37%,'4.96,'+0.26%,'+3.04%,'+4.23%,%,'6.12,3.58%,'109.68,'+3.21%,银行
'166,600073.光明肉业,'7.34,'-2.39%,4.35%,'3.01,'+2.58%,'+3.70%,'+3.28%,'+2.32%,'86.51,0.95%,'68.83,'+6.79%,食品饮料
'167,600060.海信视像,'22.05,'-0.23%,4.35%,'13.05,'-0.18%,'+1.56%,'+1.71%,'+4.29%,'14.48,3.99%,'287.75,'+15.06%,家电行业
'168,002460.赣锋锂业,'40.67,'+1.88%,4.35%,'23.68,'+0.02%,'-0.49%,'-3.61%,'-3.59%,'-,0.37%,'656.25,'+16.68%,能源金属
'169,002839.张家港行,'4.49,'-0.66%,4.34%,'4.78,'-0.36%,'-0.41%,'+2.25%,'+0.89%,'5.71,4.45%,'109.75,'+7.59%,银行
'170,002032.苏泊尔,'51.61,'+0.35%,4.34%,'18.21,'-0.75%,'-2.84%,'-4.84%,'-4.09%,'20.18,5.44%,'413.58,'+1.83%,家电行业
'171,600309.万华化学,'69.02,'+0.61%,4.33%,'73.76,'-0.29%,'-4.66%,'-5.24%,'-3.37%,'18.78,1.82%,'2160.65,'-1.98%,化学制品
'172,600710.苏美达,'10.31,'-2.55%,4.33%,'5.44,'-0.13%,'+1.19%,'+2.19%,%,'11.79,3.58%,'134.73,'+15.24%,贸易行业
'173,603659.璞泰来,'23.84,'+6.33%,4.33%,'17.38,'-0.01%,'+1.05%,'-2.93%,'-2.85%,'39.57,0.71%,'509.32,'+51.37%,电池
'174,600029.南方航空,'5.97,'-1.16%,4.32%,'34.33,'-0.02%,'+0.11%,'-1.09%,'-0.45%,'-,'-,'804.57,'-8.01%,航空机场
'175,601058.赛轮轮胎,'14.43,'+1.83%,4.31%,'18.59,'+0.86%,'+1.26%,'+2.12%,'+2.58%,'12.60,2.63%,'474.47,'+2.61%,橡胶制品
'176,600048.保利发展,'7.89,'-0.88%,4.30%,'41.67,'+1.37%,'+0.86%,'+1.53%,'+0.02%,'-,2.15%,'944.47,'-9.03%,房地产开发
'177,601077.渝农商行,'6.38,'+1.43%,4.28%,'27.05,'-0.62%,'+0.38%,'+0.24%,'+1.54%,'6.14,4.77%,'564.23,'+10.62%,银行
'178,600926.杭州银行,'15.69,'-1.13%,4.28%,'52.09,'+0.14%,'+1.48%,'+2.09%,'+2.01%,'6.16,3.74%,'1137.37,'+9.16%,银行
'179,000001.平安银行,'11.89,'-1.33%,4.27%,'100.07,'+0.88%,'+0.67%,'-1.63%,'-4.86%,'5.26,5.11%,'2307.36,'+4.83%,银行
'180,002489.浙江永强,'3.79,'+0.27%,4.27%,'3.39,'+2.35%,'+3.43%,'+1.94%,'+2.41%,'38.34,1.06%,'82.21,'+18.20%,家用轻工
'181,000700.模塑科技,'9.27,'-3.24%,4.26%,'3.07,'+0.28%,'+3.45%,'+4.26%,'+4.24%,'19.68,3.52%,'85.10,'+36.14%,汽车零部件
'182,600298.安琪酵母,'40.23,'+1.57%,4.25%,'12.98,'+0.16%,'+0.86%,'+0.98%,'-5.41%,'26.54,1.37%,'349.25,'+13.31%,食品饮料
'183,300203.聚光科技,'21.25,'+2.26%,4.24%,'4.21,'+2.87%,'+2.75%,'+1.02%,'+3.66%,'279.17,1.18%,'95.36,'+41.32%,环保行业
'184,600801.华新水泥,'16.28,'+3.43%,4.23%,'6.74,'-0.50%,'+2.05%,'+1.87%,'-0.16%,'15.57,2.83%,'218.85,'+39.94%,水泥建材
'185,601888.中国中免,'69.31,'+0.03%,4.23%,'50.40,'+0.80%,'-0.35%,'-5.43%,'-6.09%,'40.95,1.51%,'1353.26,'+5.25%,旅游酒店
'186,601997.贵阳银行,'6.14,'-0.81%,4.23%,'9.65,'+0.08%,'-0.22%,'+0.70%,'+2.54%,'4.57,4.72%,'224.49,'+7.41%,银行
'187,600125.铁龙物流,'6.17,'+4.40%,4.22%,'3.12,'+0.14%,'-0.28%,'-0.52%,'-1.38%,'17.30,1.46%,'80.55,'+5.70%,物流行业
'188,002284.亚太股份,'11.85,'-1.25%,4.21%,'3.44,'+1.38%,'+3.40%,'+3.62%,'+4.19%,'30.84,0.42%,'87.58,'+53.81%,汽车零部件
'189,300274.阳光电源,'99.20,'-0.67%,4.20%,'58.99,'-0.06%,'-5.98%,'-7.35%,'-10.93%,'15.46,1.09%,'2056.63,'+36.64%,光伏设备
'190,600050.中国联通,'5.70,0.00%,4.20%,'70.19,'+0.49%,'+1.16%,'+0.18%,'+1.51%,'24.68,2.80%,'1782.07,'+8.60%,通信服务
'191,600410.华胜天成,'23.08,'-1.75%,4.15%,'4.36,'-1.03%,'+3.19%,'+2.87%,'+4.07%,'300.00,0.03%,'253.07,'+218.99%,互联网服务
'192,300113.顺网科技,'26.30,'-1.87%,4.15%,'5.61,'+0.07%,'+3.00%,'+3.06%,'+2.90%,'67.22,0.34%,'179.78,'+57.20%,游戏
'193,002543.万和电气,'11.98,'-1.24%,4.15%,'3.43,'+0.02%,'-2.24%,'+3.65%,'+4.15%,'13.33,3.67%,'89.08,'+19.35%,家电行业
'194,002174.游族网络,'16.22,'-4.53%,4.13%,'4.68,'+3.26%,'+3.11%,'+1.62%,'+2.71%,'-,0.01%,'158.55,'+73.48%,游戏
'195,002273.水晶光电,'27.32,'-1.80%,4.12%,'11.45,'-3.85%,'+0.08%,'+1.21%,'+1.19%,'37.60,1.10%,'379.92,'+24.20%,光学光电子
'196,601600.中国铝业,'7.85,'+0.26%,4.12%,'38.29,'+0.03%,'-1.14%,'-0.10%,'+2.54%,'11.16,2.76%,'1037.12,'+8.75%,有色金属
'197,603298.杭叉集团,'24.87,'+7.11%,4.11%,'11.27,'-0.54%,'-0.59%,'+2.74%,'+2.95%,'15.53,2.01%,'325.75,'+42.71%,工程机械
'198,002572.索菲亚,'13.65,'-0.94%,4.11%,'5.55,'-1.93%,'-8.41%,'-8.14%,'-6.52%,'13.27,7.33%,'131.46,'-14.94%,装修建材
'199,600588.用友网络,'16.24,'-1.40%,4.10%,'18.74,'+0.34%,'+0.31%,'-3.16%,'-3.16%,'-,'-,'554.92,'+51.35%,软件开发
'200,600941.中国移动,'106.99,'-0.01%,4.09%,'41.60,'+2.02%,'+2.29%,'+3.22%,'+4.04%,'18.06,6.70%,'965.87,'-5.50%,通信服务
'201,603345.安井食品,'74.88,'+0.78%,4.07%,'9.60,'-0.26%,'-5.47%,'-3.92%,'-0.40%,'20.96,4.47%,'219.62,'-5.72%,食品饮料
'202,002697.红旗连锁,'6.02,'+1.18%,4.06%,'2.95,'+0.73%,'-1.99%,'-0.56%,'+2.60%,'16.46,1.91%,'81.87,'+4.00%,商业百货
'203,301029.怡合达,'27.28,'+0.29%,4.06%,'5.88,'+0.01%,'+2.75%,'+0.53%,'+3.94%,'38.09,1.65%,'173.01,'+12.50%,通用设备
'204,603083.剑桥科技,'93.95,'+0.32%,4.05%,'5.14,'+3.54%,'+3.40%,'+3.69%,%,'122.43,0.27%,'251.80,'+132.49%,通信设备
'205,688608.恒玄科技,'280.99,'-0.70%,4.04%,'16.87,'-0.79%,'+1.35%,'+3.59%,%,'83.51,0.50%,'473.09,'+21.24%,半导体
'206,300435.中泰股份,'18.08,'-0.60%,4.04%,'2.36,'+1.70%,'+3.90%,'+3.23%,%,'-,1.11%,'69.74,'+51.86%,燃气
'207,600809.山西汾酒,'200.60,'-0.70%,4.02%,'86.43,'+0.17%,'+0.73%,'+0.70%,'+1.21%,'19.81,3.02%,'2447.25,'+12.74%,酿酒行业
'208,600486.扬农化工,'74.55,'+1.50%,4.02%,'9.45,'+0.20%,'-1.83%,'+0.15%,'-1.59%,'24.76,0.91%,'302.22,'+30.21%,农药兽药
'209,000538.云南白药,'59.29,'+2.97%,3.98%,'39.66,'+0.16%,'+0.11%,'-0.48%,'-0.98%,'21.82,4.04%,'1057.89,'+0.98%,中药
'210,002705.新宝股份,'15.82,'-3.30%,3.98%,'4.75,'-0.38%,'-3.88%,'+2.84%,'+2.74%,'11.42,2.84%,'128.44,'+8.85%,家电行业
'211,300014.亿纬锂能,'55.87,'-2.31%,3.97%,'37.24,'-0.17%,'+0.62%,'-1.06%,'-2.56%,'40.54,0.89%,'1142.94,'+20.86%,电池
'212,300298.三诺生物,'20.96,'+0.05%,3.96%,'5.05,'+1.12%,'-2.35%,'-3.95%,'-2.96%,'42.79,1.06%,'117.43,'-18.01%,医疗器械
'213,002557.洽洽食品,'23.17,'+3.58%,3.95%,'4.32,'+0.05%,'-5.91%,'-16.43%,'-16.68%,'21.99,5.61%,'117.21,'-15.77%,食品饮料
'214,600460.士兰微,'31.83,'-1.97%,3.91%,'16.17,'+1.36%,'+1.73%,'+1.89%,'+1.37%,'134.28,0.13%,'529.67,'+22.53%,半导体
'215,688169.石头科技,'212.00,'-1.34%,3.91%,'15.85,'+0.03%,'-6.27%,'+1.05%,'+1.05%,'43.63,0.36%,'549.31,'+36.05%,家电行业
'216,603129.春风动力,'272.00,'+1.99%,3.88%,'12.81,'-1.66%,'+1.79%,'+1.59%,'+3.00%,'24.34,1.42%,'415.01,'+76.96%,交运设备
'217,601668.中国建筑,'5.56,'-0.54%,3.88%,'92.55,'+0.87%,'-0.67%,'-0.50%,'-1.10%,'5.45,4.88%,'2297.41,'-3.01%,工程建设
'218,600803.新奥股份,'18.76,'-0.21%,3.88%,'22.68,'+0.25%,'-0.05%,'-1.88%,'-1.64%,'14.06,5.49%,'581.01,'-8.73%,燃气
'219,600742.富维股份,'10.35,'-2.36%,3.87%,'2.74,'+0.85%,'+3.01%,'+2.34%,'+2.61%,'14.44,3.38%,'76.91,'+21.40%,汽车零部件
'220,601886.江河集团,'7.71,'-0.13%,3.87%,'2.69,0.00%,'+2.55%,'+3.69%,'+3.81%,'18.28,7.13%,'87.35,'+52.87%,装修装饰
'221,300136.信维通信,'27.20,'-1.38%,3.87%,'8.38,'+3.11%,'+1.34%,'+0.96%,'+2.63%,'52.57,0.18%,'263.18,'+7.16%,消费电子
'222,600976.健民集团,'42.63,'+0.47%,3.86%,'2.32,'+1.32%,'+3.34%,'+1.77%,'+3.81%,'21.47,2.11%,'65.39,'+4.48%,中药
'223,600987.航民股份,'7.31,'+1.11%,3.86%,'2.79,'+0.60%,'+2.37%,'+2.27%,'+3.67%,'10.71,4.10%,'74.62,'+9.85%,纺织服装
'224,600111.北方稀土,'56.55,'-0.46%,3.84%,'34.53,'+1.12%,'+1.06%,'+1.58%,'+1.52%,'114.70,0.06%,'2044.32,'+166.88%,小金属
'225,603279.景津装备,'15.69,'+0.06%,3.81%,'3.28,'-0.62%,'-0.54%,'-3.85%,'+1.16%,'12.64,6.76%,'90.45,'-10.04%,通用设备
'226,000524.岭南控股,'13.91,'+3.73%,3.81%,'3.00,'+0.11%,'+3.67%,'+3.43%,%,'133.22,0.58%,'93.23,'+44.69%,旅游酒店
'227,002033.丽江股份,'9.29,'+1.20%,3.80%,'1.82,'-0.02%,'+3.49%,'+0.71%,'+3.80%,'25.25,3.77%,'51.05,'+9.02%,旅游酒店
'228,000776.广发证券,'21.67,'-0.96%,3.80%,'37.72,'-0.40%,'+2.58%,'+2.60%,'+2.54%,'15.18,2.31%,'1279.41,'+36.82%,证券
'229,002821.凯莱英,'110.78,'+3.61%,3.80%,'11.17,'+1.14%,'+0.96%,'-0.20%,'-0.60%,'41.29,0.99%,'368.94,'+47.48%,医疗服务
'230,600109.国金证券,'10.36,'+0.48%,3.80%,'12.37,'+1.94%,'+2.47%,'+2.83%,'+2.06%,'17.42,1.16%,'384.62,'+20.23%,证券
'231,600745.闻泰科技,'42.83,'-1.38%,3.79%,'15.81,'+0.77%,'+0.68%,'+1.36%,'+0.43%,'-,0.29%,'533.05,'+10.44%,消费电子
'232,601377.兴业证券,'6.70,'-1.62%,3.78%,'20.19,'+0.75%,'+1.50%,'+2.03%,'+1.98%,'24.09,1.94%,'578.61,'+8.62%,证券
'233,002311.海大集团,'60.77,'-1.19%,3.78%,'36.83,'-1.68%,'-3.45%,'-2.50%,'-1.45%,'19.59,1.81%,'1011.06,'+26.24%,农牧饲渔
'234,002142.宁波银行,'28.52,'+1.06%,3.77%,'68.10,'-0.08%,'-1.06%,'-1.73%,'-2.64%,'6.64,3.16%,'1883.34,'+21.23%,银行
'235,688123.聚辰股份,'90.01,'+1.33%,3.76%,'4.82,'+0.25%,'-0.46%,'+3.40%,%,'48.01,0.33%,'142.32,'+54.46%,半导体
'236,688256.寒武纪-U,'1448.39,'-2.95%,3.75%,'94.46,'+0.05%,'+1.52%,'+2.69%,%,'300.00,'-,'6059.34,'+120.12%,半导体
'237,688095.福昕软件,'89.20,'-1.19%,3.74%,'2.32,'+1.85%,'+0.99%,'+3.29%,%,'-,0.34%,'81.56,'+33.43%,软件开发
'238,600380.健康元,'13.66,'+9.98%,3.74%,'7.54,'+0.82%,'-2.26%,'-0.92%,'-1.85%,'18.83,1.46%,'249.90,'+23.21%,化学制药
'239,002202.金风科技,'11.26,'-1.40%,3.74%,'13.23,'+1.16%,'+0.75%,'-3.77%,'-2.69%,'26.85,1.24%,'388.64,'+10.52%,风电设备
'240,300054.鼎龙股份,'32.12,'+2.23%,3.73%,'10.11,'-0.27%,'-1.34%,'-2.02%,'+2.13%,'53.65,0.31%,'303.59,'+23.88%,电子化学品
'241,300308.中际旭创,'406.10,'+14.42%,3.72%,'60.25,'-0.80%,'-6.43%,'+0.74%,'-4.85%,'67.24,0.12%,'4512.25,'+230.12%,通信设备
'242,600718.东软集团,'10.77,'+0.56%,3.72%,'4.38,'-0.08%,'+1.97%,'+2.12%,'+3.70%,'-,1.41%,'128.08,'+1.58%,互联网服务
'243,688111.金山办公,'332.20,'-0.69%,3.71%,'48.17,'-0.07%,'-0.97%,'+0.32%,'+0.07%,'96.41,0.27%,'1538.68,'+16.39%,软件开发
'244,601019.山东出版,'8.68,'-5.24%,3.70%,'7.31,'-0.46%,'-1.72%,'-2.14%,'-0.16%,'13.66,3.57%,'181.14,'-21.28%,文化传媒
'245,000603.盛达资源,'19.15,'+9.99%,3.70%,'3.81,'+0.20%,'+0.75%,'+1.63%,'+2.68%,'51.50,0.52%,'132.13,'+60.75%,有色金属
'246,600153.建发股份,'10.80,'-7.22%,3.69%,'11.09,'+1.10%,'+1.36%,'+1.04%,'-0.41%,'18.08,6.59%,'313.15,'+10.17%,贸易行业
'247,603993.洛阳钼业,'13.53,'+9.47%,3.69%,'54.52,'+0.40%,'-0.79%,'-2.13%,'+1.59%,'17.85,1.90%,'2362.45,'+109.99%,小金属
'248,601939.建设银行,'9.04,'+0.44%,3.68%,'73.52,'-3.69%,'-4.02%,'-3.37%,'-1.62%,'7.11,2.02%,'1914.95,'+7.59%,银行
'249,600019.宝钢股份,'6.89,'-0.58%,3.68%,'53.08,'-0.05%,'-0.61%,'-1.37%,'-1.75%,'20.43,3.07%,'1500.79,'-0.10%,钢铁行业
'250,600958.东方证券,'11.29,'-1.83%,3.68%,'26.61,'+0.54%,'+1.42%,'+1.55%,'+2.14%,'20.87,1.55%,'843.30,'+8.00%,证券
'251,603806.福斯特,'14.78,'-1.53%,3.67%,'12.42,'+0.80%,'+0.89%,'-1.59%,'-0.28%,'46.32,1.76%,'385.57,'+1.95%,光伏设备
'252,600438.通威股份,'22.58,'+2.50%,3.65%,'27.49,'-0.66%,'-1.61%,'-0.38%,'-3.55%,'-,'-,'1016.55,'+2.13%,光伏设备
'253,600491.龙元建设,'3.49,'+0.58%,3.65%,'2.06,'+0.80%,'+3.22%,'+3.14%,'+3.35%,'-,'-,'53.39,'-6.68%,工程建设
'254,601577.长沙银行,'9.63,'+0.21%,3.61%,'14.44,'-0.17%,'+0.61%,'+1.81%,'+0.52%,'4.82,4.36%,'387.28,'+12.90%,银行
'255,603929.亚翔集成,'42.47,'-0.70%,3.60%,'2.69,'-0.52%,'+3.58%,'+3.57%,'+3.55%,'16.20,2.35%,'90.61,'+58.69%,装修装饰
'256,600426.华鲁恒升,'27.99,'+2.04%,3.60%,'16.55,'+0.41%,'-1.22%,'-1.75%,'-1.28%,'18.61,2.14%,'594.29,'+31.34%,化学原料
'257,600150.中国船舶,'38.92,'+4.12%,3.58%,'52.07,'+0.76%,'+0.04%,'+1.62%,'+2.10%,'36.54,0.64%,'1740.67,'+9.12%,船舶制造
'258,600196.复星医药,'30.68,'+6.38%,3.58%,'19.04,'+0.53%,'+1.22%,'+1.69%,'+1.38%,'40.54,1.04%,'649.95,'+24.90%,化学制药
'259,688279.峰岹科技,'204.78,'-0.78%,3.58%,'6.14,'+2.00%,'+3.21%,'+3.33%,%,'122.64,0.38%,'189.14,'+30.32%,半导体
'260,605117.德业股份,'63.74,'-1.41%,3.57%,'17.00,'+0.04%,'+1.56%,'+1.23%,'+1.77%,'18.57,4.26%,'576.50,'+8.56%,光伏设备
'261,000680.山推股份,'9.68,'+0.52%,3.57%,'4.80,'+0.53%,'+1.29%,'+1.84%,'+2.93%,'12.78,0.93%,'145.21,'+0.73%,工程机械
'262,688668.XD鼎通科,'129.85,'-3.81%,3.55%,'3.09,'+2.91%,'+2.72%,'+2.96%,%,'116.72,0.54%,'180.75,'+180.44%,通信设备
'263,601816.京沪高铁,'5.26,'-1.50%,3.54%,'99.56,'+0.91%,'+1.19%,'+2.19%,'+1.92%,'20.22,2.25%,'2573.49,'-12.80%,铁路公路
'264,601166.兴业银行,'21.81,'-2.68%,3.53%,'174.30,'-0.27%,'-0.73%,'+0.22%,'-0.85%,'6.01,4.86%,'4615.61,'+19.14%,银行
'265,603288.海天味业,'41.22,'-0.53%,3.52%,'76.07,'+0.01%,'+0.09%,'-2.43%,'-2.85%,'36.77,2.09%,'2292.08,'-8.42%,食品饮料
'266,603609.禾丰股份,'8.60,'-0.81%,3.52%,'2.65,'+0.90%,'+2.53%,'+2.42%,'+2.69%,'15.10,0.67%,'78.47,'+0.39%,农牧饲渔
'267,601919.中远海控,'15.19,'-0.59%,3.50%,'66.45,'+0.72%,'-0.27%,'+1.00%,'+1.32%,'4.74,10.25%,'1915.45,'+4.66%,航运港口
'268,600016.民生银行,'4.51,'-1.96%,3.50%,'58.96,'+0.51%,'+0.72%,'+0.86%,'+1.57%,'6.31,4.26%,'1599.34,'+10.47%,银行
'269,300973.立高食品,'49.98,'-0.81%,3.48%,'2.87,'+2.27%,'+1.46%,'+2.03%,'+3.13%,'28.66,1.40%,'84.64,'+29.36%,食品饮料
'270,600547.山东黄金,'35.94,'+7.73%,3.46%,'39.97,'+0.95%,'+0.43%,'+0.29%,'+1.06%,'36.65,0.63%,'1299.03,'+59.56%,贵金属
'271,601766.中国中车,'7.59,'-1.04%,3.46%,'59.28,'+0.33%,'+0.73%,'-0.35%,'+2.08%,'16.20,2.77%,'1846.48,'-6.83%,交运设备
'272,003006.百亚股份,'30.12,'-1.82%,3.46%,'4.07,'-0.18%,'-0.90%,'+1.77%,'+3.41%,'48.95,1.82%,'129.41,'+27.85%,美容护理
'273,002322.理工能科,'13.32,'-1.04%,3.46%,'1.59,'+0.76%,'+3.45%,'+3.45%,'+3.45%,'20.97,5.78%,'50.50,'+8.85%,软件开发
'274,002384.东山精密,'68.82,'+4.24%,3.46%,'23.97,'+0.57%,'+0.43%,'-0.56%,'-0.48%,'121.27,0.09%,'1260.51,'+136.27%,电子元件
'275,002409.雅克科技,'61.79,'+2.93%,3.46%,'9.00,'-0.64%,'-1.86%,'+1.27%,'+1.80%,'32.65,0.94%,'294.08,'+7.14%,电子化学品
'276,300570.太辰光,'142.15,'+1.76%,3.44%,'7.53,'+0.60%,'+2.94%,'+3.42%,'+3.39%,'93.22,0.56%,'322.86,'+97.25%,通信设备
'277,603179.新泉股份,'50.30,'+0.70%,3.41%,'7.80,'+1.22%,'+1.08%,'+2.92%,%,'25.17,0.60%,'245.11,'+18.58%,汽车零部件
'278,603995.甬金股份,'18.36,'+1.21%,3.41%,'2.21,0.00%,'+1.43%,'+3.10%,%,'10.11,2.72%,'67.13,'+3.46%,钢铁行业
'279,601567.三星医疗,'23.27,'+1.04%,3.40%,'10.76,'+0.28%,'-2.37%,'+0.45%,'+2.41%,'14.47,3.84%,'327.00,'-21.35%,电网设备
'280,600346.恒力石化,'17.75,'+0.80%,3.40%,'34.10,'+0.33%,'+0.38%,'+1.09%,'+1.83%,'31.52,2.54%,'1249.44,'+19.28%,化纤行业
'281,600009.上海机场,'32.36,'+0.12%,3.39%,'26.77,'+0.34%,'-0.18%,'-3.02%,'-6.02%,'49.37,1.24%,'805.27,'-4.35%,航空机场
'282,000729.燕京啤酒,'12.54,'-0.48%,3.39%,'12.36,'+0.27%,'+0.74%,'-0.07%,'-0.34%,'26.45,1.52%,'353.44,'+5.70%,酿酒行业
'283,601127.赛力斯,'143.89,'+5.10%,3.36%,'73.65,'+0.86%,'+1.38%,'+2.31%,'+3.36%,'35.56,0.89%,'2350.25,'+8.69%,汽车整车
'284,688099.晶晨股份,'98.71,'-1.32%,3.36%,'10.05,'-0.56%,'+0.05%,'+1.59%,'+1.16%,'48.14,'-,'415.67,'+43.72%,半导体
'285,600875.东方电气,'19.87,'+0.46%,3.35%,'17.09,'+0.71%,'+0.33%,'+0.62%,'+1.65%,'31.30,2.03%,'606.11,'+27.58%,电源设备
'286,002367.康力电梯,'7.12,'-2.33%,3.35%,'1.88,'+0.03%,'+0.60%,'+0.89%,'+1.55%,'18.38,4.22%,'56.80,'+8.15%,专用设备
'287,002807.江阴银行,'4.80,0.00%,3.35%,'3.92,'-0.82%,'-0.69%,'+0.48%,'+0.54%,'5.56,4.17%,'118.15,'+15.58%,银行
'288,002955.鸿合科技,'26.85,'-1.54%,3.33%,'1.93,'-0.91%,'+0.03%,'+2.61%,'+3.30%,'84.51,9.54%,'63.54,'+19.80%,光学光电子
'289,600061.国投资本,'8.19,'-1.80%,3.33%,'16.02,'+1.08%,'+2.39%,'+0.97%,'+2.94%,'17.12,1.55%,'523.67,'+10.74%,证券
'290,002847.盐津铺子,'75.53,'+1.37%,3.32%,'7.28,'+0.40%,'+0.73%,'+1.99%,'+1.86%,'32.74,2.12%,'206.03,'+22.19%,食品饮料
'291,600362.江西铜业,'28.96,'+3.80%,3.31%,'16.07,'+1.23%,'-2.70%,'-1.91%,'+1.04%,'13.12,2.42%,'600.99,'+44.43%,有色金属
'292,688018.乐鑫科技,'218.18,'+0.26%,3.31%,'7.57,'+0.94%,'+1.04%,'+2.35%,%,'85.09,0.20%,'341.89,'+40.21%,半导体
'293,300533.冰川网络,'41.80,'-3.80%,3.30%,'2.59,%,'+2.08%,'+3.15%,%,'17.74,'-,'98.01,'+111.54%,游戏
'294,600600.青岛啤酒,'69.44,'-0.09%,3.29%,'16.21,'-0.31%,'+0.52%,'+0.02%,'+0.58%,'22.79,3.17%,'492.42,'-11.47%,酿酒行业
'295,300316.晶盛机电,'30.46,'+0.96%,3.29%,'11.68,'+0.22%,'-1.78%,'-7.35%,'-2.48%,'44.31,1.31%,'398.88,'-3.13%,光伏设备
'296,002595.豪迈科技,'59.59,'-0.58%,3.29%,'15.61,'-0.07%,'+0.37%,'-0.43%,'-1.29%,'22.28,1.30%,'476.72,'+19.55%,专用设备
'297,601211.国泰海通,'20.63,'-1.62%,3.28%,'88.73,'-0.21%,'+0.66%,'+0.79%,'+1.19%,'23.99,1.74%,'2913.61,'+12.14%,证券
'298,000528.柳工,'11.04,'+0.73%,3.27%,'6.35,'-3.03%,'-1.95%,'-0.97%,'+1.34%,'16.20,2.46%,'223.79,'-5.92%,工程机械
'299,000888.峨眉山Ａ,'14.60,'+0.83%,3.27%,'2.42,'-2.23%,'+2.69%,'+3.27%,'+3.27%,'34.12,1.71%,'76.93,'+12.39%,旅游酒店
'300,603337.杰克股份,'48.01,'-3.46%,3.26%,'5.58,'+0.35%,'+2.60%,'+2.81%,'+2.76%,'28.06,1.68%,'228.73,'+59.63%,专用设备
'301,603893.瑞芯微,'233.99,'-5.00%,3.26%,'20.82,'+1.64%,'+1.11%,'+2.38%,'+2.83%,'112.22,0.38%,'984.46,'+113.83%,半导体
'302,688606.奥泰生物,'71.70,'-1.67%,3.25%,'1.73,'+0.20%,'+1.66%,'+3.19%,%,'22.41,4.18%,'56.84,'+15.77%,医疗器械
'303,002372.伟星新材,'10.69,'-0.83%,3.23%,'5.33,'-1.64%,'-3.86%,'-5.84%,'-6.99%,'20.13,5.61%,'170.19,'-11.69%,装修建材
'304,600015.华夏银行,'7.42,'-1.98%,3.22%,'40.54,'+0.25%,'-0.02%,'+0.38%,'+0.79%,'4.45,5.46%,'1180.89,'-2.54%,银行
'305,300476.胜宏科技,'270.37,'+1.15%,3.21%,'37.17,'-0.82%,'+1.91%,'+1.95%,'+2.52%,'82.45,0.11%,'2332.45,'+545.00%,电子元件
'306,300496.中科创达,'78.31,'-0.91%,3.21%,'8.46,'+2.40%,'+1.40%,'-2.14%,'-5.32%,'161.32,0.23%,'360.24,'+31.62%,互联网服务
'307,300679.电连技术,'49.75,'-2.05%,3.20%,'6.15,'-0.50%,'+0.13%,'+2.12%,'+2.04%,'38.05,0.95%,'211.35,'-15.77%,消费电子
'308,600489.中金黄金,'17.57,'+10.02%,3.20%,'22.71,'+0.58%,'-0.23%,'+0.89%,'+2.89%,'17.68,2.21%,'851.67,'+49.97%,贵金属
'309,603855.华荣股份,'20.61,'-3.24%,3.20%,'2.39,'-3.04%,'+0.74%,'-0.14%,%,'15.22,4.85%,'69.56,'+6.62%,专用设备
'310,688617.惠泰医疗,'305.49,'+7.43%,3.20%,'13.39,'+0.44%,'-0.46%,'+1.48%,%,'59.33,0.40%,'430.78,'+19.49%,医疗器械
'311,688981.中芯国际,'114.76,'-3.74%,3.19%,'55.99,'+1.32%,'+1.73%,'+2.98%,'+3.00%,'281.07,'-,'2281.84,'+21.29%,半导体
'312,601601.中国太保,'39.60,'-1.76%,3.19%,'82.03,'-0.49%,'-0.80%,'-1.67%,'+0.48%,'8.28,2.73%,'2710.64,'+19.62%,保险
'313,600436.片仔癀,'207.33,'-0.90%,3.19%,'38.48,'+0.69%,'+0.84%,'+0.26%,'+0.16%,'45.60,1.43%,'1250.86,'-2.47%,中药
'314,000977.浪潮信息,'68.93,'+2.65%,3.18%,'23.82,'+0.78%,'+1.52%,'+0.74%,'+0.80%,'47.77,0.23%,'1014.74,'+33.29%,计算机设备
'315,300454.深信服,'128.06,'-1.11%,3.18%,'12.63,'-0.62%,'+1.78%,'-1.18%,'-2.78%,'114.39,0.05%,'540.26,'+123.25%,软件开发
'316,002727.一心堂,'14.94,'+1.70%,3.17%,'3.04,'-3.62%,'-1.24%,'-4.78%,'+0.18%,'44.77,2.01%,'87.49,'+16.67%,医药商业
'317,601128.常熟银行,'7.51,'-0.13%,3.17%,'7.74,'-0.02%,'-0.51%,'+0.45%,'-2.98%,'6.18,3.03%,'249.07,'+12.65%,银行
'318,002812.恩捷股份,'32.60,'+0.93%,3.16%,'8.96,'+0.65%,'-0.90%,'-2.97%,'-8.88%,'-,'-,'315.62,'+1.91%,电池
'319,002204.大连重工,'6.35,'-0.16%,3.16%,'3.64,'+1.14%,'+2.23%,'+2.06%,'+1.72%,'32.94,0.79%,'122.64,'+28.56%,工程机械
'320,000915.华特达因,'33.47,'+0.54%,3.15%,'2.61,'-0.11%,'-3.05%,'-0.24%,'+0.55%,'15.54,7.47%,'78.43,'+26.59%,化学制药
'321,300347.泰格医药,'65.09,'+2.49%,3.15%,'12.41,'+0.61%,'+0.14%,'-6.54%,'-10.52%,'131.77,0.46%,'480.30,'+19.86%,医疗服务
'322,600160.巨化股份,'39.02,'+0.85%,3.15%,'24.36,'+0.94%,'+0.49%,'+1.26%,'+0.69%,'33.60,0.59%,'1053.44,'+63.19%,化学制品
'323,688041.海光信息,'208.96,'+7.42%,3.15%,'103.32,'+0.37%,'+1.25%,%,%,'232.59,0.08%,'4856.94,'+39.67%,半导体
'324,300628.亿联网络,'38.04,'+0.66%,3.14%,'13.81,'-2.08%,'+1.00%,'+1.00%,'+1.33%,'20.61,4.98%,'481.80,'+2.27%,通信设备
'325,603899.晨光股份,'30.86,'+1.31%,3.13%,'8.35,'+0.50%,'-1.41%,'-4.00%,'-3.39%,'25.19,3.25%,'284.21,'+5.61%,家用轻工
'326,603515.欧普照明,'18.16,'-1.25%,3.13%,'4.20,'+0.19%,'-0.39%,'-0.43%,'+0.26%,'19.17,4.96%,'135.08,'+16.08%,家电行业
'327,600531.豫光金铅,'9.91,'+9.99%,3.13%,'2.64,'+0.57%,'-0.24%,'+1.78%,'+2.16%,'13.26,2.27%,'108.04,'+58.80%,有色金属
'328,002416.爱施德,'12.43,'-0.32%,3.13%,'4.67,'-0.88%,'+0.88%,'+2.24%,'+2.19%,'42.78,4.02%,'154.04,'-20.18%,商业百货
'329,600845.宝信软件,'25.63,'+1.22%,3.11%,'15.85,'-0.68%,'-0.06%,'-2.13%,'-4.73%,'47.02,2.36%,'550.26,'-10.31%,互联网服务
'330,600999.招商证券,'18.81,'-0.90%,3.09%,'40.29,'+0.27%,'+0.97%,'+1.20%,'+1.59%,'15.14,2.54%,'1396.08,'+0.29%,证券
'331,000858.五粮液,'128.87,'-0.51%,3.08%,'142.06,'-0.87%,'-1.71%,'-3.18%,'-1.70%,'15.50,4.46%,'5002.23,'-3.70%,酿酒行业
'332,600895.张江高科,'38.56,'+1.50%,3.07%,'12.22,'+1.14%,'+1.25%,'+2.22%,'+1.53%,'57.85,0.52%,'597.17,'+44.46%,房地产开发
'333,600645.中源协和,'26.42,'+0.99%,3.07%,'3.33,'-0.52%,'-0.44%,'+2.90%,'+3.06%,'137.08,'-,'123.63,'+36.89%,生物制品
'334,300059.东方财富,'28.69,'-0.76%,3.06%,'112.04,'+0.07%,'-0.17%,'-2.75%,'-5.17%,'42.67,0.21%,'4534.18,'+11.44%,互联网服务
'335,300693.盛弘股份,'38.34,'-1.72%,3.06%,'2.87,'+0.54%,'+2.21%,'+1.80%,%,'30.38,1.30%,'119.93,'+44.49%,电源设备
'336,000921.海信家电,'25.17,'-1.02%,3.05%,'7.25,'-2.23%,'-3.72%,'-2.34%,'-7.22%,'12.81,4.89%,'232.89,'-8.48%,家电行业
'337,601916.浙商银行,'3.14,'-3.09%,3.05%,'22.27,'-0.05%,'+1.04%,'+0.88%,'+1.68%,'-,4.97%,'676.50,'+12.68%,银行
'338,601390.中国中铁,'5.63,'-0.88%,3.04%,'35.07,'+0.94%,'+0.21%,'-0.08%,'-0.14%,'6.48,3.16%,'1156.04,'-9.08%,工程建设
'339,002056.横店东磁,'18.54,'-2.06%,3.04%,'7.00,'-0.08%,'+0.84%,'-0.86%,'+1.31%,'14.07,2.44%,'301.59,'+47.89%,光伏设备
'340,002487.大金重工,'34.02,'-2.10%,3.04%,'6.39,'+1.09%,'+1.44%,'+1.43%,'+2.36%,'25.98,0.24%,'216.96,'+66.47%,风电设备
'341,002241.歌尔股份,'35.68,'-2.83%,3.03%,'24.65,'-0.58%,'-2.65%,'+0.29%,'-6.14%,'55.55,0.70%,'1245.77,'+39.21%,消费电子
'342,603019.中科曙光,'92.14,'+4.11%,3.02%,'31.14,'+1.28%,'+1.62%,'+2.46%,'+2.50%,'85.65,0.29%,'1348.11,'+27.96%,计算机设备
'343,601615.明阳智能,'11.97,'-1.40%,3.01%,'7.86,'+0.16%,'-0.86%,'-10.17%,'-12.99%,'259.15,2.54%,'271.90,'-2.61%,风电设备
'344,600905.三峡能源,'4.24,'-0.24%,3.01%,'36.68,'+0.47%,'+0.31%,'+0.91%,'+1.29%,'23.23,1.58%,'1212.12,'-1.44%,电力行业
'345,000400.许继电气,'23.27,'-0.21%,3.00%,'6.66,'-0.25%,'-5.44%,'-7.08%,'+0.33%,'22.18,1.80%,'237.06,'-14.62%,电网设备
'346,300360.炬华科技,'15.87,'-0.69%,2.99%,'2.42,'-0.65%,'+1.47%,'-1.08%,%,'14.30,3.78%,'81.60,'-2.91%,电网设备
'347,688050.爱博医疗,'81.13,'+4.27%,2.99%,'3.98,'-1.47%,'+1.74%,'+2.86%,%,'39.69,0.43%,'156.91,'-10.43%,医疗器械
'348,601360.三六零,'11.48,'-1.03%,2.98%,'21.25,'+0.70%,'+0.93%,'+1.01%,'+1.19%,'-,0.87%,'803.55,'+12.01%,软件开发
'349,301498.乖宝宠物,'98.64,'+1.07%,2.98%,'13.02,'+0.02%,'+2.77%,%,%,'58.30,0.51%,'394.60,'+26.22%,农牧饲渔
'350,603063.禾望电气,'36.51,'-1.62%,2.97%,'4.57,'+1.63%,'+2.37%,'+2.02%,%,'35.92,0.33%,'165.96,'+83.65%,风电设备
'351,603195.公牛集团,'47.09,'-0.11%,2.97%,'25.93,'-0.05%,'+0.83%,'+1.35%,'+0.58%,'23.14,3.64%,'851.66,'-3.00%,家用轻工
'352,600104.上汽集团,'19.04,'+1.33%,2.97%,'55.16,'+0.89%,'+0.18%,'+1.14%,'+0.47%,'-,0.47%,'2188.70,'-7.83%,汽车整车
'353,600551.时代出版,'8.94,'-0.45%,2.96%,'1.79,'-2.33%,'-0.10%,'+2.59%,'+2.96%,'20.73,4.47%,'60.62,'+7.42%,文化传媒
'354,601187.厦门银行,'6.58,'-1.79%,2.96%,'5.30,'-0.25%,'-0.49%,'+1.35%,'+2.25%,'6.82,4.71%,'173.65,'+19.43%,银行
'355,601669.中国电建,'5.85,'-1.18%,2.96%,'24.80,'+0.73%,'+0.52%,'+1.26%,'+1.32%,'10.41,2.17%,'1007.73,'+9.90%,工程建设
'356,688131.皓元医药,'69.50,'+1.49%,2.96%,'3.03,'+0.15%,'-1.01%,'-1.23%,%,'58.26,0.27%,'147.41,'+95.42%,化学制药
'357,002773.康弘药业,'41.86,'+3.97%,2.96%,'7.90,'-0.58%,'-1.88%,'+2.05%,'+2.15%,'31.41,1.43%,'385.66,'+117.86%,化学制药
'358,000550.江铃汽车,'21.67,'+4.69%,2.95%,'3.12,'-1.29%,'-3.72%,'+0.14%,'+1.89%,'17.24,3.32%,'112.51,'-4.40%,汽车整车
'359,002074.国轩高科,'40.12,'+10.01%,2.94%,'17.24,'-3.05%,'-0.59%,'-0.27%,'-3.36%,'252.96,0.25%,'724.35,'+89.67%,电池
'360,002709.天赐材料,'21.89,'+1.77%,2.94%,'10.21,'+0.17%,'-0.85%,'-2.88%,'-3.25%,'97.45,0.46%,'419.05,'+11.62%,化学制品
'361,601963.重庆银行,'9.70,'-1.42%,2.94%,'6.06,'+0.08%,'+0.67%,'+2.22%,'+2.00%,'6.46,4.27%,'183.87,'+8.88%,银行
'362,600000.浦发银行,'13.49,'-1.03%,2.94%,'123.38,'-0.42%,'-0.24%,'+0.62%,'+0.81%,'8.68,3.02%,'4114.05,'+35.07%,银行
'363,601872.招商轮船,'6.65,'+2.47%,2.93%,'14.79,'-0.59%,'-1.51%,'-1.78%,'+0.94%,'12.00,3.86%,'536.96,'+6.23%,航运港口
'364,000030.富奥股份,'5.73,'-1.21%,2.93%,'2.88,'+0.54%,'+1.44%,'+1.57%,'+2.52%,'15.67,2.62%,'95.81,'+14.54%,汽车零部件
'365,002701.奥瑞金,'5.58,'+0.54%,2.92%,'4.45,'+0.19%,'+0.03%,'+0.34%,'+0.20%,'22.54,2.15%,'142.83,'+0.38%,包装材料
'366,601696.中银证券,'16.82,'+4.15%,2.91%,'8.65,'+0.76%,'+1.08%,'+1.89%,'+1.43%,'49.14,0.21%,'467.26,'+50.87%,证券
'367,300759.康龙化成,'31.34,'+3.57%,2.91%,'10.53,'+1.01%,'+1.10%,'+0.29%,'-3.22%,'43.58,0.64%,'462.78,'+22.95%,医疗服务
'368,601336.新华保险,'65.75,'-3.65%,2.90%,'35.40,'+0.32%,'+1.05%,'+0.35%,'+1.15%,'6.83,3.85%,'1371.18,'+36.38%,保险
'369,002120.韵达股份,'7.79,'-2.50%,2.90%,'5.62,0.00%,'+0.85%,'+1.37%,'+0.44%,'17.87,2.57%,'225.85,'+6.67%,物流行业
'370,601818.光大银行,'3.71,'-1.85%,2.89%,'55.62,'+0.39%,'+0.52%,'+0.83%,'+1.29%,'5.17,5.09%,'1721.69,'+0.59%,银行
'371,688002.睿创微纳,'76.75,'+0.07%,2.88%,'9.18,'-0.51%,'+0.87%,'-0.89%,'+0.65%,'56.01,0.17%,'353.23,'+63.45%,半导体
'372,600332.白云山,'26.61,'+0.23%,2.88%,'10.66,'+0.67%,'+0.14%,'+0.38%,'-1.57%,'19.48,3.01%,'374.11,'-4.93%,中药
'373,601009.南京银行,'10.89,'-2.07%,2.88%,'40.80,'+0.18%,'+0.68%,'+1.01%,'-0.03%,'6.49,4.50%,'1346.39,'+3.97%,银行
'374,600993.马应龙,'27.65,'-1.32%,2.87%,'3.50,'+0.03%,'+0.20%,'+0.47%,'-0.86%,'22.75,2.24%,'119.19,'+8.23%,中药
'375,300002.神州泰岳,'13.68,'-0.87%,2.87%,'6.65,'-3.04%,'+1.96%,'-2.48%,'+2.15%,'26.47,0.73%,'269.11,'+18.95%,游戏
'376,605286.同力日升,'41.19,'-2.67%,2.84%,'1.89,'-1.16%,'+2.72%,'+1.63%,%,'29.64,0.58%,'69.20,'+37.03%,专用设备
'377,600729.重庆百货,'29.34,'-0.10%,2.83%,'3.72,'+0.54%,'+0.12%,'-0.58%,'-0.43%,'10.39,4.64%,'129.24,'+5.22%,商业百货
'378,300832.新产业,'62.52,'+0.16%,2.83%,'12.62,'+1.41%,'+0.37%,'+0.55%,'+1.26%,'31.11,2.08%,'491.23,'-9.75%,医疗器械
'379,600873.梅花生物,'10.98,'-0.72%,2.82%,'8.61,'+0.57%,'-0.10%,'+1.40%,'+2.81%,'10.36,5.48%,'313.24,'+13.81%,化学制品
'380,688036.传音控股,'90.00,'-0.01%,2.82%,'25.65,'+0.20%,'-2.61%,'+0.39%,'+0.24%,'34.09,3.33%,'1026.32,'-3.29%,消费电子
'381,601607.上海医药,'18.49,'-0.96%,2.82%,'14.07,'+0.63%,'+0.03%,'+0.05%,'+0.58%,'19.82,2.00%,'515.74,'-10.60%,医药商业
'382,603218.日月股份,'12.77,'-1.16%,2.82%,'3.69,'+0.20%,'+2.00%,'-2.51%,'-2.23%,'29.90,2.74%,'131.58,'+8.96%,风电设备
'383,002468.申通快递,'17.52,'+0.63%,2.82%,'4.62,'-1.29%,'+0.38%,'+0.32%,'-0.16%,'26.40,0.38%,'268.20,'+73.98%,物流行业
'384,000415.渤海租赁,'3.50,'-0.85%,2.81%,'5.79,0.00%,'+0.21%,'+0.55%,'+1.10%,'-,'-,'216.46,'-7.16%,多元金融
'385,002106.莱宝高科,'11.68,'+1.48%,2.80%,'2.04,'-2.64%,'-7.56%,'-1.76%,'+0.47%,'24.22,0.86%,'82.44,'+8.13%,光学光电子
'386,002293.罗莱生活,'8.56,'-0.23%,2.80%,'2.04,'+1.64%,'+2.50%,'+2.52%,'+0.74%,'17.12,7.00%,'71.40,'+14.50%,纺织服装
'387,605111.新洁能,'35.29,'+1.03%,2.80%,'3.57,'+1.05%,'-0.52%,'+1.69%,'+2.36%,'36.82,0.33%,'146.57,'+4.29%,半导体
'388,300833.浩洋股份,'37.64,'-2.79%,2.80%,'1.18,'-0.32%,'+0.56%,'+2.41%,%,'29.27,3.45%,'47.61,'-11.52%,专用设备
'389,300415.伊之密,'25.05,'-0.71%,2.80%,'2.64,'-0.39%,'-3.18%,'+0.57%,%,'18.40,2.00%,'117.37,'+27.93%,专用设备
'390,300001.特锐德,'24.67,'+0.82%,2.79%,'7.06,'+0.69%,'+0.98%,'+1.32%,'+0.84%,'30.50,0.61%,'260.40,'+13.10%,电网设备
'391,002129.TCL中环,'8.36,'-0.24%,2.78%,'8.65,'-0.08%,'-0.66%,'-2.22%,'-1.93%,'-,3.11%,'338.00,'-5.75%,光伏设备
'392,600456.宝钛股份,'33.05,'+0.36%,2.78%,'4.17,'-0.42%,'+1.31%,'+1.42%,%,'48.45,1.18%,'157.91,'+17.60%,小金属
'393,688676.金盘科技,'57.90,'-3.56%,2.77%,'4.26,'+2.08%,'+1.09%,'+1.64%,%,'45.44,0.87%,'265.93,'+42.00%,电网设备
'394,002958.青农商行,'3.36,'-1.75%,2.77%,'5.57,'+0.08%,0.00%,'+2.19%,'+1.64%,'6.74,3.57%,'186.67,'+14.05%,银行
'395,000601.韶能股份,'5.33,'+0.76%,2.76%,'1.45,'+0.66%,'+0.61%,'+1.63%,'+1.09%,'-,3.75%,'57.59,'+37.43%,电力行业
'396,600893.航发动力,'40.23,'-0.35%,2.76%,'28.31,'+0.58%,'+0.54%,'+0.98%,'+0.98%,'300.00,0.24%,'1072.37,'-2.68%,航天航空
'397,600989.宝丰能源,'17.57,'+1.27%,2.76%,'32.68,'+0.30%,'+0.54%,'+1.27%,'+1.11%,'14.57,1.59%,'1288.47,'+7.11%,化学原料
'398,601788.光大证券,'19.86,'-0.95%,2.76%,'19.36,'+0.75%,'+0.85%,'+1.41%,'+1.42%,'29.07,1.00%,'775.87,'+10.32%,证券
'399,601958.金钼股份,'16.50,'+10.00%,2.76%,'9.73,'+0.26%,'-0.72%,'+1.16%,'+2.60%,'18.84,2.42%,'532.39,'+69.22%,小金属
'400,603369.今世缘,'42.90,'-0.90%,2.75%,'13.36,'-0.14%,'-1.44%,'-1.06%,'-0.46%,'16.94,2.80%,'534.88,'-2.48%,酿酒行业
'401,001301.尚太科技,'59.26,'-1.74%,2.75%,'3.50,'-1.54%,'+2.20%,'+2.32%,%,'16.26,1.35%,'154.57,'-12.21%,非金属材料
'402,002299.圣农发展,'17.60,'-0.79%,2.72%,'4.83,'+1.08%,'+1.44%,'-0.24%,'-5.04%,'22.47,2.27%,'218.84,'+24.97%,农牧饲渔
'403,002714.牧原股份,'54.80,'-0.29%,2.72%,'62.52,'+0.37%,'-0.55%,'-0.13%,'-0.76%,'10.49,2.57%,'2993.60,'+44.50%,农牧饲渔
'404,002230.科大讯飞,'53.14,'-0.39%,2.71%,'30.00,'-0.06%,'-0.07%,'-0.94%,'-1.99%,'300.00,0.19%,'1228.43,'+10.21%,软件开发
'405,601006.大秦铁路,'6.17,'-2.22%,2.68%,'35.69,'+0.66%,'+0.24%,'-1.20%,'-1.45%,'17.05,4.17%,'1243.08,'-7.05%,物流行业
'406,600010.包钢股份,'2.75,'-1.43%,2.68%,'21.74,'+0.71%,'+0.90%,'+1.26%,'+1.10%,'300.00,0.07%,'1245.44,'+48.02%,钢铁行业
'407,600079.人福医药,'20.48,'+0.39%,2.67%,'9.14,'-0.56%,'+0.06%,'-0.28%,'+0.15%,'28.32,2.29%,'334.28,'-11.06%,化学制药
'408,688271.联影医疗,'152.10,'+7.26%,2.67%,'28.12,'+0.95%,'+0.69%,%,%,'106.41,0.13%,'1253.54,'+20.40%,医疗器械
'409,002966.苏州银行,'8.05,'-0.86%,2.67%,'10.49,'-0.39%,'-0.33%,'+0.76%,'+1.16%,'6.90,4.58%,'359.89,'+1.56%,银行
'410,300383.光环新网,'16.51,'+2.23%,2.66%,'6.84,'-0.03%,'+1.68%,'+1.05%,'+0.20%,'136.78,0.36%,'296.78,'+13.65%,互联网服务
'411,000686.东北证券,'8.66,'-1.03%,2.66%,'4.75,'+0.80%,'+1.67%,'+1.80%,'+1.03%,'17.49,1.39%,'202.68,'+10.83%,证券
'412,600085.同仁堂,'36.08,'+1.12%,2.66%,'13.18,'+0.68%,'+0.80%,'+0.77%,'+2.21%,'34.56,2.77%,'494.83,'-9.88%,中药
'413,600026.中远海能,'10.65,'+2.90%,2.64%,'9.47,'+0.53%,'-0.06%,'-0.59%,'+1.06%,'16.21,4.04%,'370.06,'-6.27%,航运港口
'414,600674.川投能源,'14.65,'-1.61%,2.64%,'20.61,'+0.42%,'-1.14%,'-0.55%,'-0.09%,'15.42,2.73%,'714.13,'-12.92%,电力行业
'415,601868.中国能建,'2.43,'-0.82%,2.64%,'19.09,'+0.53%,'+0.71%,'+0.85%,'+1.15%,'15.08,1.59%,'788.02,'+7.83%,工程建设
'416,300041.回天新材,'11.05,'+3.37%,2.64%,'1.39,'+0.39%,'+1.14%,'+1.02%,%,'81.51,1.36%,'61.82,'+22.12%,化学制品
'417,002292.奥飞娱乐,'9.77,'-0.41%,2.64%,'3.80,'-0.32%,'+2.05%,'+1.57%,'+1.91%,'-,'-,'144.47,'+12.95%,文化传媒
'418,002851.麦格米特,'89.81,'+0.90%,2.63%,'7.22,'-0.90%,'-5.53%,'-8.64%,'-7.21%,'217.97,0.06%,'491.88,'+46.27%,电源设备
'419,000513.丽珠集团,'42.41,'+4.97%,2.63%,'5.72,'-1.99%,'-4.82%,'-3.40%,'-1.59%,'18.41,2.59%,'256.28,'+14.77%,化学制药
'420,688331.荣昌生物,'96.82,'+6.54%,2.63%,'5.66,'+2.02%,'+2.24%,'+2.33%,'+2.09%,'-,'-,'343.74,'+221.55%,生物制品
'421,600795.国电电力,'4.91,'+2.51%,2.63%,'22.69,'+0.58%,'-0.12%,'+0.22%,'-0.04%,'14.86,4.07%,'875.73,'+9.68%,电力行业
'422,601328.交通银行,'7.19,'-1.10%,2.62%,'111.69,'-0.91%,'-0.72%,'-0.58%,'-0.60%,'6.79,3.88%,'3836.00,'-2.64%,银行
'423,600583.海油工程,'5.51,'-0.36%,2.61%,'6.31,'-0.61%,'-2.34%,'-4.87%,'-1.66%,'12.63,3.65%,'243.62,'+4.61%,采掘行业
'424,600487.亨通光电,'20.71,'+1.12%,2.61%,'9.87,'+0.41%,'+0.55%,'+0.54%,'+0.26%,'19.41,1.11%,'510.86,'+22.08%,通信设备
'425,000999.华润三九,'30.15,'-0.92%,2.61%,'13.64,'-0.24%,'-3.07%,'-2.32%,'-3.05%,'20.08,3.37%,'503.38,'-10.94%,中药
'426,600814.杭州解百,'8.13,'+1.50%,2.60%,'1.49,'-1.45%,'+1.91%,'+2.41%,'+2.53%,'31.95,1.69%,'59.76,'-0.17%,商业百货
'427,601878.浙商证券,'12.02,'-0.50%,2.59%,'12.90,'+0.78%,'+0.83%,'+1.36%,'+1.49%,'24.25,1.25%,'549.77,'-0.57%,证券
'428,000581.威孚高科,'22.48,'-0.13%,2.59%,'3.92,'+0.58%,'-0.92%,'-0.28%,'-0.07%,'17.26,5.17%,'178.58,'+24.59%,汽车零部件
'429,000739.普洛药业,'16.06,'+1.01%,2.58%,'4.18,'-0.15%,'+1.19%,'+0.07%,'-0.10%,'20.61,2.24%,'186.05,'+1.30%,化学制药
'430,000157.中联重科,'7.40,'+0.68%,2.57%,'13.19,'-0.65%,'-3.15%,'-1.43%,'-1.57%,'21.34,4.05%,'525.11,'+6.33%,工程机械
'431,000089.深圳机场,'7.22,'-0.55%,2.56%,'3.62,'+1.40%,'+0.28%,'-0.73%,'-0.42%,'30.02,1.66%,'148.07,'+6.62%,航空机场
'432,601881.中国银河,'18.24,'-1.46%,2.56%,'31.78,'+0.90%,'+0.99%,'+1.77%,'+1.11%,'16.52,1.54%,'1321.20,'+21.13%,证券
'433,600835.上海机电,'28.88,'-2.92%,2.56%,'4.39,'-0.22%,'-5.08%,'-7.90%,'-8.47%,'42.98,1.45%,'232.92,'+62.97%,专用设备
'434,300604.长川科技,'62.50,'+4.60%,2.56%,'7.24,'+1.76%,'+1.83%,'+0.68%,'+1.49%,'70.01,0.16%,'394.04,'+41.94%,半导体
'435,600166.福田汽车,'2.79,'+0.72%,2.54%,'5.45,'+1.39%,'+1.45%,'+0.84%,'+2.51%,'300.00,'-,'220.90,'+11.16%,汽车整车
'436,600210.紫江企业,'7.72,'+9.97%,2.54%,'2.63,'-1.54%,'-0.49%,'+1.45%,'+1.43%,'12.95,3.89%,'117.09,'+22.17%,包装材料
'437,601665.齐鲁银行,'5.54,'-0.54%,2.54%,'8.16,'+0.07%,'+0.10%,'+1.61%,'+2.47%,'6.45,3.78%,'340.92,'+3.65%,银行
'438,601860.紫金银行,'2.94,'-1.34%,2.53%,'2.78,'+0.22%,'+0.31%,'+2.07%,'+2.30%,'6.62,3.40%,'107.63,'+6.88%,银行
'439,601985.中国核电,'8.81,'-1.12%,2.53%,'48.43,'+0.31%,'-0.02%,'+0.83%,'+0.48%,'21.63,2.02%,'1812.04,'-14.06%,电力行业
'440,688122.西部超导,'64.38,'+3.24%,2.51%,'8.46,'-0.24%,'-1.32%,'-2.75%,'+0.12%,'46.76,1.16%,'418.25,'+52.39%,有色金属
'441,600704.物产中大,'5.82,'-1.19%,2.51%,'6.86,'+0.31%,'-0.23%,'-2.59%,'+0.42%,'10.11,3.62%,'300.96,'+19.32%,物流行业
'442,300413.芒果超媒,'25.96,'-0.46%,2.51%,'10.25,'-0.15%,'-0.21%,'-1.25%,'-0.44%,'36.18,0.85%,'485.64,'-2.45%,文化传媒
'443,605098.行动教育,'36.00,'+0.11%,2.50%,'1.07,'-0.36%,'+2.27%,%,%,'19.06,6.25%,'42.93,'+7.02%,教育
'444,300144.宋城演艺,'8.88,'+1.49%,2.50%,'5.60,'+0.96%,'+0.71%,'-0.97%,'-3.22%,'26.80,2.25%,'232.89,'-2.16%,旅游酒店
'445,002422.科伦药业,'40.11,'+10.01%,2.50%,'14.36,'-0.17%,'-3.91%,'-4.67%,'-2.08%,'30.03,1.90%,'640.98,'+35.75%,化学制药
'446,300322.硕贝德,'26.80,'-1.69%,2.48%,'1.71,'+1.98%,'+2.48%,'+2.48%,'+2.48%,'-,'-,'123.50,'+104.42%,消费电子
'447,601225.陕西煤业,'20.33,'-0.25%,2.48%,'46.22,'-0.18%,'-0.96%,'-1.02%,'-3.25%,'11.46,6.63%,'1970.99,'-7.10%,煤炭行业
'448,600557.康缘药业,'17.37,'+1.58%,2.48%,'2.07,'-1.72%,'-1.11%,'+1.69%,'+2.32%,'37.47,'-,'98.34,'+27.53%,中药
'449,601138.工业富联,'55.62,'+3.33%,2.47%,'105.00,'-0.12%,'-1.15%,'-0.17%,'+0.26%,'41.61,1.15%,'11045.84,'+163.77%,消费电子
'450,002008.大族激光,'36.37,'-2.91%,2.46%,'6.18,'-0.37%,'+0.39%,'-7.02%,'-12.94%,'77.16,0.98%,'374.47,'+47.57%,通用设备
'451,300315.掌趣科技,'5.85,'-0.34%,2.44%,'4.01,'-1.01%,'+1.91%,'-0.96%,'+1.69%,'300.00,'-,'158.40,'+6.36%,游戏
'452,002340.格林美,'7.36,'-1.21%,2.44%,'7.95,'+0.39%,'-0.30%,'-0.53%,'-1.07%,'29.08,0.90%,'377.15,'+13.87%,能源金属
'453,002668.TCL智家,'10.43,'-2.34%,2.44%,'2.58,'-0.79%,'-0.02%,'+1.82%,'+2.44%,'10.65,'-,'113.07,'-20.50%,家电行业
'454,688072.拓荆科技,'196.48,'+3.41%,2.44%,'10.49,'+0.43%,'+1.18%,'+1.57%,%,'146.81,0.14%,'549.61,'+28.10%,半导体
'455,601995.中金公司,'38.94,'+1.01%,2.43%,'25.16,'+0.74%,'+1.23%,'+1.47%,'+1.44%,'24.40,0.46%,'1138.43,'+15.86%,证券
'456,002850.科达利,'138.16,'-0.53%,2.43%,'7.52,'-1.71%,'+0.13%,'-1.80%,'-0.34%,'24.60,1.45%,'377.88,'+43.97%,电池
'457,002532.天山铝业,'9.98,'-1.09%,2.42%,'9.36,'-0.22%,'+0.78%,'+1.17%,'+1.51%,'10.77,4.01%,'464.26,'+29.95%,有色金属
'458,000975.山金国际,'20.87,'+6.32%,2.42%,'12.73,'-0.04%,'-0.91%,'+0.62%,'+0.28%,'21.59,1.75%,'579.50,'+38.35%,贵金属
'459,605599.菜百股份,'14.59,'+4.59%,2.42%,'3.08,'+0.04%,'+0.28%,'+2.07%,%,'16.36,4.93%,'113.48,'+33.67%,珠宝首饰
'460,002003.伟星股份,'10.74,'-1.20%,2.41%,'3.07,'+0.50%,'+1.27%,'+1.53%,'+2.24%,'19.33,4.66%,'125.54,'-22.21%,纺织服装
'461,002739.万达电影,'11.64,'-0.68%,2.41%,'5.82,'+1.10%,'+1.07%,'+0.99%,'+2.00%,'-,'-,'245.81,'-4.12%,文化传媒
'462,002375.亚厦股份,'3.96,'-0.25%,2.41%,'1.24,'+0.56%,'+1.05%,'+1.49%,'+0.06%,'20.20,1.77%,'53.06,'+4.41%,装修装饰
'463,300724.捷佳伟创,'108.12,'+9.48%,2.41%,'4.56,'+1.50%,'-0.30%,'-1.19%,'-4.61%,'12.26,1.11%,'375.95,'+74.95%,光伏设备
'464,002597.金禾实业,'23.23,'-1.11%,2.40%,'3.22,'-0.10%,'+0.34%,'+1.12%,'-2.30%,'23.78,3.57%,'132.02,'+5.07%,食品饮料
'465,601618.中国中冶,'3.43,'+0.59%,2.40%,'12.79,'+0.70%,'+0.32%,'-1.81%,'+0.22%,'16.88,1.63%,'612.34,'+5.87%,工程建设
'466,600549.厦门钨业,'32.70,'+6.24%,2.40%,'7.97,'+0.19%,'-0.41%,'-0.13%,'-0.98%,'32.78,1.28%,'519.14,'+73.12%,小金属
'467,002500.山西证券,'6.59,'-1.05%,2.39%,'5.00,'+0.66%,'+1.62%,'+0.69%,'+1.13%,'26.85,1.52%,'236.57,'+5.83%,证券
'468,002073.软控股份,'8.42,'-0.59%,2.38%,'2.16,'+0.24%,'-0.72%,'+1.47%,'+2.38%,'20.73,1.19%,'85.84,'+3.24%,专用设备
'469,000792.盐湖股份,'20.06,'-1.08%,2.37%,'21.44,'+0.52%,'-0.04%,'+0.21%,'+1.57%,'22.34,'-,'1061.49,'+21.87%,化肥行业
'470,300244.迪安诊断,'18.07,'-0.44%,2.37%,'2.20,'+0.56%,'-2.66%,'-4.04%,'-8.19%,'-,4.98%,'112.93,'+61.90%,医疗服务
'471,000783.长江证券,'8.41,'-1.64%,2.36%,'9.04,'+0.59%,'+1.04%,'+0.08%,'+0.75%,'16.89,1.78%,'465.08,'+26.10%,证券
'472,000785.居然智家,'3.09,'+2.32%,2.36%,'4.49,'+1.25%,'+1.95%,'+1.93%,'+2.03%,'33.19,2.03%,'192.42,'-13.45%,商业百货
'473,000997.新大陆,'29.42,'+2.15%,2.36%,'7.90,'+1.11%,'+0.72%,'-4.09%,'+0.15%,'29.59,1.87%,'303.63,'+48.45%,互联网服务
'474,688388.嘉元科技,'28.15,'-6.42%,2.35%,'2.01,'+1.80%,'+1.00%,'+1.33%,'+1.39%,'-,0.05%,'119.99,'+91.11%,电池
'475,600535.天士力,'16.51,'-0.06%,2.35%,'5.51,'+0.50%,'-0.22%,'-0.36%,'+2.24%,'26.21,3.21%,'246.65,'+15.72%,中药
'476,600970.中材国际,'9.14,'-0.87%,2.35%,'5.32,'+0.09%,'-1.50%,'-0.02%,'+0.96%,'9.43,4.92%,'241.29,'+1.36%,工程建设
'477,601021.春秋航空,'52.38,'-1.82%,2.32%,'12.64,'+0.05%,'-0.28%,'+0.74%,'+1.68%,'25.02,1.57%,'512.45,'-7.79%,航空机场
'478,600017.日照港,'3.19,'-0.62%,2.31%,'2.20,'-0.23%,'+1.45%,'+1.95%,'+2.26%,'19.35,2.70%,'98.11,'+2.44%,航运港口
'479,688578.艾力斯,'116.98,'+2.61%,2.31%,'9.66,'-0.54%,'-0.90%,'+1.87%,%,'32.51,0.56%,'526.41,'+96.09%,化学制药
'480,000938.紫光股份,'29.09,'+4.26%,2.31%,'15.87,'+0.32%,'-1.21%,'-1.63%,'+0.45%,'49.51,0.26%,'832.00,'+4.86%,互联网服务
'481,002215.诺普信,'12.29,'-1.13%,2.31%,'2.40,'+1.55%,'+1.57%,'+1.43%,'+2.24%,'18.76,2.85%,'123.54,'+12.82%,农药兽药
'482,300394.天孚通信,'222.16,'+11.90%,2.31%,'14.35,'+0.58%,'-0.78%,'+0.10%,'+1.15%,'112.14,0.32%,'1727.11,'+242.33%,通信设备
'483,300896.爱美客,'196.90,'+1.50%,2.31%,'12.20,'-0.36%,'+0.02%,'-1.50%,'+0.15%,'39.60,1.93%,'595.80,'+10.29%,美容护理
'484,000901.航天科技,'19.15,'-3.62%,2.30%,'2.28,'+0.38%,'+1.45%,'+0.57%,'+0.88%,'-,'-,'152.86,'+74.57%,汽车零部件
'485,688396.华润微,'52.33,'-0.13%,2.30%,'14.38,'+1.13%,'+1.18%,'+0.99%,'+1.20%,'109.85,0.11%,'694.70,'+11.03%,半导体
'486,002657.中科金财,'45.65,'+0.35%,2.30%,'2.18,'+0.82%,'+1.76%,'+2.06%,'+2.30%,'-,'-,'155.23,'+149.18%,互联网服务
'487,300033.同花顺,'397.41,'-3.81%,2.29%,'33.57,'-0.34%,'-0.60%,'+0.27%,'-0.33%,'112.16,0.75%,'2136.48,'+39.64%,软件开发
'488,002985.北摩高科,'29.70,'-0.67%,2.29%,'2.30,'+1.71%,'+1.27%,'-1.42%,'-1.05%,'300.00,0.92%,'98.56,'+26.48%,航天航空
'489,002967.广电计量,'21.00,'-1.32%,2.28%,'2.34,'-0.27%,'+1.57%,'+0.02%,'+0.86%,'36.46,1.90%,'122.48,'+31.13%,专业服务
'490,002550.千红制药,'10.64,'+2.80%,2.28%,'2.45,'-0.94%,'+0.54%,'+2.08%,'+2.24%,'47.24,1.13%,'136.17,'+74.51%,化学制药
'491,300433.蓝思科技,'32.34,'+3.95%,2.28%,'25.37,'-0.30%,0.00%,'-0.96%,'+0.35%,'47.97,1.24%,'1611.43,'+50.39%,消费电子
'492,002738.中矿资源,'41.99,'+1.35%,2.27%,'5.28,'+0.10%,'-0.75%,'+0.23%,'-0.73%,'183.43,1.19%,'302.95,'+20.02%,能源金属
'493,000963.华东医药,'45.45,'+2.60%,2.27%,'16.08,'-0.36%,'-0.21%,'-1.00%,'-0.49%,'22.85,2.05%,'797.23,'+33.09%,化学制药
'494,688484.南芯科技,'49.47,'+1.02%,2.26%,'3.80,'+0.45%,'+1.90%,%,%,'109.87,0.61%,'210.60,'+37.96%,半导体
'495,002315.焦点科技,'52.66,'+3.11%,2.26%,'3.27,'+0.68%,'-1.86%,'+0.63%,'+2.26%,'33.87,2.09%,'167.06,'+28.30%,互联网服务
'496,002707.众信旅游,'8.38,'+1.09%,2.25%,'1.72,'-3.94%,'+1.92%,'+1.85%,'+2.23%,'112.04,'-,'82.35,'+13.40%,旅游酒店
'497,002758.浙农股份,'9.76,'+2.63%,2.25%,'1.05,'+0.52%,'+2.15%,'+1.94%,%,'14.74,3.07%,'50.89,'+15.25%,综合行业
'498,000050.深天马Ａ,'10.06,'-1.28%,2.24%,'4.68,'-0.23%,'-0.13%,'+0.13%,'+0.68%,'-,'-,'247.25,'+11.41%,光学光电子
'499,600779.水井坊,'47.01,'-0.06%,2.24%,'4.66,'+0.04%,'-0.70%,'-1.55%,'-2.40%,'20.25,2.06%,'229.18,'-10.15%,酿酒行业
'500,601111.中国国航,'7.48,'-0.93%,2.23%,'22.02,'+0.28%,'+0.72%,'+1.06%,'+1.12%,'-,'-,'934.46,'-5.44%,航空机场
