序,股票,价,涨,低估率,当前市值.亿,折现市值.亿,当前现金流.亿,资产负债率,PE,PB,股息,ROE,今年来,行业
'1,000521.长虹美菱,'7.29,'-0.41%,1579.41%,'75,'1266,'65,74.21%,'10.39,'1.20,4.51%,11.84%,'-6.67%,家电行业
'2,600742.富维股份,'10.39,'-0.38%,1513.57%,'77,'1250,'83,56.45%,'15.09,'0.90,3.36%,6.09%,'+21.87%,汽车零部件
'3,600861.北京人力,'21.30,'-1.62%,1384.64%,'122,'1819,'73,53.65%,'10.46,'1.72,3.23%,17.55%,'+14.15%,专业服务
'4,000928.中钢国际,'6.61,'-0.15%,1195.87%,'94,'1230,'64,66.91%,'11.15,'1.11,4.52%,10.20%,'+8.66%,工程咨询服务
'5,600339.中油工程,'3.58,'+0.85%,1105.46%,'198,'2389,'135,75.62%,'33.74,'0.74,1.15%,2.22%,'-0.84%,采掘行业
'6,002106.莱宝高科,'10.83,'-0.09%,958.02%,'76,'809,'34,34.96%,'23.04,'1.39,0.92%,6.14%,'+0.26%,光学光电子
'7,600827.百联股份,'9.91,'-0.30%,932.40%,'177,'1830,'123,59.59%,'11.31,'0.89,2.67%,8.29%,'-6.92%,商业百货
'8,000404.长虹华意,'7.52,'-0.66%,909.34%,'52,'531,'32,64.68%,'10.96,'1.26,3.96%,11.99%,'+5.98%,家电行业
'9,000913.钱江摩托,'17.41,'+1.22%,899.32%,'90,'905,'47,53.12%,'14.52,'1.86,4.54%,13.18%,'-0.76%,交运设备
'10,000550.江铃汽车,'21.00,'+0.24%,808.57%,'180,'1643,'83,59.98%,'13.29,'1.56,3.26%,12.13%,'-10.45%,汽车整车
'11,002116.中国海诚,'10.68,'-0.19%,732.62%,'49,'415,'30,58.82%,'15.31,'1.92,2.89%,13.14%,'+10.29%,工程咨询服务
'12,000910.大亚圣象,'7.75,'-0.64%,695.06%,'42,'339,'24,24.60%,'40.56,'0.64,2.44%,1.58%,'+1.00%,装修建材
'13,600987.航民股份,'7.46,'-0.13%,693.00%,'76,'604,'33,34.22%,'10.48,'1.17,4.02%,11.36%,'+12.11%,纺织服装
'14,600278.东方创业,'7.88,'+0.13%,691.64%,'69,'546,'33,58.91%,'32.63,'0.92,3.31%,2.86%,'+13.85%,贸易行业
'15,600482.中国动力,'23.74,'+0.55%,684.79%,'531,'4174,'239,53.90%,'31.32,'1.34,0.92%,4.44%,'-2.13%,船舶制造
'16,603929.亚翔集成,'38.22,'+1.84%,666.67%,'80,'613,'31,61.08%,'14.31,'4.41,2.66%,34.24%,'+42.81%,装修装饰
'17,601001.晋控煤业,'14.50,'+2.84%,660.68%,'235,'1795,'116,24.12%,'9.29,'1.23,5.35%,13.74%,'+11.94%,煤炭行业
'18,600916.中国黄金,'8.18,'-0.24%,648.29%,'137,'1030,'59,42.68%,'23.36,'1.82,4.27%,7.69%,'-1.09%,珠宝首饰
'19,000625.长安汽车,'13.05,'+0.77%,644.39%,'1283,'9556,'581,59.69%,'17.08,'1.64,2.28%,9.93%,'-0.05%,汽车整车
'20,000951.中国重汽,'17.96,'+0.22%,635.49%,'210,'1548,'78,62.18%,'13.89,'1.35,3.88%,9.90%,'+8.23%,汽车整车
'21,600420.国药现代,'11.35,'-0.26%,632.16%,'152,'1117,'49,18.54%,'13.70,'1.13,2.64%,8.47%,'-3.20%,化学制药
'22,600081.东风科技,'13.86,'+1.17%,616.96%,'75,'543,'24,42.61%,'67.37,'1.64,0.53%,2.45%,'+35.22%,汽车零部件
'23,600551.时代出版,'9.19,'+0.55%,591.54%,'61,'428,'24,31.34%,'15.59,'1.06,4.38%,6.85%,'+10.42%,文化传媒
'24,600894.广日股份,'10.23,'-0.29%,585.24%,'87,'598,'37,35.80%,'10.84,'1.00,13.39%,8.94%,'-25.87%,专用设备
'25,601117.中国化学,'8.33,'+1.83%,578.58%,'499,'3389,'170,69.43%,'8.44,'0.78,2.18%,9.65%,'+0.48%,工程建设
'26,601811.新华文轩,'15.58,'+0.32%,576.95%,'191,'1297,'87,35.92%,'11.99,'1.29,3.86%,11.29%,'+0.96%,文化传媒
'27,600662.外服控股,'5.95,'-1.49%,566.97%,'137,'919,'87,64.07%,'12.50,'2.61,2.15%,22.72%,'+17.36%,专业服务
'28,601098.中南传媒,'12.95,'+0.15%,540.69%,'232,'1487,'73,37.16%,'15.96,'1.46,4.25%,9.21%,'-10.80%,文化传媒
'29,002864.盘龙药业,'30.64,'-1.03%,533.74%,'32,'208,'10,28.18%,'27.34,'1.98,0.97%,7.43%,'+1.83%,中药
'30,603687.大胜达,'7.77,'-0.89%,530.36%,'43,'271,'11,19.89%,'36.46,'1.31,0.75%,3.64%,'+7.45%,包装材料
'31,601006.大秦铁路,'6.48,'-0.46%,525.23%,'1311,'8200,'476,13.12%,'15.32,'0.79,3.95%,5.40%,'-2.38%,物流行业
'32,600219.南山铝业,'4.12,'+0.24%,524.29%,'477,'2979,'188,16.80%,'8.40,'0.92,4.15%,11.42%,'+7.99%,有色金属
'33,600720.中交设计,'8.13,'-0.49%,509.79%,'187,'1143,'53,48.27%,'10.69,'1.24,'-,12.67%,'-8.24%,工程咨询服务
'34,600694.大商股份,'19.96,'+0.30%,507.11%,'69,'420,'29,47.84%,'11.77,'0.77,4.57%,6.67%,'-13.09%,商业百货
'35,600312.平高电气,'15.83,'-0.75%,503.54%,'216,'1306,'64,48.49%,'18.79,'2.00,1.81%,10.92%,'-16.79%,电网设备
'36,000800.一汽解放,'7.09,'-0.28%,503.52%,'349,'2111,'196,66.31%,'72.57,'1.33,0.70%,1.89%,'-12.91%,汽车整车
'37,003012.东鹏控股,'6.07,'+0.50%,500.24%,'69,'419,'18,33.81%,'22.58,'0.92,4.14%,4.03%,'-4.29%,装修建材
'38,603303.得邦照明,'13.98,'+2.27%,496.95%,'65,'389,'22,45.89%,'19.49,'1.80,5.41%,9.31%,'+26.08%,家电行业
'39,600380.健康元,'12.26,0.00%,492.29%,'224,'1328,'96,33.31%,'16.22,'1.53,1.63%,9.57%,'+10.58%,化学制药
'40,301039.中集车辆,'8.86,'+0.91%,478.73%,'164,'952,'63,34.44%,'16.47,'1.13,6.38%,6.74%,'+1.24%,汽车整车
'41,002563.森马服饰,'5.53,0.00%,476.55%,'148,'858,'58,35.87%,'14.82,'1.24,6.33%,8.41%,'-16.35%,纺织服装
'42,000655.金岭矿业,'8.59,'-0.58%,474.24%,'51,'295,'21,11.74%,'22.27,'1.51,2.08%,6.90%,'+41.46%,钢铁行业
'43,600682.南京新百,'7.39,'-1.07%,457.03%,'100,'560,'42,26.96%,'43.94,'0.57,0.21%,1.30%,'+8.31%,商业百货
'44,000779.甘咨询,'9.64,'-0.62%,453.49%,'45,'249,'15,28.28%,'19.41,'1.16,0.82%,6.13%,'+18.15%,工程咨询服务
'45,002478.常宝股份,'5.56,'-0.36%,436.81%,'50,'269,'15,28.80%,'8.68,'0.87,3.94%,10.39%,'+9.57%,钢铁行业
'46,603711.香飘飘,'13.71,'-0.22%,436.63%,'56,'304,'17,22.78%,'27.12,'1.63,1.82%,6.10%,'-14.90%,食品饮料
'47,600479.千金药业,'10.95,'-0.73%,435.25%,'46,'247,'9,31.06%,'19.42,'1.83,3.26%,9.60%,'+5.94%,中药
'48,002081.金螳螂,'3.69,'+0.55%,435.23%,'97,'521,'40,57.36%,'17.57,'0.70,2.72%,4.06%,'+6.36%,装修装饰
'49,002483.润邦股份,'7.02,'-0.99%,433.94%,'62,'335,'22,55.57%,'12.76,'1.41,4.23%,11.57%,'+41.51%,专用设备
'50,002242.九阳股份,'10.14,'-0.10%,433.40%,'77,'413,'26,53.20%,'82.50,'2.17,1.49%,2.62%,'-0.61%,家电行业
'51,600582.天地科技,'6.31,0.00%,432.38%,'261,'1390,'75,45.21%,'7.76,'1.01,5.02%,13.59%,'+7.53%,专用设备
'52,603587.地素时尚,'13.15,'+2.33%,428.92%,'60,'322,'23,16.34%,'22.07,'1.63,3.91%,7.28%,'+8.48%,纺织服装
'53,603102.百合股份,'43.20,'-0.51%,428.50%,'27,'146,'11,11.46%,'19.90,'1.70,1.73%,8.77%,'+25.18%,食品饮料
'54,000923.河钢资源,'14.48,'+1.54%,427.57%,'93,'491,'42,22.32%,'20.60,'0.93,3.51%,4.62%,'+8.10%,钢铁行业
'55,688289.圣湘生物,'21.92,'-0.59%,413.27%,'127,'655,'34,23.25%,'44.62,'1.74,2.39%,3.91%,'-2.10%,医疗器械
'56,002301.齐心集团,'7.18,'+0.14%,394.10%,'51,'255,'11,62.85%,'83.07,'1.66,0.98%,1.99%,'+1.87%,家用轻工
'57,600854.春兰股份,'5.59,'-0.18%,391.65%,'29,'143,'11,7.76%,'21.45,'1.19,2.14%,5.64%,'+25.03%,家电行业
'58,600566.济川药业,'26.79,'+0.64%,390.50%,'245,'1202,'68,17.27%,'11.52,'1.62,7.86%,14.50%,'-0.73%,中药
'59,600780.通宝能源,'6.07,'+0.50%,379.02%,'69,'331,'22,24.84%,'12.64,'0.88,2.98%,7.13%,'+7.82%,电力行业
'60,600583.海油工程,'5.72,'+2.69%,377.81%,'246,'1176,'51,41.38%,'11.06,'0.92,3.61%,8.55%,'+8.60%,采掘行业
'61,601179.中国西电,'6.54,'-0.91%,374.24%,'338,'1604,'79,44.96%,'29.53,'1.51,1.26%,5.19%,'-13.23%,电网设备
'62,301102.兆讯传媒,'12.09,'-0.08%,372.09%,'49,'231,'20,31.01%,'84.62,'1.60,0.17%,1.90%,'+10.82%,文化传媒
'63,600249.两面针,'5.90,'-0.17%,368.35%,'32,'152,'12,19.27%,'47.66,'1.50,0.51%,3.18%,'+15.91%,美容护理
'64,600971.恒源煤电,'7.16,'+1.99%,361.92%,'84,'389,'32,38.18%,'12.61,'0.68,6.70%,5.24%,'-19.00%,煤炭行业
'65,600511.国药股份,'29.83,'-0.47%,355.20%,'226,'1029,'57,44.55%,'11.31,'1.29,2.67%,11.83%,'-10.41%,医药商业
'66,601699.潞安环能,'14.60,'+3.33%,355.15%,'422,'1923,'66,38.27%,'23.24,'0.89,2.90%,3.75%,'+5.66%,煤炭行业
'67,000848.承德露露,'8.82,'-0.23%,351.30%,'93,'419,'32,20.71%,'14.64,'2.56,3.39%,18.24%,'+1.20%,食品饮料
'68,600730.中国高科,'8.32,'+1.96%,344.89%,'47,'212,'10,11.26%,'109.01,'2.64,0.12%,2.45%,'+37.74%,教育
'69,601919.中远海控,'15.66,'-0.06%,344.77%,'2427,'10795,'1408,41.97%,'4.49,'0.99,9.93%,24.18%,'+7.90%,航运港口
'70,000858.五粮液,'123.19,'-0.60%,344.37%,'4810,'21378,'1352,23.34%,'14.73,'3.25,4.64%,22.39%,'-7.94%,酿酒行业
'71,002756.永兴材料,'36.53,'-2.43%,343.48%,'201,'895,'53,8.45%,'26.33,'1.61,2.67%,5.94%,'-1.61%,钢铁行业
'72,600167.联美控股,'6.55,'+5.14%,338.82%,'140,'618,'50,27.98%,'19.77,'1.24,5.16%,6.20%,'+18.30%,公用事业
'73,601399.国机重装,'3.38,'-0.88%,336.16%,'245,'1072,'75,54.21%,'56.67,'1.70,'-,3.04%,'+9.74%,专用设备
'74,600741.华域汽车,'18.10,'-0.39%,335.47%,'572,'2494,'186,63.11%,'8.55,'0.90,4.40%,10.95%,'+7.35%,汽车零部件
'75,000682.东方电子,'10.51,'-0.28%,331.18%,'141,'609,'32,53.67%,'20.09,'2.70,0.78%,14.18%,'-1.44%,电网设备
'76,000400.许继电气,'23.15,'-0.30%,328.92%,'236,'1014,'52,49.17%,'21.76,'2.05,1.80%,9.68%,'-15.06%,电网设备
'77,002223.鱼跃医疗,'35.74,'+0.42%,326.02%,'356,'1519,'71,19.43%,'20.15,'2.72,2.25%,13.87%,'-0.98%,医疗器械
'78,000557.西部创业,'5.66,'+0.53%,323.79%,'82,'347,'21,9.18%,'33.59,'1.33,0.89%,4.04%,'+10.09%,物流行业
'79,600261.阳光照明,'3.46,'+0.29%,322.23%,'46,'194,'14,29.58%,'21.83,'1.29,4.06%,5.87%,'+10.29%,家电行业
'80,601888.中国中免,'65.65,'+0.02%,318.25%,'1358,'5679,'350,21.80%,'34.83,'2.38,1.60%,6.89%,'-0.31%,旅游酒店
'81,600004.白云机场,'9.43,'+0.11%,317.62%,'222,'931,'52,31.00%,'21.56,'1.20,1.67%,5.68%,'-0.08%,航空机场
'82,688739.成大生物,'28.77,'-0.55%,311.10%,'120,'495,'40,4.42%,'36.12,'1.25,2.77%,3.46%,'+15.00%,生物制品
'83,603766.隆鑫通用,'13.17,'+1.00%,310.00%,'267,'1097,'63,42.58%,'19.54,'2.76,3.07%,15.07%,'+48.91%,交运设备
'84,002763.汇洁股份,'7.36,'-0.14%,307.22%,'30,'123,'9,22.78%,'50.10,'1.51,2.04%,2.93%,'+13.30%,纺织服装
'85,300073.当升科技,'42.24,'-1.10%,305.38%,'232,'942,'75,23.03%,'49.24,'1.75,0.44%,3.57%,'+5.40%,电池
'86,600875.东方电气,'19.84,'-1.34%,303.64%,'681,'2752,'194,70.14%,'21.51,'1.71,2.15%,8.12%,'+24.86%,电源设备
'87,600859.王府井,'14.05,0.00%,301.57%,'157,'634,'52,50.17%,'129.04,'0.80,0.57%,0.62%,'-8.30%,商业百货
'88,600516.方大炭素,'4.82,'-0.62%,298.28%,'195,'777,'37,14.23%,'300.00,'1.21,0.41%,0.13%,'+0.20%,非金属材料
'89,600835.上海机电,'27.59,'+5.95%,297.19%,'266,'1057,'82,52.14%,'28.68,'1.91,1.61%,6.73%,'+55.69%,专用设备
'90,002557.洽洽食品,'22.93,'-0.86%,295.12%,'117,'462,'18,40.23%,'17.05,'2.07,5.62%,12.08%,'-16.64%,食品饮料
'91,002328.新朋股份,'6.81,'+10.02%,294.66%,'47,'188,'11,33.75%,'32.79,'1.43,2.29%,4.40%,'+13.42%,汽车零部件
'92,002955.鸿合科技,'26.58,'+3.46%,293.98%,'60,'239,'14,30.23%,'29.99,'1.89,9.97%,6.08%,'+18.59%,光学光电子
'93,603100.川仪股份,'20.46,'+0.20%,293.72%,'104,'412,'21,44.70%,'14.10,'2.37,2.82%,17.41%,'-2.41%,仪器仪表
'94,603187.海容冷链,'12.85,'-1.00%,289.63%,'50,'195,'13,26.40%,'14.62,'1.19,3.85%,8.26%,'+19.99%,通用设备
'95,688569.铁科轨道,'23.95,'-3.23%,288.57%,'52,'202,'16,12.31%,'28.79,'1.82,1.41%,6.41%,'+14.74%,交运设备
'96,301058.中粮科工,'11.62,'+0.26%,288.19%,'59,'230,'14,49.86%,'25.13,'2.72,1.29%,11.25%,'+11.61%,工程建设
'97,002367.康力电梯,'7.49,'-0.13%,285.89%,'59,'230,'15,51.81%,'16.06,'1.66,4.01%,10.48%,'+13.77%,专用设备
'98,688080.映翰通,'48.61,'+0.58%,284.84%,'35,'137,'8,17.36%,'26.27,'3.35,0.41%,13.59%,'+48.30%,通信设备
'99,603217.元利科技,'18.58,'-0.27%,282.23%,'38,'148,'10,22.70%,'19.56,'1.16,1.88%,6.07%,'+16.33%,化学制品
'100,603321.梅轮电梯,'8.84,'-1.12%,278.21%,'31,'118,'7,33.70%,'47.70,'2.53,1.97%,5.33%,'+29.76%,专用设备
'101,688015.交控科技,'22.45,'-0.97%,277.41%,'42,'161,'12,53.96%,'48.14,'1.66,1.01%,3.50%,'+14.52%,交运设备
'102,601156.东航物流,'14.56,'+0.07%,274.29%,'230,'864,'65,25.76%,'8.74,'1.28,4.65%,15.51%,'-11.75%,物流行业
'103,688338.赛科希德,'28.38,'+0.28%,269.17%,'30,'110,'10,5.11%,'28.42,'1.81,1.17%,6.43%,'+18.88%,医疗器械
'104,002687.乔治白,'4.90,0.00%,268.42%,'24,'91,'5,20.71%,'30.46,'1.67,'-,5.43%,'+11.87%,纺织服装
'105,603216.梦天家居,'14.22,'-4.37%,265.72%,'33,'121,'6,18.36%,'51.75,'1.85,1.34%,3.57%,'+32.93%,装修装饰
'106,301185.鸥玛软件,'20.78,'-1.84%,264.90%,'32,'118,'8,1.51%,'45.91,'3.00,1.42%,6.66%,'+23.62%,软件开发
'107,600557.康缘药业,'17.65,'+1.09%,263.87%,'98,'359,'21,30.42%,'30.21,'2.15,'-,6.59%,'+29.59%,中药
'108,002236.大华股份,'16.60,'+0.36%,260.63%,'543,'1960,'90,24.85%,'18.13,'1.48,3.89%,8.32%,'+6.79%,计算机设备
'109,601126.四方股份,'17.10,'-0.93%,259.26%,'143,'516,'28,57.62%,'18.53,'2.98,4.17%,16.76%,'+5.25%,电网设备
'110,000919.金陵药业,'7.27,'+0.28%,258.67%,'45,'162,'10,19.55%,'227.84,'1.19,1.38%,0.52%,'+12.10%,中药
'111,600229.城市传媒,'7.10,'-0.28%,258.18%,'47,'168,'11,23.97%,'77.57,'1.45,0.98%,1.84%,'+2.86%,文化传媒
'112,000541.佛山照明,'6.48,'-0.15%,255.89%,'99,'354,'16,39.35%,'23.33,'1.50,1.85%,6.56%,'+6.45%,家电行业
'113,688663.新风光,'30.86,'+0.19%,254.70%,'43,'153,'8,55.02%,'26.58,'3.13,1.95%,12.06%,'+45.31%,电网设备
'114,002697.红旗连锁,'5.73,'+0.53%,254.63%,'77,'274,'20,43.49%,'14.48,'1.69,2.02%,12.17%,'-1.01%,商业百货
'115,002363.隆基机械,'8.46,'-1.51%,250.99%,'35,'125,'9,33.50%,'70.03,'1.68,1.28%,2.40%,'+29.77%,汽车零部件
'116,601616.广电电气,'3.95,0.00%,249.97%,'33,'118,'11,13.58%,'54.09,'1.37,1.77%,2.52%,'-8.45%,电网设备
'117,000915.华特达因,'34.04,'-0.79%,249.03%,'80,'280,'20,11.27%,'15.43,'2.89,7.29%,18.53%,'+28.74%,化学制药
'118,688006.杭可科技,'21.37,'-0.47%,248.68%,'129,'451,'28,45.97%,'48.16,'2.47,1.05%,5.11%,'+20.37%,电池
'119,601999.出版传媒,'7.36,'-0.81%,247.46%,'40,'142,'9,36.11%,'35.01,'1.56,0.84%,4.54%,'+17.38%,文化传媒
'120,601226.华电科工,'6.67,'+0.15%,246.59%,'77,'269,'14,59.69%,'59.76,'1.85,0.51%,3.13%,'-0.79%,工程机械
'121,600059.古越龙山,'9.75,'-0.71%,240.21%,'89,'304,'19,10.71%,'44.19,'1.50,0.81%,3.42%,'+10.67%,酿酒行业
'122,603129.春风动力,'270.01,'+6.84%,237.07%,'385,'1299,'85,'-,'23.96,'5.72,1.52%,26.73%,'+75.66%,交运设备
'123,002051.中工国际,'9.02,'+1.24%,235.14%,'110,'369,'42,52.68%,'29.36,'0.95,1.40%,3.29%,'+12.18%,工程建设
'124,300130.新国都,'29.90,'+1.60%,235.01%,'166,'559,'20,25.24%,'98.29,'3.83,1.36%,3.82%,'+38.77%,计算机设备
'125,603515.欧普照明,'18.79,'-0.69%,234.43%,'140,'470,'23,28.17%,'15.24,'2.05,4.77%,13.69%,'+20.11%,家电行业
'126,603023.威帝股份,'4.62,'+10.00%,234.13%,'23,'78,'5,12.91%,'300.00,'3.04,'-,0.19%,'+68.61%,汽车零部件
'127,000757.浩物股份,'5.01,'-0.99%,232.27%,'26,'89,'5,37.98%,'300.00,'1.73,'-,0.18%,'+34.32%,汽车服务
'128,600929.雪天盐业,'5.26,'-0.57%,229.29%,'86,'285,'13,25.06%,'190.01,'1.15,1.64%,0.59%,'-4.29%,化学原料
'129,300873.海晨股份,'26.98,'+3.17%,228.44%,'60,'198,'11,31.45%,'20.51,'1.96,1.53%,9.83%,'+59.55%,物流行业
'130,603637.镇海股份,'11.30,'-1.48%,228.01%,'27,'89,'7,21.11%,'28.89,'2.65,1.74%,9.46%,'+38.39%,工程建设
'131,002677.浙江美大,'7.12,'+0.42%,227.59%,'45,'150,'9,8.15%,'111.50,'2.76,4.23%,2.18%,'+1.04%,家电行业
'132,002224.三力士,'4.70,'-0.42%,226.02%,'42,'138,'8,19.50%,'90.18,'1.31,0.64%,1.45%,'+9.48%,橡胶制品
'133,003028.振邦智能,'35.97,'-0.66%,224.26%,'52,'169,'11,31.33%,'27.10,'2.94,0.96%,11.35%,'+31.92%,消费电子
'134,603551.奥普科技,'11.66,'+0.34%,223.14%,'45,'146,'10,30.81%,'15.31,'3.12,7.39%,18.89%,'+14.72%,家电行业
'135,002393.力生制药,'24.28,'+0.04%,222.86%,'62,'201,'16,16.39%,'34.62,'1.30,1.44%,3.70%,'+40.63%,化学制药
'136,600722.金牛化工,'6.14,'-0.16%,222.71%,'41,'135,'11,7.80%,'78.31,'3.45,'-,4.51%,'+31.20%,化学原料
'137,002035.华帝股份,'6.54,0.00%,222.19%,'55,'178,'12,45.55%,'11.87,'1.43,4.59%,12.36%,'-6.73%,家电行业
'138,600137.浪莎股份,'20.35,'-0.97%,217.97%,'19,'63,'4,21.44%,'71.42,'3.63,0.91%,5.13%,'+46.32%,纺织服装
'139,601019.山东出版,'9.22,'+0.77%,215.71%,'190,'602,'60,32.00%,'13.81,'1.25,3.39%,9.12%,'-16.39%,文化传媒
'140,001213.中铁特货,'4.29,'-0.69%,213.78%,'192,'602,'48,8.12%,'33.51,'1.00,1.41%,3.00%,'+4.43%,物流行业
'141,600522.中天科技,'14.59,'+0.41%,212.48%,'495,'1549,'98,37.24%,'17.53,'1.39,2.06%,8.15%,'+4.05%,通信设备
'142,603630.拉芳家化,'25.12,'+2.99%,211.49%,'54,'171,'11,11.14%,'207.46,'2.84,0.57%,1.36%,'+83.03%,美容护理
'143,603519.立霸股份,'13.19,'+1.00%,210.93%,'34,'108,'5,17.90%,'21.45,'2.54,7.66%,11.41%,'+20.16%,家电行业
'144,301222.浙江恒威,'30.85,'-0.32%,210.11%,'31,'97,'6,4.30%,'27.23,'2.20,0.97%,8.24%,'+22.56%,电池
'145,301006.迈拓股份,'17.50,'-1.13%,208.03%,'24,'75,'4,12.14%,'30.95,'1.96,1.13%,6.40%,'+34.46%,仪器仪表
'146,688767.博拓生物,'36.33,'+4.61%,204.86%,'51,'158,'16,4.70%,'37.42,'2.14,3.09%,5.73%,'+59.83%,医疗器械
'147,600367.红星发展,'15.69,'-0.70%,204.62%,'53,'164,'7,16.58%,'48.10,'2.23,0.19%,4.74%,'+36.17%,化学原料
'148,002452.长高电新,'7.44,'-0.27%,204.13%,'46,'140,'9,31.50%,'18.09,'1.89,1.07%,10.98%,'+1.44%,电网设备
'149,603948.建业股份,'21.32,'-0.47%,202.36%,'34,'105,'8,19.60%,'17.42,'1.63,4.67%,9.48%,'+21.86%,化学制品
'150,300059.东方财富,'23.99,'+0.80%,197.74%,'3761,'11199,'849,74.88%,'36.27,'4.52,0.25%,13.23%,'-6.81%,互联网服务
'151,000596.古井贡酒,'146.28,'-0.31%,194.48%,'775,'2284,'154,35.87%,'13.42,'2.93,4.09%,23.11%,'-11.92%,酿酒行业
'152,300557.理工光科,'28.45,'-1.08%,194.36%,'34,'102,'6,36.60%,'97.12,'3.50,0.53%,3.68%,'+13.91%,仪器仪表
'153,603980.吉华集团,'6.01,'+0.84%,194.12%,'40,'118,'6,12.34%,'93.89,'1.04,1.17%,1.09%,'+39.43%,化学制品
'154,002255.海陆重工,'8.55,'-0.93%,192.93%,'71,'210,'16,40.13%,'17.68,'1.76,'-,10.39%,'+53.78%,电源设备
'155,002441.众业达,'9.45,'-0.53%,192.83%,'51,'151,'9,33.99%,'39.08,'1.11,3.16%,2.83%,'+25.68%,电网设备
'156,002154.报喜鸟,'3.87,'+0.26%,188.69%,'56,'162,'10,29.69%,'13.57,'1.24,3.11%,9.09%,'-11.08%,纺织服装
'157,605338.巴比食品,'20.65,'-0.86%,188.48%,'49,'143,'8,18.40%,'18.20,'2.18,3.84%,12.09%,'+24.88%,食品饮料
'158,002668.TCL智家,'10.31,'+0.58%,188.44%,'111,'320,'20,72.76%,'10.14,'4.08,'-,50.37%,'-21.42%,家电行业
'159,301042.安联锐视,'40.11,'-1.21%,187.21%,'28,'81,'6,10.78%,'42.20,'2.72,2.46%,6.09%,'+11.45%,计算机设备
'160,002249.大洋电机,'7.14,'+2.73%,186.66%,'169,'486,'36,46.73%,'17.61,'1.77,2.73%,10.42%,'+24.08%,电机
'161,000524.岭南控股,'12.64,'+0.32%,185.16%,'84,'240,'15,34.59%,'55.33,'3.68,0.63%,6.92%,'+31.48%,旅游酒店
'162,601298.青岛港,'8.90,'+0.79%,183.59%,'573,'1625,'104,26.03%,'10.77,'1.31,1.28%,12.44%,'-2.31%,航运港口
'163,002140.东华科技,'10.52,'+0.10%,182.88%,'74,'210,'11,67.80%,'18.19,'1.66,1.43%,9.50%,'+8.25%,工程建设
'164,600398.海澜之家,'7.00,'+0.14%,182.21%,'335,'947,'66,44.92%,'15.21,'1.87,5.87%,11.79%,'-4.36%,纺织服装
'165,002454.松芝股份,'8.72,'+1.75%,179.52%,'53,'150,'8,43.66%,'31.82,'1.34,1.17%,4.29%,'+32.85%,汽车零部件
'166,300768.迪普科技,'18.14,'+0.33%,179.36%,'116,'325,'23,12.47%,'72.19,'3.48,0.44%,4.93%,'+4.14%,软件开发
'167,600822.上海物贸,'12.18,'-0.16%,176.85%,'60,'167,'9,33.55%,'116.10,'4.99,'-,4.40%,'+19.18%,汽车服务
'168,002304.洋河股份,'69.25,'-0.62%,175.72%,'1049,'2894,'183,19.20%,'24.67,'2.03,6.67%,7.76%,'-11.57%,酿酒行业
'169,300514.友讯达,'14.27,'+0.42%,175.48%,'28,'78,'4,25.33%,'16.06,'2.71,2.11%,18.03%,'+0.96%,电网设备
'170,603338.浙江鼎力,'51.85,'+0.12%,175.19%,'262,'721,'37,33.91%,'14.94,'2.51,1.93%,17.88%,'-17.80%,工程机械
'171,600051.宁波联合,'7.99,'+1.01%,174.30%,'24,'67,'6,27.27%,'27.96,'0.73,1.52%,2.62%,'+24.21%,综合行业
'172,600528.中铁工业,'9.07,'-1.95%,174.22%,'205,'563,'37,54.99%,'12.68,'0.76,1.10%,6.16%,'+12.53%,交运设备
'173,603218.日月股份,'13.12,'-0.08%,173.80%,'135,'370,'19,27.29%,'20.57,'1.32,2.67%,6.53%,'+11.95%,风电设备
'174,001210.金房能源,'15.65,'+0.97%,173.67%,'24,'66,'4,28.81%,'43.83,'1.76,1.08%,4.07%,'+35.26%,公用事业
'175,603727.博迈科,'14.27,'-0.76%,171.32%,'40,'109,'8,33.89%,'81.53,'1.28,1.74%,1.56%,'+26.54%,采掘行业
'176,600814.杭州解百,'7.88,'+1.16%,169.68%,'57,'154,'30,42.71%,'27.14,'1.54,1.76%,5.76%,'-3.24%,商业百货
'177,000570.苏常柴Ａ,'6.04,'-0.17%,169.36%,'42,'114,'6,37.59%,'143.14,'1.26,0.17%,0.87%,'+18.93%,汽车零部件
'178,000888.峨眉山Ａ,'13.75,'-0.36%,168.81%,'72,'195,'11,28.56%,'32.55,'2.79,1.81%,8.72%,'+5.85%,旅游酒店
'179,002349.精华制药,'7.77,'-0.77%,168.37%,'64,'174,'10,10.22%,'31.88,'2.45,1.00%,7.89%,'+2.62%,中药
'180,601188.龙江交通,'3.54,'-0.28%,167.78%,'46,'125,'6,9.35%,'28.41,'1.00,2.00%,3.57%,'+0.26%,铁路公路
'181,300439.美康生物,'11.87,'+0.42%,166.87%,'45,'121,'5,17.41%,'21.70,'1.53,1.14%,7.26%,'+15.13%,医疗器械
'182,600613.神奇制药,'6.96,'-1.56%,166.63%,'37,'100,'6,21.53%,'60.47,'1.59,2.12%,2.64%,'+3.78%,化学制药
'183,000513.丽珠集团,'40.06,'-1.01%,165.34%,'365,'970,'70,37.21%,'17.51,'2.58,2.72%,14.53%,'+8.41%,化学制药
'184,601010.文峰股份,'2.64,'+0.38%,164.94%,'48,'128,'5,29.98%,'35.72,'1.09,4.71%,3.04%,'-1.19%,商业百货
'185,002543.万和电气,'12.88,'-5.16%,164.26%,'100,'266,'17,42.97%,'15.05,'2.05,3.24%,13.93%,'+28.32%,家电行业
'186,300724.捷佳伟创,'67.16,'-0.07%,163.30%,'233,'615,'61,63.91%,'8.08,'1.98,1.79%,27.39%,'+8.67%,光伏设备
'187,605259.绿田机械,'28.74,'+2.13%,163.25%,'48,'127,'10,34.87%,'23.47,'2.77,2.13%,12.30%,'+95.43%,通用设备
'188,603922.金鸿顺,'22.04,'-1.61%,162.43%,'40,'105,'6,28.03%,'300.00,'3.92,0.06%,0.83%,'-11.63%,汽车零部件
'189,688358.祥生医疗,'34.70,'+0.29%,162.37%,'38,'101,'8,9.84%,'28.40,'2.65,2.89%,9.49%,'+46.87%,医疗器械
'190,603927.中科软,'20.08,'-0.35%,161.02%,'167,'437,'26,52.24%,'53.50,'5.11,1.69%,9.53%,'-5.79%,软件开发
'191,002012.凯恩股份,'6.37,'-0.16%,160.54%,'29,'77,'4,6.37%,'300.00,'1.95,0.06%,0.31%,'+23.55%,造纸印刷
'192,002401.中远海科,'20.33,'+4.52%,159.86%,'72,'187,'15,38.11%,'93.94,'4.32,0.67%,4.61%,'+28.88%,互联网服务
'193,300994.久祺股份,'17.64,'-0.62%,158.91%,'41,'107,'6,38.50%,'29.11,'3.43,'-,12.09%,'+56.38%,交运设备
'194,600628.新世界,'7.62,'-0.39%,158.48%,'49,'127,'11,25.29%,'80.78,'1.17,0.39%,1.45%,'-6.73%,商业百货
'195,301119.正强股份,'40.48,'-2.95%,157.84%,'43,'111,'7,31.90%,'39.49,'4.08,2.45%,10.79%,'+34.08%,汽车零部件
'196,603339.四方科技,'13.43,'+1.44%,154.97%,'40,'104,'6,20.20%,'17.49,'1.56,1.78%,9.12%,'+8.35%,通用设备
'197,003023.彩虹集团,'23.56,'-0.88%,154.67%,'25,'63,'5,30.30%,'24.22,'1.59,1.68%,6.69%,'+34.37%,家电行业
'198,300286.安科瑞,'22.99,'+0.57%,154.65%,'57,'145,'12,15.15%,'32.43,'2.59,1.69%,9.90%,'+13.44%,电网设备
'199,003031.中瓷电子,'55.88,'+0.11%,154.35%,'251,'640,'30,16.21%,'43.45,'4.09,0.75%,9.77%,'+7.61%,通信设备
'200,301153.中科江南,'25.24,'+0.68%,153.82%,'88,'224,'13,22.01%,'122.33,'5.14,0.71%,4.09%,'-9.00%,软件开发
'201,002790.瑞尔特,'7.79,'-0.38%,153.76%,'32,'82,'6,18.84%,'22.70,'1.52,3.07%,6.71%,'+9.78%,装修建材
'202,000636.风华高科,'14.09,'-0.35%,152.83%,'163,'413,'39,23.71%,'49.72,'1.32,1.06%,2.70%,'-0.74%,电子元件
'203,300982.苏文电能,'19.78,'-1.15%,152.19%,'41,'104,'10,34.39%,'108.19,'1.36,3.25%,1.24%,'+6.38%,工程建设
'204,300048.合康新能,'6.20,'+0.81%,151.91%,'68,'173,'9,62.36%,'250.80,'3.97,'-,1.60%,'+23.02%,专用设备
'205,300407.凯发电气,'11.45,'-1.55%,151.34%,'37,'93,'4,43.40%,'49.70,'2.03,0.86%,4.13%,'+13.64%,电网设备
'206,688092.爱科科技,'25.32,'-0.90%,151.02%,'21,'53,'4,18.73%,'34.62,'3.30,1.41%,9.73%,'+24.53%,专用设备
'207,002978.安宁股份,'29.77,'-0.54%,150.84%,'141,'354,'25,23.09%,'16.59,'1.69,3.09%,11.67%,'+6.47%,有色金属
'208,301106.骏成科技,'32.33,'-0.46%,149.83%,'33,'82,'5,15.94%,'33.42,'2.63,1.23%,8.12%,'+16.46%,光学光电子
'209,002145.中核钛白,'4.28,'-0.70%,149.72%,'164,'409,'24,38.06%,'28.91,'1.35,0.38%,4.70%,'+1.32%,化学原料
'210,300750.宁德时代,'263.25,'-0.16%,147.56%,'12021,'29759,'1844,62.59%,'20.60,'4.08,2.19%,23.77%,'+1.43%,电池
'211,603586.金麒麟,'19.58,'-2.34%,147.04%,'39,'97,'6,16.22%,'26.23,'1.69,2.00%,6.51%,'+38.37%,汽车零部件
'212,600009.XD上海机,'31.84,'-0.19%,146.70%,'793,'1958,'142,35.81%,'38.40,'1.88,1.25%,4.97%,'-5.89%,航空机场
'213,300906.日月明,'35.12,'-5.00%,145.67%,'29,'72,'3,9.39%,'39.53,'3.22,1.35%,8.31%,'+37.73%,交运设备
'214,301197.工大科雅,'20.67,'-0.86%,145.36%,'25,'61,'3,21.02%,'44.76,'1.85,0.48%,4.17%,'+38.03%,软件开发
'215,002641.公元股份,'4.26,'-0.47%,142.75%,'52,'127,'7,39.16%,'38.29,'0.97,1.17%,2.55%,'-2.02%,装修建材
'216,603136.天目湖,'12.69,'-0.94%,142.28%,'34,'83,'4,16.71%,'32.17,'2.56,1.83%,7.98%,'+14.59%,旅游酒店
'217,300803.指南针,'92.94,'+1.83%,142.09%,'555,'1343,'67,80.78%,'245.52,'24.88,'-,10.94%,'+40.45%,软件开发
'218,300079.数码视讯,'5.85,'-0.51%,142.06%,'83,'202,'18,7.12%,'300.00,'1.98,0.17%,0.60%,'+8.32%,互联网服务
'219,300304.云意电气,'12.90,'-3.01%,140.78%,'116,'281,'13,23.31%,'29.62,'3.77,0.59%,13.44%,'+62.54%,汽车零部件
'220,600825.新华传媒,'7.27,'-0.68%,140.74%,'76,'184,'13,37.53%,'191.83,'3.12,0.16%,1.62%,'+11.18%,文化传媒
'221,600054.黄山旅游,'11.75,'-0.09%,139.66%,'85,'205,'12,14.73%,'26.28,'1.83,1.46%,7.10%,'+5.57%,旅游酒店
'222,605058.澳弘电子,'29.52,'-1.20%,139.29%,'42,'102,'7,33.53%,'29.07,'2.43,2.01%,8.62%,'+52.41%,电子元件
'223,600959.江苏有线,'3.60,'-1.10%,137.05%,'182,'431,'33,37.76%,'45.52,'0.80,0.60%,1.78%,'+8.13%,文化传媒
'224,603888.新华网,'19.45,'+0.46%,136.52%,'130,'308,'17,27.11%,'53.26,'3.69,0.54%,7.01%,'+13.81%,文化传媒
'225,603456.九洲药业,'18.43,'-0.11%,135.99%,'164,'387,'23,19.86%,'24.98,'1.88,1.64%,7.68%,'+37.50%,化学制药
'226,603027.千禾味业,'11.89,'+0.51%,135.74%,'121,'285,'12,15.94%,'23.34,'3.18,4.23%,14.02%,'+2.28%,食品饮料
'227,301003.江苏博云,'34.16,'-2.12%,135.34%,'33,'79,'6,9.05%,'24.17,'2.74,5.26%,11.60%,'+64.95%,塑料制品
'228,301289.国缆检测,'51.94,'-0.44%,132.61%,'40,'94,'7,17.94%,'50.76,'4.08,0.79%,8.24%,'+7.21%,专业服务
'229,002649.博彦科技,'14.68,'+0.27%,132.59%,'85,'199,'15,27.69%,'48.50,'2.03,1.17%,4.28%,'+22.71%,互联网服务
'230,000969.安泰科技,'13.39,'-0.96%,130.28%,'142,'327,'16,41.95%,'37.75,'2.52,1.48%,6.91%,'+21.95%,通用设备
'231,688571.杭华股份,'8.78,'-0.45%,130.14%,'37,'85,'7,21.04%,'26.23,'2.35,2.27%,9.25%,'+34.39%,化学制品
'232,600125.铁龙物流,'5.85,'+0.17%,129.91%,'76,'175,'14,28.35%,'20.88,'1.02,1.54%,4.96%,'+0.22%,物流行业
'233,688236.春立医疗,'25.08,'+4.54%,129.49%,'92,'211,'18,17.11%,'71.97,'3.20,0.55%,4.40%,'+96.37%,医疗器械
'234,300880.迦南智能,'20.50,'-0.48%,128.63%,'40,'91,'5,28.64%,'22.46,'3.71,2.18%,17.54%,'-5.61%,电网设备
'235,300144.宋城演艺,'8.53,'-0.12%,128.60%,'223,'511,'27,13.01%,'21.47,'2.68,2.34%,13.14%,'-6.01%,旅游酒店
'236,002515.金字火腿,'7.38,'-0.94%,128.38%,'90,'205,'7,2.21%,'143.46,'3.40,0.40%,2.39%,'+63.86%,食品饮料
'237,301208.中亦科技,'49.00,'-0.04%,128.31%,'58,'134,'10,17.79%,'74.88,'3.82,0.41%,5.17%,'+27.75%,软件开发
'238,688009.中国通号,'5.43,'-0.37%,127.28%,'577,'1311,'93,55.95%,'16.72,'1.19,3.12%,7.19%,'-10.57%,交运设备
'239,300792.壹网壹创,'26.34,'+2.05%,126.67%,'61,'138,'12,4.02%,'84.11,'2.13,0.39%,2.54%,'+10.20%,互联网服务
'240,600993.XD马应龙,'27.91,'-0.21%,126.26%,'120,'272,'14,19.03%,'22.58,'2.82,2.22%,13.05%,'+9.24%,中药
'241,603013.亚普股份,'21.00,'-0.52%,125.52%,'108,'244,'13,33.63%,'21.59,'2.46,1.89%,11.73%,'+43.02%,汽车零部件
'242,002962.五方光电,'15.68,'+0.51%,124.11%,'45,'101,'9,14.24%,'87.61,'2.58,1.28%,2.91%,'-8.58%,光学光电子
'243,000880.潍柴重机,'46.04,'-0.80%,123.35%,'153,'343,'21,68.49%,'79.72,'7.35,0.06%,9.50%,'+166.50%,通用设备
'244,002869.金溢科技,'28.06,'+3.31%,122.62%,'48,'108,'7,15.84%,'67.19,'2.23,0.74%,3.37%,'+6.35%,电子元件
'245,300833.浩洋股份,'36.46,'-0.30%,121.27%,'46,'102,'10,8.35%,'18.18,'1.86,3.55%,10.36%,'-14.30%,专用设备
'246,300968.格林精密,'15.43,'+0.13%,121.11%,'63,'140,'9,12.67%,'189.88,'3.37,0.32%,1.79%,'-6.02%,消费电子
'247,002737.葵花药业,'16.13,'-0.37%,120.47%,'94,'208,'9,19.49%,'32.16,'2.13,3.09%,6.22%,'-18.77%,中药
'248,000419.通程控股,'6.09,'+2.35%,120.10%,'32,'71,'6,35.32%,'26.84,'0.93,2.52%,3.54%,'+9.41%,商业百货
'249,001229.魅视科技,'34.09,'-0.50%,118.97%,'34,'75,'4,6.17%,'47.92,'3.43,1.75%,7.20%,'-2.77%,计算机设备
'250,000568.泸州老窖,'125.43,'-0.52%,118.85%,'1855,'4061,'250,24.67%,'13.76,'3.70,9.00%,27.99%,'+5.12%,酿酒行业
'251,300795.米奥会展,'15.54,'+0.19%,118.55%,'46,'101,'6,28.83%,'40.82,'7.90,3.22%,18.18%,'+2.36%,文化传媒
'252,689009.九号公司-WD,'61.74,'-0.58%,118.02%,'446,'974,'56,64.66%,'25.82,'6.59,1.82%,27.90%,'+32.42%,交运设备
'253,002406.远东传动,'8.37,'-2.22%,117.71%,'62,'136,'7,14.49%,'51.53,'1.54,1.75%,3.01%,'+32.43%,汽车零部件
'254,605066.天正电气,'7.87,'-1.13%,116.66%,'40,'87,'7,41.09%,'31.85,'2.19,4.40%,6.83%,'+35.16%,电网设备
'255,600241.时代万恒,'8.66,'-1.37%,116.33%,'25,'55,'3,11.37%,'133.89,'2.21,'-,1.66%,'+29.45%,电池
'256,300945.曼卡龙,'19.58,'-1.85%,113.50%,'52,'111,'4,11.78%,'48.90,'3.15,0.70%,6.60%,'+71.53%,珠宝首饰
'257,002695.煌上煌,'14.35,'-9.97%,113.46%,'89,'190,'12,16.24%,'157.46,'3.22,0.69%,2.05%,'+70.08%,食品饮料
'258,688667.菱电电控,'65.18,'+0.08%,113.30%,'34,'72,'5,22.59%,'103.07,'2.07,'-,2.03%,'+62.43%,汽车零部件
'259,000985.大庆华科,'19.11,'-0.98%,112.31%,'25,'53,'3,11.74%,'137.12,'4.08,0.26%,3.04%,'+2.46%,化学制品
'260,688112.鼎阳科技,'42.49,'+0.71%,111.69%,'67,'142,'12,6.78%,'54.86,'4.26,1.21%,7.73%,'+53.77%,仪器仪表
'261,300111.向日葵,'3.96,'-1.25%,111.45%,'51,'109,'5,16.68%,'300.00,'7.52,'-,1.05%,'+22.22%,化学制药
'262,603298.杭叉集团,'21.98,'+3.53%,111.23%,'278,'587,'32,34.99%,'13.37,'2.63,2.36%,21.25%,'+26.12%,工程机械
'263,002658.雪迪龙,'8.06,'-0.12%,110.80%,'51,'108,'6,13.49%,'27.73,'1.98,3.10%,7.12%,'+30.80%,仪器仪表
'264,603899.晨光股份,'31.88,'+1.53%,110.45%,'289,'608,'31,38.48%,'21.67,'3.15,3.19%,15.34%,'+9.10%,家用轻工
'265,300802.矩子科技,'20.38,'-1.50%,110.29%,'59,'125,'8,12.07%,'89.73,'3.67,0.77%,4.06%,'+12.50%,专用设备
'266,002332.仙琚制药,'10.74,'+0.37%,109.67%,'105,'221,'13,14.80%,'27.14,'1.75,2.80%,6.53%,'+11.61%,化学制药
'267,002282.博深股份,'7.89,'-0.13%,108.07%,'41,'86,'4,9.93%,'21.66,'1.15,2.53%,5.41%,'+9.55%,通用设备
'268,601958.XD金钼股,'13.06,'+0.62%,105.90%,'418,'862,'47,9.81%,'13.83,'2.36,3.08%,17.97%,'+33.94%,小金属
'269,300578.会畅通讯,'20.53,'-1.91%,105.33%,'41,'85,'5,10.74%,'204.99,'3.50,'-,1.72%,'+6.65%,通信服务
'270,300564.筑博设计,'17.68,'-1.72%,104.31%,'29,'59,'5,22.79%,'51.10,'2.28,2.78%,4.40%,'+48.26%,工程咨询服务
'271,603018.华设集团,'8.33,'-0.72%,102.61%,'57,'116,'7,56.62%,'16.50,'1.10,1.19%,6.77%,'+2.76%,工程咨询服务
'272,002732.燕塘乳业,'17.49,'-0.28%,101.70%,'27,'55,'2,21.48%,'28.95,'1.86,0.86%,6.59%,'+12.34%,食品饮料
'273,688389.普门科技,'14.50,'+0.35%,101.39%,'61,'124,'9,26.13%,'21.21,'2.94,1.95%,14.54%,'-0.51%,医疗器械
'274,002486.嘉麟杰,'2.84,'-1.04%,101.35%,'23,'47,'3,16.57%,'67.21,'2.25,'-,3.39%,'+15.92%,纺织服装
'275,605111.新洁能,'33.86,'+1.53%,101.32%,'138,'278,'21,9.50%,'31.28,'3.41,0.35%,11.44%,'+0.06%,半导体
'276,002194.武汉凡谷,'13.50,'-0.22%,100.36%,'92,'185,'13,16.33%,'158.54,'3.64,0.52%,2.28%,'+20.90%,通信设备
'277,002912.中新赛克,'28.22,'-1.84%,99.96%,'49,'98,'9,16.25%,'83.92,'2.99,0.70%,3.57%,'+11.24%,互联网服务
'278,603106.恒银科技,'10.84,'+1.69%,99.28%,'55,'110,'8,22.19%,'83.24,'4.23,0.28%,5.22%,'+38.21%,计算机设备
'279,000788.北大医药,'6.42,'-7.36%,98.52%,'41,'81,'5,32.78%,'29.59,'2.65,1.15%,9.22%,'+7.49%,化学制药
'280,600055.万东医疗,'17.85,'+0.51%,98.29%,'124,'247,'14,8.98%,'78.46,'2.60,0.73%,3.33%,'+19.11%,医疗器械
'281,000551.创元科技,'12.09,'-0.25%,96.46%,'58,'115,'8,37.73%,'21.95,'2.18,0.69%,10.50%,'+22.25%,环保行业
'282,603533.掌阅科技,'20.56,'-0.63%,96.16%,'90,'178,'12,20.25%,'188.53,'3.62,0.48%,1.94%,'+1.73%,文化传媒
'283,002033.丽江股份,'8.92,'+0.23%,94.52%,'48,'95,'7,10.94%,'25.33,'2.00,3.93%,7.94%,'+4.68%,旅游酒店
'284,600650.锦江在线,'16.39,'-0.18%,93.65%,'90,'175,'16,18.70%,'53.30,'2.17,0.67%,4.20%,'+18.03%,铁路公路
'285,600423.柳化股份,'3.77,'-1.31%,93.35%,'30,'58,'4,9.22%,'102.32,'5.51,'-,5.54%,'+28.23%,化学原料
'286,688330.宏力达,'27.65,'-0.32%,93.33%,'38,'75,'3,8.03%,'18.75,'1.02,1.23%,5.56%,'+6.70%,电网设备
'287,603365.水星家纺,'17.90,'+0.96%,92.80%,'46,'89,'8,18.29%,'12.82,'1.51,5.08%,11.97%,'+15.82%,纺织服装
'288,600728.佳都科技,'5.80,'-0.34%,92.56%,'124,'239,'15,53.27%,'65.91,'1.61,0.32%,2.47%,'+23.93%,软件开发
'289,600507.方大特钢,'6.31,'+0.16%,92.44%,'145,'280,'27,54.56%,'36.00,'1.53,0.52%,4.29%,'+57.02%,钢铁行业
'290,300951.博硕科技,'34.42,'-0.14%,92.26%,'58,'112,'8,17.59%,'28.60,'2.46,1.74%,8.74%,'+17.61%,消费电子
'291,300613.富瀚微,'53.63,'+4.38%,92.18%,'119,'229,'12,22.40%,'50.53,'4.27,0.23%,8.78%,'-8.09%,半导体
'292,301065.本立科技,'25.08,'-0.75%,92.09%,'26,'51,'4,17.62%,'42.37,'2.03,0.79%,4.89%,'+34.87%,化学原料
'293,600158.中体产业,'8.66,'+0.35%,91.73%,'82,'158,'16,39.02%,'300.00,'3.17,0.23%,0.58%,'+4.95%,文化传媒
'294,300519.新光药业,'17.32,'-1.81%,91.64%,'28,'54,'6,7.46%,'54.17,'3.30,1.70%,6.05%,'+33.25%,中药
'295,688205.德科立,'72.83,'+3.94%,91.46%,'110,'212,'7,14.65%,'120.58,'4.91,0.55%,4.13%,'+4.46%,光学光电子
'296,688032.禾迈股份,'109.41,'-1.39%,91.44%,'137,'263,'27,23.28%,'51.64,'2.17,2.88%,4.18%,'+0.25%,光伏设备
'297,300770.新媒股份,'40.40,'-0.52%,91.21%,'93,'177,'16,25.66%,'13.87,'2.48,7.07%,17.71%,'+1.84%,文化传媒
'298,301001.凯淳股份,'33.00,'+1.73%,90.10%,'25,'49,'3,8.75%,'198.81,'3.16,1.16%,1.59%,'-4.57%,互联网服务
'299,600838.XD上海九,'8.87,'+1.03%,89.94%,'35,'66,'4,7.10%,'79.51,'2.31,0.36%,2.96%,'-8.50%,商业百货
'300,601921.浙版传媒,'8.31,'-0.12%,89.86%,'184,'351,'58,37.85%,'16.31,'1.33,3.61%,8.29%,'+9.47%,文化传媒
'301,605377.华旺科技,'9.36,'+0.21%,89.57%,'51,'98,'5,33.55%,'12.91,'1.28,7.77%,9.82%,'-12.27%,造纸印刷
'302,002977.天箭科技,'40.19,'-1.93%,89.48%,'49,'93,'5,12.55%,'191.62,'4.43,0.44%,2.32%,'+48.38%,通信设备
'303,600101.明星电力,'10.28,'-0.58%,89.34%,'56,'107,'9,26.83%,'26.69,'1.85,1.16%,7.12%,'+18.00%,电力行业
'304,601086.国芳集团,'11.10,'-0.36%,88.11%,'74,'139,'8,43.04%,'132.17,'4.66,0.72%,3.47%,'+90.18%,商业百货
'305,001266.宏英智能,'29.81,'-1.13%,87.37%,'31,'58,'3,38.85%,'131.01,'3.12,1.00%,2.38%,'+30.27%,仪器仪表
'306,600983.惠而浦,'11.48,'+0.17%,86.90%,'87,'164,'17,50.33%,'28.57,'3.15,2.53%,11.53%,'+27.77%,家电行业
'307,301045.天禄科技,'25.63,'+0.63%,86.16%,'28,'52,'2,17.24%,'102.42,'2.81,0.20%,2.76%,'+16.15%,光学光电子
'308,002700.万憬能源,'7.94,'+3.25%,85.88%,'31,'59,'2,11.72%,'34.70,'2.36,0.86%,8.53%,'-22.27%,燃气
'309,002476.宝莫股份,'4.93,'-0.40%,84.98%,'30,'56,'4,10.63%,'47.85,'3.22,0.20%,6.94%,'+17.08%,化学制品
'310,605288.凯迪股份,'53.30,'-1.48%,83.97%,'37,'69,'5,21.51%,'44.98,'1.70,0.69%,3.82%,'+58.10%,专用设备
'311,688553.汇宇制药-W,'21.31,'-5.25%,83.80%,'95,'175,'14,20.27%,'37.61,'2.41,2.06%,6.52%,'+43.93%,化学制药
'312,300389.艾比森,'12.22,'-0.65%,83.57%,'45,'83,'7,56.56%,'55.14,'2.94,1.22%,5.40%,'+4.09%,光学光电子
'313,300384.三联虹普,'19.47,'-0.71%,83.44%,'62,'114,'7,22.46%,'19.57,'2.34,2.57%,12.14%,'+5.87%,专业服务
'314,601601.中国太保,'37.41,'+1.44%,83.38%,'3547,'6506,'534,90.04%,'8.28,'1.35,2.93%,16.43%,'+13.00%,保险
'315,688616.西力科技,'14.04,'-2.30%,83.36%,'25,'47,'3,16.81%,'23.97,'3.02,2.09%,12.98%,'+38.31%,电网设备
'316,002970.锐明技术,'46.51,'+0.15%,82.12%,'82,'150,'9,38.14%,'24.54,'4.56,2.15%,20.81%,'-0.96%,计算机设备
'317,300674.宇信科技,'26.21,'+0.31%,81.97%,'183,'334,'20,22.56%,'45.32,'4.24,1.00%,9.71%,'+35.74%,互联网服务
'318,688777.中控技术,'47.98,'-0.93%,81.89%,'383,'696,'27,41.64%,'35.10,'3.67,1.46%,10.71%,'-1.88%,软件开发
'319,600131.国网信通,'18.03,'-0.06%,81.67%,'216,'393,'21,44.47%,'31.07,'3.18,0.95%,10.59%,'-3.75%,互联网服务
'320,300294.博雅生物,'27.08,'+0.11%,81.44%,'136,'247,'6,10.05%,'35.48,'1.79,1.18%,5.09%,'-10.03%,生物制品
'321,002820.桂发祥,'13.68,'+9.97%,81.27%,'24,'45,'4,7.14%,'300.00,'2.82,1.21%,0.05%,'+11.60%,食品饮料
'322,002773.康弘药业,'42.18,'-0.87%,81.08%,'391,'709,'34,6.49%,'32.19,'4.33,1.41%,14.13%,'+119.52%,化学制药
'323,300908.仲景食品,'30.68,'+0.49%,80.79%,'44,'80,'5,13.04%,'25.77,'2.52,3.28%,9.88%,'+2.47%,食品饮料
'324,600066.宇通客车,'27.70,'+4.96%,80.10%,'584,'1052,'65,53.20%,'13.86,'4.12,5.68%,29.34%,'+9.09%,汽车整车
'325,688171.纬德信息,'43.75,'+2.03%,79.40%,'35,'64,'4,7.39%,'300.00,'4.38,0.10%,0.81%,'+161.86%,软件开发
'326,002767.先锋电子,'20.14,'-2.33%,79.21%,'30,'55,'2,27.38%,'123.38,'3.69,0.21%,3.03%,'+51.92%,仪器仪表
'327,002233.塔牌集团,'8.55,'+0.71%,79.12%,'101,'181,'10,9.10%,'13.55,'0.85,5.30%,6.35%,'+17.88%,水泥建材
'328,300171.东富龙,'15.31,'+1.19%,78.99%,'115,'207,'26,38.09%,'77.47,'1.48,0.50%,1.90%,'+16.02%,医疗器械
'329,000792.盐湖股份,'19.43,'-2.17%,78.35%,'1050,'1874,'114,12.67%,'21.56,'2.79,'-,13.82%,'+18.04%,化肥行业
'330,600085.同仁堂,'36.44,'-0.46%,77.06%,'502,'889,'82,32.65%,'32.76,'3.65,2.73%,11.21%,'-8.98%,中药
'331,301093.华兰股份,'27.25,'+1.08%,76.76%,'44,'78,'4,9.58%,'77.29,'1.96,0.57%,2.49%,'+49.77%,医疗器械
'332,603002.宏昌电子,'7.22,'+0.42%,76.04%,'81,'143,'8,26.10%,'180.46,'2.36,0.28%,1.31%,'+34.92%,电子化学品
'333,605098.行动教育,'37.20,'+1.09%,75.71%,'43,'77,'6,'-,'16.08,'4.43,6.09%,27.65%,'+7.71%,教育
'334,688016.心脉医疗,'120.00,'+1.55%,75.67%,'145,'255,'8,13.00%,'32.55,'3.79,1.70%,11.34%,'+9.67%,医疗器械
'335,688580.伟思医疗,'55.86,'+5.40%,75.24%,'50,'88,'10,8.47%,'44.75,'3.05,1.51%,6.85%,'+103.67%,医疗器械
'336,605577.龙版传媒,'13.50,'-0.15%,75.02%,'60,'105,'2,34.44%,'34.79,'1.57,1.11%,4.54%,'-5.99%,文化传媒
'337,688517.金冠电气,'16.00,'-0.93%,74.61%,'22,'38,'3,35.21%,'24.61,'2.64,3.41%,10.95%,'+22.67%,电网设备
'338,000409.云鼎科技,'12.69,'-1.17%,74.27%,'87,'151,'7,31.84%,'112.94,'5.63,'-,5.13%,'+42.42%,互联网服务
'339,002025.航天电器,'50.44,'-0.43%,73.99%,'230,'401,'20,37.36%,'137.21,'3.54,0.45%,2.58%,'+4.37%,电子元件
'340,605155.西大门,'13.70,'+0.51%,72.04%,'26,'44,'2,6.93%,'21.37,'2.00,1.84%,9.66%,'+39.07%,家用轻工
'341,300467.迅游科技,'22.89,'-0.52%,71.54%,'46,'80,'5,20.92%,'288.28,'7.44,'-,2.62%,'+45.52%,游戏
'342,000538.云南白药,'55.95,'-0.11%,71.22%,'999,'1711,'103,24.81%,'20.06,'2.45,4.28%,12.10%,'-4.71%,中药
'343,002749.国光股份,'15.88,'+2.98%,71.10%,'71,'123,'8,13.67%,'18.91,'3.49,5.86%,18.53%,'+16.42%,农药兽药
'344,601801.皖新传媒,'6.84,'-0.15%,70.52%,'134,'228,'4,39.77%,'16.81,'1.13,2.92%,6.73%,'-5.43%,文化传媒
'345,301218.华是科技,'23.77,'-0.75%,70.41%,'27,'46,'5,38.59%,'300.00,'2.91,0.10%,0.96%,'+9.53%,软件开发
'346,300142.沃森生物,'12.93,'-2.19%,70.39%,'211,'360,'30,20.02%,'161.80,'2.24,0.08%,1.39%,'+7.14%,生物制品
'347,605398.新炬网络,'32.50,'-2.40%,70.08%,'54,'92,'6,11.18%,'300.00,'5.27,0.26%,1.67%,'+49.63%,互联网服务
'348,300206.理邦仪器,'13.49,'+0.82%,69.80%,'77,'131,'8,12.84%,'41.11,'3.74,1.55%,9.26%,'+22.86%,医疗器械
'349,000738.航发控制,'21.13,'-1.03%,69.74%,'280,'476,'35,19.19%,'44.10,'2.25,0.81%,5.18%,'-4.14%,航天航空
'350,603369.今世缘,'39.82,'-0.18%,68.82%,'497,'839,'52,31.95%,'14.12,'2.91,3.01%,22.08%,'-9.48%,酿酒行业
'351,000810.创维数字,'11.77,'+0.17%,68.64%,'134,'226,'22,40.43%,'89.47,'2.11,1.11%,2.34%,'-25.28%,通信设备
'352,301219.腾远钴业,'57.35,'-0.93%,68.62%,'170,'287,'29,17.14%,'25.67,'1.91,0.86%,7.56%,'+28.29%,能源金属
'353,603020.爱普股份,'9.19,'-0.86%,67.83%,'35,'59,'3,6.73%,'22.60,'1.08,1.94%,4.86%,'+21.04%,食品饮料
'354,001207.联科科技,'26.51,'-1.08%,67.75%,'54,'90,'4,31.24%,'18.07,'2.85,1.49%,16.32%,'+38.55%,橡胶制品
'355,002444.巨星科技,'33.68,'+4.01%,67.19%,'386,'646,'35,22.69%,'16.45,'2.29,1.55%,14.61%,'+4.11%,通用设备
'356,600645.中源协和,'26.49,'-0.49%,66.73%,'124,'207,'15,29.84%,'141.18,'3.44,'-,2.42%,'+37.25%,生物制品
'357,300882.万胜智能,'16.99,0.00%,66.63%,'48,'81,'2,24.28%,'43.43,'4.06,0.29%,9.30%,'+6.02%,电网设备
'358,600452.涪陵电力,'11.95,'+2.31%,66.05%,'179,'298,'10,16.01%,'36.11,'3.32,0.90%,9.46%,'+13.52%,电力行业
'359,002091.江苏国泰,'7.42,'-0.27%,65.57%,'121,'200,'15,49.31%,'10.67,'0.76,5.38%,7.24%,'+5.60%,贸易行业
'360,002057.中钢天源,'10.15,'+0.10%,64.93%,'76,'126,'7,32.06%,'40.87,'2.42,1.13%,5.94%,'+41.57%,非金属材料
'361,300860.锋尚文化,'29.50,'-0.47%,64.71%,'56,'93,'6,10.96%,'122.17,'1.78,0.71%,1.44%,'+6.87%,文化传媒
'362,603758.秦安股份,'14.19,'-2.67%,64.27%,'63,'105,'8,12.38%,'40.77,'2.64,2.06%,6.23%,'+77.19%,汽车零部件
'363,688696.极米科技,'107.20,'-0.53%,64.20%,'75,'123,'2,44.03%,'44.78,'2.52,0.28%,5.60%,'+9.37%,家电行业
'364,002613.北玻股份,'3.98,'-0.75%,63.81%,'44,'72,'4,26.90%,'113.58,'1.98,0.75%,1.95%,'-0.70%,玻璃玻纤
'365,603006.联明股份,'13.34,'-0.89%,63.53%,'34,'55,'4,19.26%,'57.24,'2.36,2.82%,4.11%,'+31.56%,汽车零部件
'366,600826.兰生股份,'11.24,'+1.35%,63.31%,'81,'133,'11,25.33%,'28.37,'1.98,2.52%,7.25%,'+34.48%,贸易行业
'367,603235.天新药业,'28.84,'-0.07%,63.31%,'126,'206,'14,16.82%,'17.49,'2.61,2.36%,15.72%,'+15.62%,食品饮料
'368,002947.恒铭达,'38.08,'+0.58%,62.99%,'97,'158,'10,18.07%,'19.61,'2.97,1.58%,18.31%,'+16.38%,消费电子
'369,002495.佳隆股份,'2.76,0.00%,62.86%,'25,'42,'3,4.38%,'103.00,'2.31,0.29%,2.24%,'+8.97%,食品饮料
'370,600345.长江通信,'27.20,'-2.93%,62.70%,'92,'150,'8,22.49%,'50.14,'2.63,0.20%,5.31%,'+17.91%,通信设备
'371,688608.恒玄科技,'231.79,'+1.48%,62.28%,'384,'624,'36,6.41%,'61.69,'5.74,0.61%,9.73%,'+0.01%,半导体
'372,600714.金瑞矿业,'12.05,'-1.07%,62.17%,'35,'56,'4,8.32%,'72.87,'4.63,1.03%,6.44%,'+24.23%,化学原料
'373,301132.满坤科技,'42.31,'+4.91%,61.54%,'59,'96,'6,36.45%,'46.70,'3.32,1.04%,7.27%,'+55.87%,电子元件
'374,300496.中科创达,'60.30,'+0.58%,60.50%,'275,'442,'29,17.60%,'67.38,'2.79,0.30%,4.20%,'+1.35%,互联网服务
'375,603860.中公高科,'33.21,'-0.75%,60.20%,'22,'35,'2,11.13%,'45.88,'2.77,0.50%,6.19%,'+13.16%,工程咨询服务
'376,301029.怡合达,'25.24,'+0.28%,60.06%,'159,'255,'18,11.46%,'37.13,'3.77,1.19%,11.61%,'+3.51%,通用设备
'377,002268.电科网安,'18.74,'+0.38%,59.81%,'157,'252,'17,19.53%,'72.76,'2.86,0.32%,4.00%,'+15.72%,软件开发
'378,002938.鹏鼎控股,'51.84,'+0.41%,59.72%,'1196,'1911,'111,25.83%,'33.14,'3.66,1.94%,11.50%,'+46.85%,电子元件
'379,300532.今天国际,'12.75,'-0.47%,59.50%,'58,'92,'4,60.82%,'23.39,'3.30,3.45%,14.17%,'+12.55%,互联网服务
'380,300509.新美星,'9.98,'+1.11%,58.70%,'29,'46,'3,74.26%,'51.57,'4.83,1.52%,9.27%,'+46.60%,专用设备
'381,300844.山水比德,'44.35,'+0.23%,58.44%,'40,'63,'3,20.64%,'229.72,'5.24,'-,2.31%,'+97.86%,工程咨询服务
'382,605060.联德股份,'25.02,0.00%,58.42%,'60,'95,'5,15.89%,'33.11,'2.54,1.40%,7.82%,'+45.58%,通用设备
'383,002410.广联达,'13.28,'-0.60%,58.41%,'220,'349,'29,35.72%,'80.49,'3.68,1.12%,4.63%,'+14.17%,软件开发
'384,603095.越剑智能,'16.01,'-0.06%,58.16%,'41,'65,'4,27.14%,'34.49,'1.66,4.91%,4.81%,'+5.27%,专用设备
'385,301077.星华新材,'23.24,'-2.19%,57.86%,'40,'63,'6,34.94%,'26.73,'3.33,3.19%,12.21%,'+30.09%,化学制品
'386,600006.东风股份,'7.55,'-1.18%,57.70%,'152,'240,'25,49.55%,'300.00,'1.81,0.07%,0.48%,'+2.51%,汽车整车
'387,603986.兆易创新,'120.47,'+2.14%,57.44%,'783,'1233,'83,12.76%,'69.17,'4.66,0.29%,7.05%,'+13.12%,半导体
'388,603698.航天工程,'18.53,'-1.91%,57.41%,'101,'159,'16,41.57%,'48.16,'2.95,0.57%,6.26%,'+19.82%,专业服务
'389,300341.麦克奥迪,'17.58,'+1.79%,57.35%,'89,'140,'8,23.48%,'54.31,'4.82,0.41%,9.21%,'+0.84%,电网设备
'390,002017.东信和平,'30.33,'+4.01%,57.26%,'169,'266,'18,38.58%,'87.68,'9.42,0.56%,11.06%,'+196.55%,通信设备
'391,002293.罗莱生活,'8.61,'-0.23%,56.61%,'71,'112,'8,27.96%,'15.77,'1.67,6.94%,10.57%,'+15.17%,纺织服装
'392,603229.奥翔药业,'11.51,'+1.68%,56.12%,'93,'146,'7,24.00%,'44.02,'3.96,0.88%,9.21%,'+16.45%,化学制药
'393,301050.雷电微力,'53.23,'-0.84%,55.77%,'131,'204,'15,23.37%,'41.99,'4.30,0.78%,10.94%,'+3.63%,半导体
'394,603919.金徽酒,'18.88,'-0.47%,54.70%,'96,'148,'11,24.88%,'24.00,'2.70,2.64%,11.29%,'-1.18%,酿酒行业
'395,000733.振华科技,'49.80,'-1.11%,53.22%,'279,'427,'21,18.02%,'30.11,'1.88,0.36%,6.33%,'+18.56%,电子元件
'396,002705.新宝股份,'15.64,'-0.26%,53.16%,'127,'194,'22,44.07%,'11.29,'1.52,2.87%,13.95%,'+7.61%,家电行业
'397,300259.新天科技,'3.82,'-0.52%,52.80%,'44,'68,'6,14.86%,'22.01,'1.52,1.82%,7.01%,'+10.66%,仪器仪表
'398,000739.普洛药业,'16.49,'-1.61%,51.85%,'194,'294,'18,44.93%,'18.74,'2.78,2.14%,15.40%,'+4.01%,化学制药
'399,301048.金鹰重工,'14.71,'-2.78%,51.82%,'80,'122,'7,50.22%,'44.47,'3.01,0.41%,6.97%,'+57.89%,交运设备
'400,301110.青木科技,'57.80,'+1.89%,51.56%,'52,'79,'7,15.69%,'68.72,'3.67,1.41%,5.35%,'-5.31%,互联网服务
'401,601766.中国中车,'7.55,'+0.67%,51.46%,'2152,'3259,'148,59.66%,'14.91,'1.26,2.67%,8.66%,'-9.90%,交运设备
'402,603855.华荣股份,'22.28,'+2.72%,51.18%,'73,'110,'7,56.82%,'14.84,'3.27,4.61%,23.11%,'+15.26%,专用设备
'403,000811.冰轮环境,'13.26,'-1.04%,51.14%,'133,'201,'12,44.64%,'22.19,'2.25,1.44%,10.45%,'+43.48%,通用设备
'404,688036.传音控股,'85.01,'-2.17%,51.01%,'990,'1496,'109,51.98%,'22.46,'4.77,3.45%,21.72%,'-8.65%,消费电子
'405,300193.佳士科技,'9.80,'+0.41%,50.88%,'46,'70,'4,25.52%,'18.40,'2.03,4.25%,10.96%,'+12.70%,通用设备
'406,000922.佳电股份,'12.00,'+2.65%,50.18%,'81,'122,'17,49.71%,'37.18,'1.80,0.95%,5.61%,'+7.38%,电机
'407,688282.理工导航,'52.30,'-2.37%,50.02%,'47,'70,'4,14.43%,'300.00,'3.70,'-,0.21%,'+69.26%,通信设备
'408,300916.朗特智能,'43.89,'-2.47%,49.49%,'65,'97,'7,29.63%,'45.14,'4.76,0.89%,10.94%,'+48.46%,消费电子
'409,603277.银都股份,'17.24,'-0.17%,48.93%,'105,'157,'8,30.79%,'18.40,'3.54,4.01%,19.35%,'+10.21%,通用设备
'410,600556.天下秀,'5.11,'-0.58%,48.68%,'92,'138,'12,26.08%,'185.09,'2.41,0.17%,1.31%,'-1.56%,文化传媒
'411,600770.综艺股份,'5.70,'+0.71%,48.65%,'73,'109,'7,17.47%,'111.42,'2.24,'-,2.04%,'+36.04%,综合行业
'412,301191.菲菱科思,'94.38,'+3.35%,48.14%,'63,'93,'7,27.45%,'67.35,'3.66,1.10%,5.47%,'+6.81%,通信设备
'413,000661.长春高新,'104.06,'-0.36%,48.08%,'426,'630,'24,16.20%,'19.39,'1.82,2.49%,9.49%,'+7.17%,生物制品
'414,688029.南微医学,'95.84,'+3.73%,47.78%,'173,'256,'19,'-,'30.41,'4.34,1.62%,14.79%,'+44.00%,医疗器械
'415,688273.麦澜德,'52.83,'+18.06%,46.64%,'44,'65,'4,9.13%,'42.56,'3.31,1.79%,7.73%,'+129.23%,医疗器械
'416,002990.盛视科技,'30.72,'-2.44%,45.51%,'82,'119,'10,31.80%,'54.76,'3.38,0.67%,6.27%,'+33.67%,软件开发
'417,605599.菜百股份,'15.56,'+0.39%,45.31%,'120,'175,'18,47.34%,'15.73,'2.77,4.65%,18.17%,'+42.55%,珠宝首饰
'418,000962.东方钽业,'17.83,'+1.42%,45.12%,'88,'128,'4,17.03%,'40.35,'3.35,0.75%,8.62%,'+30.77%,小金属
'419,002449.国星光电,'9.47,'-0.42%,44.73%,'58,'85,'5,36.86%,'146.01,'1.53,0.53%,1.05%,'-30.12%,光学光电子
'420,601568.北元集团,'4.22,'-0.47%,44.31%,'168,'243,'38,16.06%,'55.68,'1.44,2.36%,2.57%,'+2.91%,化学原料
'421,001216.华瓷股份,'14.75,'+0.82%,44.04%,'36,'53,'4,19.49%,'17.57,'2.07,2.73%,12.31%,'+19.24%,装修建材
'422,603345.安井食品,'73.43,'-0.34%,43.92%,'245,'353,'22,18.70%,'17.04,'1.84,4.54%,10.92%,'-7.55%,食品饮料
'423,300971.博亚精工,'22.50,'-2.47%,43.49%,'27,'38,'3,23.58%,'85.82,'2.70,0.77%,3.16%,'+56.78%,通用设备
'424,688095.福昕软件,'78.83,'-3.34%,43.23%,'74,'106,'7,22.31%,'234.98,'2.92,0.37%,1.24%,'+17.92%,软件开发
'425,002331.皖通科技,'9.26,'-0.43%,42.63%,'39,'56,'5,40.20%,'132.51,'2.32,0.32%,1.77%,'+25.95%,互联网服务
'426,603311.金海高科,'12.05,'-0.17%,41.62%,'28,'40,'3,20.97%,'31.67,'2.09,0.99%,6.87%,'+22.00%,家电行业
'427,300847.中船汉光,'20.63,'+0.88%,41.29%,'60,'85,'7,10.68%,'48.48,'4.20,0.67%,8.97%,'+21.36%,消费电子
'428,000423.东阿阿胶,'50.94,'-0.64%,41.23%,'330,'466,'31,19.17%,'20.27,'3.08,4.72%,14.99%,'-16.87%,中药
'429,600817.宇通重工,'12.65,'-0.32%,41.11%,'67,'95,'7,40.07%,'27.41,'2.72,0.79%,9.92%,'+10.19%,工程机械
'430,000869.张裕Ａ,'21.71,'-0.14%,40.89%,'146,'205,'15,11.65%,'47.80,'1.35,1.84%,2.81%,'-4.57%,酿酒行业
'431,600629.华建集团,'15.97,'+3.84%,40.82%,'149,'210,'15,62.23%,'40.13,'2.81,0.79%,7.18%,'+75.78%,工程咨询服务
'432,605169.洪通燃气,'17.97,'+9.98%,40.70%,'46,'65,'6,22.54%,'23.89,'2.38,1.53%,10.32%,'+80.76%,燃气
'433,002246.北化股份,'19.18,'-2.14%,40.68%,'107,'151,'12,33.78%,'300.00,'3.78,0.20%,0.43%,'+89.63%,化学制品
'434,300373.扬杰科技,'57.52,'-0.28%,40.56%,'313,'440,'17,35.77%,'28.62,'3.47,1.14%,12.55%,'+33.28%,半导体
'435,002107.沃华医药,'6.97,'-3.46%,39.98%,'41,'58,'4,26.96%,'59.54,'5.62,'-,9.90%,'+45.82%,中药
'436,300223.北京君正,'69.62,'+1.60%,39.90%,'330,'462,'32,6.29%,'93.71,'2.73,0.15%,2.95%,'+2.24%,半导体
'437,600559.老白干酒,'17.07,'+0.23%,39.58%,'155,'217,'16,44.65%,'19.39,'2.85,3.23%,15.42%,'-15.94%,酿酒行业
'438,002801.微光股份,'35.52,'-0.53%,38.46%,'82,'113,'6,19.14%,'34.94,'4.71,0.98%,14.21%,'+46.83%,电机
'439,603798.康普顿,'12.64,'-0.32%,37.92%,'32,'44,'4,16.55%,'48.70,'2.78,0.87%,5.75%,'+44.74%,石油行业
'440,002651.利君股份,'13.31,'-2.85%,37.84%,'141,'195,'13,18.78%,'128.65,'5.01,0.44%,3.94%,'+82.53%,专用设备
'441,603192.汇得科技,'22.70,'-1.65%,37.60%,'32,'44,'2,30.00%,'25.22,'2.07,1.62%,8.51%,'+55.67%,化学制品
'442,301009.可靠股份,'14.88,'-2.04%,37.34%,'41,'56,'6,31.69%,'131.39,'3.05,0.46%,2.32%,'+39.89%,美容护理
'443,002322.理工能科,'12.82,'-0.08%,37.19%,'48,'66,'4,9.04%,'18.08,'1.65,6.00%,8.76%,'+4.76%,软件开发
'444,601579.会稽山,'19.10,'-0.37%,36.15%,'91,'125,'9,17.67%,'46.48,'2.42,2.09%,5.27%,'+75.30%,酿酒行业
'445,601000.唐山港,'4.08,'+0.74%,35.37%,'240,'324,'28,8.68%,'13.19,'1.13,4.94%,8.73%,'-9.11%,航运港口
'446,603688.石英股份,'34.74,'+0.43%,35.26%,'187,'253,'5,5.47%,'82.22,'3.22,0.55%,3.37%,'+21.62%,非金属材料
'447,301056.森赫股份,'11.75,'-1.92%,35.11%,'31,'43,'3,33.10%,'37.68,'3.61,3.34%,9.75%,'+49.55%,专用设备
'448,000650.仁和药业,'5.84,0.00%,35.07%,'81,'110,'5,8.43%,'17.43,'1.29,2.57%,7.52%,'+4.19%,中药
'449,300039.上海凯宝,'6.68,'-0.89%,34.87%,'70,'95,'7,10.07%,'18.98,'1.68,1.48%,9.30%,'+9.89%,中药
'450,688261.东微半导,'59.39,'-1.46%,34.83%,'73,'99,'10,6.72%,'168.81,'2.54,0.07%,1.52%,'+41.58%,半导体
'451,003005.竞业达,'23.32,'-2.26%,34.76%,'55,'74,'3,14.24%,'117.36,'2.96,0.96%,2.83%,'+21.71%,互联网服务
'452,001218.丽臣实业,'19.62,'+0.10%,33.63%,'25,'34,'4,22.74%,'24.47,'1.14,2.60%,4.72%,'+17.13%,化学制品
'453,300559.佳发教育,'12.81,'-1.84%,33.05%,'52,'69,'5,9.52%,'263.01,'4.33,1.15%,1.64%,'+8.50%,软件开发
'454,688065.凯赛生物,'48.69,'-0.77%,32.97%,'353,'470,'90,14.36%,'67.98,'2.02,0.82%,3.61%,'+26.54%,化学制品
'455,605167.利柏特,'10.95,'-1.08%,32.91%,'49,'66,'4,45.45%,'20.95,'2.65,1.02%,13.50%,'+14.78%,专用设备
'456,600371.万向德农,'9.47,'-1.35%,32.68%,'28,'37,'3,14.08%,'68.96,'4.71,1.56%,6.73%,'+11.57%,农牧饲渔
'457,688314.康拓医疗,'41.10,'-0.96%,32.48%,'33,'44,'3,12.92%,'36.44,'5.11,0.87%,14.62%,'+43.54%,医疗器械
'458,600216.浙江医药,'15.59,'-0.89%,31.89%,'151,'199,'14,19.51%,'10.36,'1.37,2.35%,14.03%,'+0.68%,化学制药
'459,300550.和仁科技,'13.66,'-1.09%,31.69%,'36,'47,'4,21.46%,'100.81,'3.28,0.18%,3.29%,'-9.67%,软件开发
'460,002766.索菱股份,'5.41,'-0.37%,30.94%,'46,'61,'3,28.86%,'90.93,'5.75,'-,6.72%,'-5.91%,汽车零部件
'461,600598.北大荒,'15.01,'-1.18%,30.52%,'270,'352,'30,45.55%,'25.21,'3.23,3.62%,13.06%,'+5.63%,农牧饲渔
