序,股票,价,涨,北上,现金/市值,资产负债率,现金流.亿,市值.亿,PE.扣非,股息,净利润.亿,今年来,行业
'1,600742.富维股份,'10.39,'-0.38%,3.87%,107.19%,56.45%,'83.07,'77.50,'15.10,3.36%,'5.13,'+21.87%,汽车零部件
'2,000521.长虹美菱,'7.29,'-0.41%,1.73%,86.09%,74.21%,'64.90,'75.39,'11.12,4.51%,'6.78,'-6.67%,家电行业
'3,600827.百联股份,'9.91,'-0.30%,1.30%,69.21%,59.59%,'122.74,'177.35,'233.38,2.67%,'0.76,'-6.92%,商业百货
'4,600339.中油工程,'3.58,'+0.85%,1.16%,68.36%,75.62%,'135.49,'198.20,'71.29,1.15%,'2.78,'-0.84%,采掘行业
'5,000928.中钢国际,'6.61,'-0.15%,1.47%,67.66%,66.91%,'64.26,'94.97,'12.39,4.52%,'7.66,'+8.66%,工程咨询服务
'6,600662.外服控股,'5.95,'-1.49%,0.61%,63.32%,64.07%,'87.33,'137.92,'29.81,2.15%,'4.63,'+17.36%,专业服务
'7,600710.苏美达,'10.91,'-0.27%,4.33%,63.29%,74.24%,'90.48,'142.96,'13.17,3.37%,'10.85,'+21.95%,贸易行业
'8,002116.中国海诚,'10.68,'-0.19%,0.30%,61.00%,58.82%,'30.42,'49.87,'16.58,2.89%,'3.01,'+10.29%,工程咨询服务
'9,600861.北京人力,'21.30,'-1.62%,1.53%,59.83%,53.65%,'73.33,'122.56,'24.89,3.23%,'4.92,'+14.15%,专业服务
'10,600037.歌华有线,'9.01,'+1.69%,0.74%,58.38%,19.93%,'71.99,'123.31,'-,0.30%,'-1.19,'+21.21%,文化传媒
'11,601919.中远海控,'15.66,'-0.06%,3.50%,58.02%,41.97%,'1408.20,'2427.24,'4.50,9.93%,'539.35,'+7.90%,航运港口
'12,000910.大亚圣象,'7.75,'-0.64%,'-,56.39%,24.60%,'24.08,'42.70,'57.16,2.44%,'0.75,'+1.00%,装修建材
'13,000800.一汽解放,'7.09,'-0.28%,0.77%,56.00%,66.31%,'195.93,'349.90,'-,0.70%,'-8.92,'-12.91%,汽车整车
'14,000404.长虹华意,'7.52,'-0.66%,0.14%,55.02%,63.30%,'28.99,'52.69,'12.52,3.96%,'4.21,'+5.98%,家电行业
'15,688317.之江生物,'23.95,'-1.52%,'-,54.40%,6.41%,'25.42,'46.73,'-,0.45%,'-1.71,'+47.38%,医疗器械
'16,000913.钱江摩托,'17.41,'+1.22%,2.13%,52.26%,53.12%,'47.34,'90.58,'17.91,4.54%,'5.06,'-0.76%,交运设备
'17,600512.腾达建设,'2.38,'-0.83%,'-,51.92%,40.07%,'19.86,'38.25,'-,0.83%,'-0.41,'+1.32%,工程建设
'18,600814.杭州解百,'7.88,'+1.16%,2.60%,51.71%,42.71%,'29.61,'57.26,'28.44,1.76%,'2.01,'-3.24%,商业百货
'19,000809.和展能源,'3.01,'+0.33%,'-,50.57%,7.45%,'12.51,'24.74,'-,'-,'-0.87,'-1.63%,风电设备
'20,688459.哈铁科技,'10.43,'+0.87%,'-,49.20%,15.41%,'24.42,'49.63,'40.83,0.97%,'1.22,'+9.33%,交运设备
'21,601001.晋控煤业,'14.50,'+2.84%,1.32%,49.10%,24.12%,'115.88,'235.99,'9.32,5.35%,'25.33,'+11.94%,煤炭行业
'22,600278.东方创业,'7.88,'+0.13%,0.95%,47.96%,58.91%,'33.11,'69.03,'62.61,3.31%,'1.10,'+13.85%,贸易行业
'23,000550.江铃汽车,'21.00,'+0.24%,2.95%,46.07%,59.98%,'83.31,'180.84,'16.70,3.26%,'10.83,'-10.45%,汽车整车
'24,601811.新华文轩,'15.58,'+0.32%,1.57%,45.31%,35.92%,'86.83,'191.62,'11.40,3.86%,'16.81,'+0.96%,文化传媒
'25,000625.长安汽车,'13.05,'+0.77%,1.33%,45.29%,59.69%,'581.42,'1283.87,'39.40,2.28%,'32.59,'-0.05%,汽车整车
'26,600482.中国动力,'23.74,'+0.55%,1.36%,44.96%,53.90%,'239.16,'531.90,'34.23,0.92%,'15.54,'-2.13%,船舶制造
'27,000923.河钢资源,'14.48,'+1.54%,1.48%,44.59%,22.32%,'41.50,'93.08,'20.74,3.51%,'4.49,'+8.10%,钢铁行业
'28,002106.莱宝高科,'10.83,'-0.09%,2.80%,44.22%,34.96%,'33.83,'76.51,'23.35,0.92%,'3.28,'+0.26%,光学光电子
'29,688560.明冠新材,'15.27,'-2.18%,'-,44.05%,6.03%,'13.84,'31.42,'-,'-,'-1.00,'+19.39%,光伏设备
'30,600987.航民股份,'7.46,'-0.13%,3.86%,43.90%,34.22%,'33.48,'76.26,'11.08,4.02%,'6.88,'+12.11%,纺织服装
'31,600916.中国黄金,'8.18,'-0.24%,1.41%,42.97%,42.68%,'59.19,'137.76,'24.87,4.27%,'5.54,'-1.09%,珠宝首饰
'32,600380.健康元,'12.26,0.00%,3.74%,42.63%,33.31%,'95.61,'224.29,'17.05,1.63%,'13.15,'+10.58%,化学制药
'33,600694.大商股份,'19.96,'+0.30%,4.50%,42.45%,47.84%,'29.38,'69.21,'12.45,4.57%,'5.56,'-13.09%,商业百货
'34,301322.绿通科技,'32.15,'-1.32%,'-,42.23%,9.30%,'19.60,'46.41,'53.58,1.55%,'0.87,'+49.23%,交运设备
'35,600894.广日股份,'10.23,'-0.29%,0.69%,42.17%,35.80%,'36.85,'87.38,'12.52,13.39%,'6.98,'-25.87%,专用设备
'36,688657.浩辰软件,'48.47,'-1.42%,'-,41.94%,4.83%,'13.51,'32.21,'59.34,1.42%,'0.54,'+24.20%,软件开发
'37,603929.亚翔集成,'38.22,'+1.84%,3.60%,41.49%,60.86%,'33.22,'80.07,'14.31,2.66%,'5.59,'+42.81%,装修装饰
'38,600676.交运股份,'6.05,'+0.17%,'-,41.32%,27.83%,'25.67,'62.12,'-,'-,'-4.20,'+34.15%,汽车零部件
'39,600682.南京新百,'7.39,'-1.07%,1.10%,41.28%,26.96%,'41.51,'100.56,'47.24,0.21%,'2.13,'+8.31%,商业百货
'40,002081.金螳螂,'3.69,'+0.55%,1.73%,41.00%,57.36%,'39.95,'97.45,'22.60,2.72%,'4.31,'+6.36%,装修装饰
'41,301102.兆讯传媒,'12.09,'-0.08%,'-,40.75%,31.01%,'20.02,'49.13,'94.41,0.17%,'0.52,'+10.82%,文化传媒
'42,000655.金岭矿业,'8.59,'-0.58%,'-,40.36%,11.74%,'20.76,'51.44,'26.19,2.08%,'1.96,'+41.46%,钢铁行业
'43,603102.百合股份,'43.20,'-0.51%,'-,40.27%,11.46%,'11.19,'27.79,'21.13,1.73%,'1.32,'+25.18%,食品饮料
'44,600219.南山铝业,'4.12,'+0.24%,6.45%,39.42%,16.80%,'188.16,'477.32,'8.27,4.15%,'57.73,'+7.99%,有色金属
'45,600688.上海石化,'2.88,0.00%,0.98%,38.99%,39.31%,'118.39,'303.63,'196.29,0.69%,'1.55,'-3.99%,石油行业
'46,002563.森马服饰,'5.53,0.00%,6.37%,38.82%,35.87%,'57.83,'148.98,'15.85,6.33%,'9.40,'-16.35%,纺织服装
'47,603587.地素时尚,'13.15,'+2.33%,0.10%,38.33%,16.34%,'23.35,'60.92,'25.40,3.91%,'2.40,'+8.48%,纺织服装
'48,600971.恒源煤电,'7.16,'+1.99%,2.20%,38.30%,38.18%,'32.26,'84.24,'11.77,6.70%,'7.16,'-19.00%,煤炭行业
'49,301039.中集车辆,'8.86,'+0.91%,0.44%,38.28%,34.44%,'62.99,'164.55,'16.67,6.38%,'9.87,'+1.24%,汽车整车
'50,600551.时代出版,'9.19,'+0.55%,2.96%,38.28%,31.34%,'23.72,'61.97,'19.63,4.38%,'3.16,'+10.42%,文化传媒
'51,002051.中工国际,'9.02,'+1.24%,0.88%,38.00%,52.68%,'41.89,'110.25,'42.24,1.40%,'2.61,'+12.18%,工程建设
'52,600854.春兰股份,'5.59,'-0.18%,'-,37.71%,7.76%,'10.97,'29.09,'21.82,2.14%,'1.33,'+25.03%,家电行业
'53,000951.中国重汽,'17.96,'+0.22%,1.12%,36.84%,62.18%,'77.56,'210.54,'15.53,3.88%,'13.55,'+8.23%,汽车整车
'54,000822.山东海化,'6.11,'+1.16%,0.32%,36.42%,39.68%,'19.69,'54.06,'-,'-,'-2.67,'+7.57%,化学原料
'55,601006.大秦铁路,'6.48,'-0.46%,2.68%,36.30%,13.12%,'476.07,'1311.58,'15.33,3.95%,'85.57,'-2.38%,物流行业
'56,601083.锦江航运,'12.50,'+1.54%,0.14%,36.08%,16.67%,'57.48,'159.31,'13.06,3.23%,'12.19,'+34.67%,航运港口
'57,600249.两面针,'5.90,'-0.17%,'-,36.08%,19.27%,'11.73,'32.51,'300.00,0.51%,'0.09,'+15.91%,美容护理
'58,600167.联美控股,'6.55,'+5.14%,0.83%,35.57%,27.98%,'50.15,'140.97,'20.13,5.16%,'7.00,'+18.30%,公用事业
'59,002483.润邦股份,'7.02,'-0.99%,4.85%,35.48%,55.57%,'22.30,'62.85,'13.68,4.23%,'4.59,'+41.51%,专用设备
'60,688338.赛科希德,'28.38,'+0.28%,'-,34.75%,5.11%,'10.44,'30.04,'29.32,1.17%,'1.02,'+18.88%,医疗器械
'61,603303.得邦照明,'13.98,'+2.27%,1.22%,34.33%,45.89%,'22.38,'65.20,'22.74,5.41%,'2.87,'+26.08%,家电行业
'62,002242.九阳股份,'10.14,'-0.10%,0.61%,34.14%,53.20%,'26.44,'77.45,'77.71,1.49%,'1.00,'-0.61%,家电行业
'63,601117.中国化学,'8.33,'+1.83%,4.82%,33.97%,69.43%,'169.70,'499.54,'8.65,2.18%,'57.75,'+0.48%,工程建设
'64,000848.承德露露,'8.82,'-0.23%,1.79%,33.93%,20.71%,'31.57,'93.05,'14.84,3.39%,'6.27,'+1.20%,食品饮料
'65,601616.广电电气,'3.95,0.00%,'-,33.84%,13.58%,'11.41,'33.72,'55.88,1.77%,'0.60,'-8.45%,电网设备
'66,600262.北方股份,'23.95,'-1.68%,'-,33.74%,64.09%,'13.97,'41.41,'24.30,1.30%,'1.70,'+32.65%,专用设备
'67,600859.王府井,'14.05,0.00%,0.63%,33.11%,50.17%,'52.29,'157.91,'121.88,0.57%,'1.30,'-8.30%,商业百货
'68,688739.成大生物,'28.77,'-0.55%,0.46%,32.84%,4.42%,'39.57,'120.48,'37.89,2.77%,'3.18,'+15.00%,生物制品
'69,601518.吉林高速,'2.74,'-0.36%,0.03%,32.70%,6.34%,'17.00,'51.99,'10.20,3.13%,'5.10,'+1.72%,铁路公路
'70,301559.中集环科,'17.29,'+0.88%,0.43%,32.68%,14.05%,'33.61,'102.84,'38.23,2.57%,'2.69,'+15.50%,通用设备
'71,000779.甘咨询,'9.64,'-0.62%,'-,32.47%,28.28%,'14.64,'45.09,'19.84,0.82%,'2.27,'+18.15%,工程咨询服务
'72,600420.国药现代,'11.35,'-0.26%,0.69%,32.42%,18.54%,'49.49,'152.63,'14.35,2.64%,'10.64,'-3.20%,化学制药
'73,600741.华域汽车,'18.10,'-0.39%,4.42%,32.40%,63.11%,'185.59,'572.85,'9.83,4.40%,'58.29,'+7.35%,汽车零部件
'74,300073.当升科技,'42.24,'-1.10%,0.88%,32.35%,23.03%,'75.21,'232.47,'98.91,0.44%,'2.35,'+5.40%,电池
'75,002443.金洲管道,'7.07,'+0.71%,'-,32.32%,17.86%,'11.81,'36.54,'21.57,2.85%,'1.69,'+24.20%,钢铁行业
'76,600271.航天信息,'9.49,'+0.11%,1.23%,32.17%,18.98%,'56.51,'175.65,'-,0.04%,'-2.89,'+4.22%,互联网服务
'77,600780.通宝能源,'6.07,'+0.50%,0.76%,31.80%,24.84%,'22.02,'69.25,'13.38,2.98%,'5.17,'+7.82%,电力行业
'78,601098.中南传媒,'12.95,'+0.15%,4.78%,31.57%,37.16%,'73.31,'232.22,'13.81,4.25%,'16.81,'-10.80%,文化传媒
'79,000957.中通客车,'11.14,'+0.27%,1.63%,31.47%,64.61%,'20.73,'65.87,'25.79,0.72%,'2.55,'+1.97%,汽车整车
'80,688767.博拓生物,'36.33,'+4.61%,'-,31.35%,4.70%,'16.26,'51.86,'60.15,3.09%,'0.86,'+59.83%,医疗器械
'81,601019.山东出版,'9.22,'+0.77%,3.70%,31.25%,32.00%,'59.67,'190.95,'12.59,3.39%,'15.17,'-16.39%,文化传媒
'82,300935.盈建科,'27.58,'-1.04%,'-,31.21%,5.02%,'6.91,'22.14,'-,'-,'-0.61,'+10.72%,软件开发
'83,601921.浙版传媒,'8.31,'-0.12%,0.43%,31.20%,37.85%,'57.68,'184.89,'16.21,3.61%,'11.41,'+9.47%,文化传媒
'84,600081.东风科技,'13.86,'+1.17%,0.32%,31.12%,42.61%,'23.58,'75.76,'178.75,0.53%,'0.42,'+35.22%,汽车零部件
'85,300772.运达股份,'14.37,'+0.35%,1.38%,31.08%,84.00%,'35.02,'112.68,'31.45,0.42%,'3.58,'+9.05%,风电设备
'86,002864.盘龙药业,'30.64,'-1.03%,'-,30.88%,28.18%,'10.16,'32.90,'28.10,0.97%,'1.17,'+1.83%,中药
'87,600835.上海机电,'27.59,'+5.95%,2.56%,30.78%,52.14%,'81.98,'266.32,'37.13,1.61%,'7.17,'+55.69%,专用设备
'88,002763.汇洁股份,'7.36,'-0.14%,'-,30.72%,22.78%,'9.28,'30.21,'60.88,2.04%,'0.50,'+13.30%,纺织服装
'89,601399.国机重装,'3.38,'-0.88%,0.60%,30.40%,54.21%,'74.77,'245.98,'73.47,'-,'3.35,'+9.74%,专用设备
'90,002478.常宝股份,'5.56,'-0.36%,0.60%,30.21%,28.80%,'15.19,'50.28,'10.53,3.94%,'4.78,'+9.57%,钢铁行业
'91,603116.红蜻蜓,'6.69,'-0.89%,'-,30.16%,23.70%,'11.73,'38.89,'-,3.70%,'-0.99,'+25.53%,纺织服装
'92,600335.国机汽车,'6.50,'-0.31%,0.80%,29.95%,67.10%,'29.21,'97.53,'33.73,1.61%,'2.89,'+5.64%,汽车服务
'93,600261.阳光照明,'3.46,'+0.29%,'-,29.81%,29.58%,'13.73,'46.06,'38.95,4.06%,'1.18,'+10.29%,家电行业
'94,688569.铁科轨道,'23.95,'-3.23%,0.12%,29.77%,12.31%,'15.52,'52.14,'29.33,1.41%,'1.78,'+14.74%,交运设备
'95,603909.建发合诚,'10.62,'-0.93%,'-,29.38%,72.34%,'8.21,'27.94,'31.82,1.12%,'0.88,'+17.48%,工程咨询服务
'96,600312.平高电气,'15.83,'-0.75%,6.12%,29.35%,48.49%,'63.53,'216.43,'19.31,1.81%,'11.21,'-16.79%,电网设备
'97,603711.香飘飘,'13.71,'-0.22%,0.25%,29.31%,22.78%,'16.63,'56.73,'32.88,1.82%,'1.73,'-14.90%,食品饮料
'98,688717.艾罗能源,'62.12,'+0.37%,0.47%,29.00%,27.82%,'28.72,'99.02,'72.90,1.51%,'1.36,'+32.99%,光伏设备
'99,600582.天地科技,'6.31,0.00%,1.80%,28.77%,45.21%,'75.12,'261.14,'11.59,5.02%,'22.54,'+7.53%,专用设备
'100,688015.交控科技,'22.45,'-0.97%,'-,28.62%,53.96%,'12.24,'42.77,'81.12,1.01%,'0.53,'+14.52%,交运设备
'101,600038.中直股份,'39.63,'-0.95%,1.82%,28.58%,64.68%,'93.77,'328.04,'59.18,0.51%,'5.54,'+3.35%,航天航空
'102,600720.中交设计,'8.13,'-0.49%,0.40%,28.52%,48.27%,'53.46,'187.47,'11.53,'-,'16.26,'-8.24%,工程咨询服务
'103,600875.东方电气,'19.84,'-1.34%,3.35%,28.46%,70.14%,'194.01,'681.80,'34.39,2.15%,'19.83,'+24.86%,电源设备
'104,000858.五粮液,'123.19,'-0.60%,3.08%,28.09%,23.34%,'1351.58,'4810.86,'14.77,4.64%,'325.65,'-7.94%,酿酒行业
'105,601156.东航物流,'14.56,'+0.07%,1.07%,28.01%,25.76%,'64.69,'230.99,'9.19,4.65%,'25.13,'-11.75%,物流行业
'106,001332.锡装股份,'39.82,'+0.66%,'-,27.87%,30.11%,'12.13,'43.52,'17.11,2.53%,'2.54,'+15.68%,专用设备
'107,600566.济川药业,'26.79,'+0.64%,1.43%,27.69%,17.27%,'67.87,'245.08,'12.69,7.86%,'19.32,'-0.73%,中药
'108,600223.福瑞达,'8.43,'-0.94%,0.47%,27.31%,19.73%,'23.63,'86.51,'41.27,1.29%,'2.10,'+12.31%,生物制品
'109,600722.金牛化工,'6.14,'-0.16%,'-,27.25%,7.80%,'11.40,'41.84,'95.61,'-,'0.44,'+31.20%,化学原料
'110,301136.招标股份,'13.08,'-0.08%,'-,26.99%,27.12%,'9.72,'36.02,'-,'-,'-0.23,'+10.47%,工程咨询服务
'111,301206.三元生物,'29.78,'-0.53%,0.06%,26.97%,5.45%,'16.34,'60.58,'60.84,4.68%,'1.00,'+18.52%,食品饮料
'112,600612.老凤祥,'47.73,'+0.10%,1.66%,26.87%,46.85%,'67.03,'249.42,'15.47,3.61%,'16.12,'-8.95%,珠宝首饰
'113,688289.圣湘生物,'21.92,'-0.59%,0.52%,26.85%,23.25%,'34.30,'127.76,'58.34,2.39%,'2.19,'-2.10%,医疗器械
'114,000813.德展健康,'4.42,'+2.08%,0.49%,26.84%,4.11%,'24.37,'90.80,'-,'-,'-0.30,'+41.21%,化学制药
'115,603187.海容冷链,'12.85,'-1.00%,1.50%,26.56%,26.40%,'13.32,'50.16,'15.54,3.85%,'3.23,'+19.99%,通用设备
'116,301525.儒竞科技,'87.56,'-0.60%,0.27%,26.34%,18.52%,'21.88,'83.08,'57.47,0.62%,'1.45,'+47.61%,通用设备
'117,002756.永兴材料,'36.53,'-2.43%,1.00%,26.31%,8.45%,'53.10,'201.84,'26.29,2.67%,'7.68,'-1.61%,钢铁行业
'118,600051.宁波联合,'7.99,'+1.01%,'-,26.31%,27.27%,'6.47,'24.59,'40.22,1.52%,'0.61,'+24.21%,综合行业
'119,688623.双元科技,'72.37,'-0.52%,'-,26.03%,18.37%,'11.20,'43.03,'64.72,1.83%,'0.66,'+34.50%,专用设备
'120,600104.上汽集团,'18.01,'+2.33%,2.97%,26.02%,61.79%,'530.13,'2037.25,'-,0.50%,'-46.80,'-12.82%,汽车整车
'121,600977.中国电影,'13.24,'-1.56%,0.46%,26.02%,43.37%,'65.34,'251.11,'-,0.87%,'-3.62,'+14.51%,文化传媒
'122,300724.捷佳伟创,'67.16,'-0.07%,2.41%,26.01%,63.91%,'60.79,'233.70,'8.81,1.79%,'26.51,'+8.67%,光伏设备
'123,002393.力生制药,'24.28,'+0.04%,'-,25.90%,16.39%,'16.20,'62.55,'64.19,1.44%,'0.97,'+40.63%,化学制药
'124,601888.中国中免,'65.65,'+0.02%,4.23%,25.79%,21.80%,'350.28,'1358.00,'35.92,1.60%,'37.81,'-0.31%,旅游酒店
'125,002367.康力电梯,'7.49,'-0.13%,3.35%,25.77%,51.81%,'15.42,'59.83,'19.10,4.01%,'3.13,'+13.77%,专用设备
'126,000557.西部创业,'5.66,'+0.53%,0.58%,25.72%,9.18%,'21.12,'82.11,'31.85,0.89%,'2.58,'+10.09%,物流行业
'127,603637.镇海股份,'11.30,'-1.48%,'-,25.60%,21.11%,'7.01,'27.38,'35.72,1.74%,'0.77,'+38.39%,工程建设
'128,002363.隆基机械,'8.46,'-1.51%,'-,25.44%,33.50%,'9.13,'35.89,'79.52,1.28%,'0.45,'+29.77%,汽车零部件
'129,688065.凯赛生物,'48.69,'-0.77%,0.49%,25.43%,14.36%,'90.00,'353.94,'71.20,0.82%,'4.97,'+26.54%,化学制品
'130,603687.大胜达,'7.77,'-0.89%,'-,25.39%,19.89%,'10.95,'43.12,'47.12,0.75%,'0.92,'+7.45%,包装材料
'131,601975.招商南油,'2.92,'+1.04%,1.34%,25.24%,13.85%,'35.02,'138.77,'9.92,'-,'13.99,'-6.71%,航运港口
'132,003012.东鹏控股,'6.07,'+0.50%,2.02%,25.23%,33.81%,'17.63,'69.88,'24.68,4.14%,'2.83,'-4.29%,装修建材
'133,603217.元利科技,'18.58,'-0.27%,'-,25.20%,22.70%,'9.77,'38.77,'20.06,1.88%,'1.93,'+16.33%,化学制品
'134,001331.胜通能源,'11.96,'+0.17%,'-,25.19%,27.89%,'8.49,'33.70,'-,0.50%,'-0.30,'+52.08%,物流行业
'135,301108.洁雅股份,'27.09,'-1.85%,'-,25.10%,11.69%,'7.80,'31.07,'-,0.26%,'-0.08,'+47.73%,美容护理
'136,600511.国药股份,'29.83,'-0.47%,0.91%,25.04%,44.55%,'56.62,'226.12,'11.40,2.67%,'19.84,'-10.41%,医药商业
'137,002745.木林森,'8.55,'-0.58%,4.70%,24.99%,43.97%,'31.90,'127.64,'44.07,4.77%,'2.90,'-1.33%,光学光电子
'138,001213.中铁特货,'4.29,'-0.69%,0.33%,24.93%,8.12%,'47.86,'192.00,'37.27,1.41%,'5.15,'+4.43%,物流行业
'139,600609.金杯汽车,'5.01,'-0.79%,5.78%,24.86%,55.05%,'16.38,'65.88,'24.74,'-,'2.66,'-30.42%,汽车零部件
'140,301185.鸥玛软件,'20.78,'-1.84%,'-,24.78%,1.51%,'8.05,'32.48,'48.76,1.42%,'0.67,'+23.62%,软件开发
'141,000915.华特达因,'34.04,'-0.79%,3.15%,24.47%,17.51%,'19.67,'80.40,'15.93,7.29%,'5.05,'+28.74%,化学制药
'142,688175.高凌信息,'22.14,'-1.42%,'-,24.45%,8.90%,'7.10,'29.04,'-,0.45%,'-0.95,'+29.19%,通信设备
'143,600287.江苏舜天,'5.86,'+0.51%,'-,24.28%,24.44%,'6.21,'25.58,'131.92,'-,'0.19,'+39.52%,商业百货
'144,301058.中粮科工,'11.62,'+0.26%,0.34%,24.02%,49.86%,'14.26,'59.37,'26.74,1.29%,'2.22,'+11.61%,工程建设
'145,002697.红旗连锁,'5.73,'+0.53%,4.06%,23.93%,44.15%,'18.55,'77.52,'15.58,2.02%,'4.98,'-1.01%,商业百货
'146,300982.苏文电能,'19.78,'-1.15%,'-,23.74%,34.39%,'9.83,'41.41,'300.00,3.25%,'0.10,'+6.38%,工程建设
'147,000636.风华高科,'14.09,'-0.35%,0.85%,23.69%,23.71%,'38.75,'163.60,'48.09,1.06%,'3.40,'-0.74%,电子元件
'148,603766.隆鑫通用,'13.17,'+1.00%,5.19%,23.68%,42.58%,'63.41,'267.78,'20.10,3.07%,'13.32,'+48.91%,交运设备
'149,300768.迪普科技,'18.14,'+0.33%,1.15%,23.66%,14.27%,'27.54,'116.40,'80.33,0.44%,'1.45,'+4.14%,软件开发
'150,688570.天玛智控,'22.56,'+0.98%,0.03%,23.64%,24.44%,'22.87,'96.73,'35.92,1.48%,'2.69,'+19.42%,软件开发
'151,601179.中国西电,'6.54,'-0.91%,2.21%,23.46%,44.96%,'79.38,'338.31,'30.77,1.26%,'11.00,'-13.23%,电网设备
'152,600004.白云机场,'9.43,'+0.11%,1.40%,23.33%,31.00%,'52.02,'222.94,'22.63,1.67%,'9.85,'-0.08%,航空机场
'153,603373.安邦护卫,'49.16,'-3.74%,'-,23.22%,21.94%,'12.75,'54.91,'44.73,0.98%,'1.23,'+66.59%,专业服务
'154,301329.信音电子,'21.70,'-0.55%,'-,23.13%,14.40%,'8.59,'37.14,'57.77,1.83%,'0.64,'+4.52%,电子元件
'155,301265.华新环保,'11.30,'-2.33%,'-,22.97%,10.03%,'8.05,'35.05,'63.04,0.35%,'0.56,'+26.52%,环保行业
'156,300171.东富龙,'15.31,'+1.19%,0.96%,22.78%,38.09%,'26.39,'115.87,'160.78,0.50%,'0.72,'+16.02%,医疗器械
'157,601065.江盐集团,'8.57,'-0.12%,0.07%,22.76%,20.51%,'12.55,'55.15,'15.10,2.56%,'3.65,'+0.36%,化学原料
'158,002255.海陆重工,'8.55,'-0.93%,0.73%,22.66%,40.13%,'16.25,'71.71,'18.61,'-,'3.85,'+53.78%,电源设备
'159,002328.新朋股份,'6.81,'+10.02%,'-,22.59%,33.75%,'10.79,'47.77,'41.07,2.29%,'1.16,'+13.42%,汽车零部件
'160,300059.东方财富,'23.99,'+0.80%,3.06%,22.57%,74.88%,'848.84,'3761.36,'37.56,0.25%,'100.15,'-6.81%,互联网服务
'161,600229.城市传媒,'7.10,'-0.28%,0.64%,22.53%,23.97%,'10.60,'47.04,'66.89,0.98%,'0.70,'+2.86%,文化传媒
'162,002955.鸿合科技,'26.58,'+3.46%,3.33%,22.49%,30.23%,'13.67,'60.79,'39.68,9.97%,'1.53,'+18.59%,光学光电子
'163,603551.奥普科技,'11.66,'+0.34%,'-,22.43%,30.81%,'10.17,'45.34,'15.97,7.39%,'2.84,'+14.72%,家电行业
'164,601568.北元集团,'4.22,'-0.47%,0.51%,22.38%,16.06%,'37.69,'168.42,'62.95,2.36%,'2.68,'+2.91%,化学原料
'165,301598.博科测试,'64.65,'+0.01%,'-,22.33%,46.38%,'8.50,'38.07,'37.61,2.01%,'1.01,'-2.83%,专用设备
'166,000682.东方电子,'10.51,'-0.28%,1.27%,22.29%,53.67%,'31.50,'141.31,'21.22,0.78%,'6.66,'-1.44%,电网设备
'167,688080.映翰通,'48.61,'+0.58%,'-,22.25%,17.36%,'7.94,'35.69,'27.68,0.41%,'1.29,'+48.30%,通信设备
'168,603948.建业股份,'21.32,'-0.47%,'-,22.23%,19.60%,'7.74,'34.81,'18.34,4.67%,'1.90,'+21.86%,化学制品
'169,001367.海森药业,'25.51,'-0.31%,'-,22.07%,8.33%,'8.58,'38.88,'34.05,0.45%,'1.14,'+39.39%,化学制药
'170,300271.华宇软件,'8.77,'+0.23%,0.46%,21.99%,17.56%,'15.62,'71.04,'-,'-,'-4.76,'+24.93%,互联网服务
'171,000400.许继电气,'23.15,'-0.30%,3.00%,21.94%,49.17%,'51.90,'236.55,'22.76,1.80%,'10.39,'-15.06%,电网设备
'172,600628.新世界,'7.62,'-0.39%,0.22%,21.92%,25.29%,'10.85,'49.49,'132.88,0.39%,'0.37,'-6.73%,商业百货
'173,688006.杭可科技,'21.37,'-0.47%,0.64%,21.83%,45.97%,'28.29,'129.61,'50.32,1.05%,'2.58,'+20.37%,电池
'174,002301.齐心集团,'7.18,'+0.14%,1.43%,21.81%,62.85%,'11.28,'51.72,'87.94,0.98%,'0.59,'+1.87%,家用轻工
'175,688358.祥生医疗,'34.70,'+0.29%,'-,21.75%,9.84%,'8.44,'38.80,'32.03,2.89%,'1.21,'+46.87%,医疗器械
'176,688063.派能科技,'44.46,'-0.31%,1.51%,21.65%,20.54%,'23.69,'109.43,'-,1.01%,'-0.75,'+12.14%,电池
'177,002962.五方光电,'15.68,'+0.51%,'-,21.49%,14.91%,'9.78,'45.50,'104.74,1.28%,'0.43,'-8.58%,光学光电子
'178,601999.出版传媒,'7.36,'-0.81%,'-,21.43%,36.11%,'8.76,'40.88,'41.03,0.84%,'1.00,'+17.38%,文化传媒
'179,603836.海程邦达,'14.20,'+0.35%,'-,21.42%,51.48%,'6.22,'29.04,'58.96,1.06%,'0.49,'+18.05%,物流行业
'180,301332.德尔玛,'11.42,'-0.87%,0.28%,21.38%,37.47%,'11.37,'53.17,'40.94,1.30%,'1.30,'+15.64%,家电行业
'181,000922.佳电股份,'12.00,'+2.65%,0.50%,21.37%,49.71%,'17.37,'81.27,'45.79,0.95%,'1.77,'+7.38%,电机
'182,002249.大洋电机,'7.14,'+2.73%,4.75%,21.35%,46.73%,'36.22,'169.67,'18.43,2.73%,'9.21,'+24.08%,电机
'183,600059.古越龙山,'9.75,'-0.71%,1.50%,21.29%,10.71%,'19.06,'89.51,'46.07,0.81%,'1.94,'+10.67%,酿酒行业
'184,300079.数码视讯,'5.85,'-0.51%,0.88%,21.23%,7.12%,'17.80,'83.85,'300.00,0.17%,'0.16,'+8.32%,互联网服务
'185,600730.中国高科,'8.32,'+1.96%,'-,21.22%,11.26%,'10.16,'47.87,'300.00,0.12%,'0.09,'+37.74%,教育
'186,600557.康缘药业,'17.65,'+1.09%,2.48%,21.18%,30.42%,'20.94,'98.85,'32.35,'-,'3.06,'+29.59%,中药
'187,300833.浩洋股份,'36.46,'-0.30%,2.80%,21.16%,8.35%,'9.79,'46.26,'19.47,3.55%,'2.38,'-14.30%,专用设备
'188,000919.金陵药业,'7.27,'+0.28%,'-,21.05%,19.55%,'9.52,'45.22,'161.86,1.38%,'0.28,'+12.10%,中药
'189,688710.益诺思,'42.19,'-3.01%,'-,20.95%,25.62%,'12.85,'61.33,'48.91,0.74%,'1.25,'+19.79%,生物制品
'190,603630.拉芳家化,'25.12,'+2.99%,'-,20.92%,11.14%,'11.49,'54.93,'222.92,0.57%,'0.25,'+83.03%,美容护理
'191,603321.梅轮电梯,'8.84,'-1.12%,'-,20.86%,33.70%,'6.51,'31.21,'56.83,1.97%,'0.55,'+29.76%,专用设备
'192,002035.华帝股份,'6.54,0.00%,7.30%,20.85%,45.55%,'11.56,'55.44,'12.55,4.59%,'4.42,'-6.73%,家电行业
'193,600583.海油工程,'5.72,'+2.69%,2.61%,20.78%,41.38%,'51.18,'246.27,'13.06,3.61%,'18.86,'+8.60%,采掘行业
'194,000572.海马汽车,'4.63,'-0.86%,0.97%,20.74%,53.32%,'15.93,'76.80,'-,'-,'-3.54,'+10.77%,汽车整车
'195,301042.安联锐视,'40.11,'-1.21%,'-,20.73%,10.78%,'5.87,'28.31,'45.96,2.46%,'0.62,'+11.45%,计算机设备
'196,300286.安科瑞,'22.99,'+0.57%,0.36%,20.62%,15.15%,'11.82,'57.33,'35.65,1.69%,'1.61,'+13.44%,电网设备
'197,603258.电魂网络,'23.01,'-0.86%,0.36%,20.53%,12.47%,'11.63,'56.64,'-,1.00%,'-0.26,'+15.69%,游戏
'198,601133.柏诚股份,'13.37,'+0.38%,0.12%,20.52%,43.78%,'14.43,'70.33,'36.43,1.65%,'1.93,'+20.85%,工程建设
'199,603100.川仪股份,'20.46,'+0.20%,0.68%,20.44%,44.70%,'21.42,'104.80,'17.17,2.82%,'6.10,'-2.41%,仪器仪表
'200,603257.中国瑞林,'52.46,'-1.17%,'-,20.44%,60.57%,'13.02,'63.70,'42.72,0.94%,'1.49,'+158.20%,工程咨询服务
'201,688137.近岸蛋白,'45.83,'-2.39%,'-,20.39%,5.49%,'6.72,'32.95,'-,1.06%,'-0.72,'+38.04%,生物制品
'202,003028.振邦智能,'35.97,'-0.66%,'-,20.36%,31.33%,'10.67,'52.40,'27.62,0.96%,'1.90,'+31.92%,消费电子
'203,601515.东峰集团,'4.49,'-0.22%,1.09%,20.34%,20.65%,'17.16,'84.35,'-,0.55%,'-5.01,'+12.81%,包装材料
'204,688580.伟思医疗,'55.86,'+5.40%,'-,20.27%,8.47%,'10.29,'50.76,'53.75,1.51%,'0.94,'+103.67%,医疗器械
'205,002401.中远海科,'20.33,'+4.52%,0.23%,20.17%,38.11%,'14.58,'72.29,'106.17,0.67%,'0.68,'+28.88%,互联网服务
'206,600268.国电南自,'10.10,'-1.75%,6.99%,20.16%,60.47%,'21.05,'104.43,'27.77,1.36%,'3.76,'+53.07%,电网设备
'207,002452.长高电新,'7.44,'-0.27%,'-,20.12%,31.50%,'9.31,'46.28,'18.75,1.07%,'2.47,'+1.44%,电网设备
'208,000596.古井贡酒,'146.28,'-0.31%,1.26%,19.90%,35.87%,'154.37,'775.67,'13.56,4.09%,'57.19,'-11.92%,酿酒行业
'209,600252.中恒集团,'2.90,'-0.34%,0.77%,19.87%,31.89%,'19.16,'96.42,'-,0.36%,'-3.41,'+17.89%,中药
'210,603129.春风动力,'270.01,'+6.84%,3.88%,19.85%,54.90%,'76.55,'385.61,'24.41,1.52%,'17.05,'+75.66%,交运设备
'211,600983.惠而浦,'11.48,'+0.17%,0.16%,19.80%,50.33%,'17.39,'87.83,'31.13,2.53%,'2.82,'+27.77%,家电行业
'212,605259.绿田机械,'28.74,'+2.13%,'-,19.80%,34.87%,'9.61,'48.54,'23.17,2.13%,'2.10,'+95.43%,通用设备
'213,600158.中体产业,'8.66,'+0.35%,0.48%,19.79%,39.02%,'16.39,'82.81,'300.00,0.23%,'0.21,'+4.95%,文化传媒
'214,002223.鱼跃医疗,'35.74,'+0.42%,1.97%,19.77%,19.43%,'70.52,'356.78,'26.33,2.25%,'13.55,'-0.98%,医疗器械
'215,600522.中天科技,'14.59,'+0.41%,6.17%,19.72%,37.24%,'97.80,'495.90,'18.74,2.06%,'26.47,'+4.05%,通信设备
'216,600398.海澜之家,'7.00,'+0.14%,1.80%,19.69%,44.92%,'66.09,'335.71,'16.27,5.87%,'20.64,'-4.36%,纺织服装
'217,688663.新风光,'30.86,'+0.19%,'-,19.53%,55.02%,'8.46,'43.31,'27.12,1.95%,'1.60,'+45.31%,电网设备
'218,603727.博迈科,'14.27,'-0.76%,'-,19.53%,36.90%,'7.91,'40.51,'120.66,1.74%,'0.34,'+26.54%,采掘行业
'219,688236.春立医疗,'25.08,'+4.54%,0.44%,19.51%,17.11%,'17.95,'92.02,'93.56,0.55%,'0.98,'+96.37%,医疗器械
'220,002224.三力士,'4.70,'-0.42%,'-,19.45%,19.50%,'8.28,'42.58,'104.38,0.64%,'0.41,'+9.48%,橡胶制品
'221,300160.秀强股份,'6.31,'+1.61%,'-,19.42%,17.99%,'9.32,'48.00,'22.25,1.61%,'2.16,'+18.13%,家电行业
'222,688032.禾迈股份,'109.41,'-1.39%,0.65%,19.41%,23.28%,'26.72,'137.66,'62.99,2.88%,'2.19,'+0.25%,光伏设备
'223,300209.有棵树,'5.25,'-0.76%,'-,19.38%,21.96%,'9.52,'49.12,'-,'-,'-0.96,'-2.96%,互联网服务
'224,000731.四川美丰,'7.13,'+0.42%,'-,19.30%,17.06%,'7.66,'39.68,'33.65,3.80%,'1.18,'-0.41%,化肥行业
'225,600479.千金药业,'10.95,'-0.73%,'-,19.28%,31.06%,'8.90,'46.16,'20.69,3.26%,'2.23,'+5.94%,中药
'226,601126.四方股份,'17.10,'-0.93%,2.15%,19.19%,57.62%,'27.60,'143.82,'19.12,4.17%,'7.52,'+5.25%,电网设备
'227,000419.通程控股,'6.09,'+2.35%,'-,19.14%,35.32%,'6.19,'32.34,'33.14,2.52%,'0.98,'+9.41%,商业百货
'228,600516.方大炭素,'4.82,'-0.62%,0.70%,19.10%,14.23%,'37.30,'195.26,'-,0.41%,'-1.14,'+0.20%,非金属材料
'229,000513.丽珠集团,'40.06,'-1.01%,2.63%,19.07%,37.21%,'69.79,'365.89,'18.22,2.72%,'20.08,'+8.41%,化学制药
'230,300873.海晨股份,'26.98,'+3.17%,'-,19.04%,31.45%,'11.48,'60.30,'26.73,1.53%,'2.26,'+59.55%,物流行业
'231,300792.壹网壹创,'26.34,'+2.05%,0.71%,19.02%,4.02%,'11.63,'61.15,'84.30,0.39%,'0.73,'+10.20%,互联网服务
'232,600166.福田汽车,'2.67,'-1.11%,2.54%,18.96%,74.44%,'40.53,'213.77,'-,'-,'-1.92,'+6.37%,汽车整车
'233,002677.浙江美大,'7.12,'+0.42%,0.54%,18.90%,8.15%,'8.66,'45.81,'111.63,4.23%,'0.41,'+1.04%,家电行业
'234,600507.方大特钢,'6.31,'+0.16%,1.15%,18.86%,54.56%,'27.49,'145.73,'64.01,0.52%,'2.28,'+57.02%,钢铁行业
'235,601012.隆基绿能,'15.84,'-1.06%,5.62%,18.79%,59.80%,'227.97,'1213.25,'-,1.06%,'-83.11,'+0.83%,光伏设备
'236,603299.苏盐井神,'10.98,'+1.48%,0.40%,18.59%,37.23%,'15.72,'84.58,'13.58,4.09%,'6.23,'+3.22%,化学原料
'237,603237.五芳斋,'17.70,'+0.11%,'-,18.45%,36.85%,'6.43,'34.85,'22.90,2.84%,'1.52,'-1.12%,食品饮料
'238,601226.华电科工,'6.67,'+0.15%,0.57%,18.44%,59.69%,'14.32,'77.64,'78.89,0.51%,'0.98,'-0.79%,工程机械
'239,688571.杭华股份,'8.78,'-0.45%,'-,18.43%,21.04%,'6.83,'37.06,'28.77,2.27%,'1.29,'+34.39%,化学制品
'240,603341.龙旗科技,'41.32,'+2.35%,0.19%,18.34%,77.30%,'34.76,'189.49,'52.72,1.23%,'3.59,'-10.49%,消费电子
'241,688507.索辰科技,'105.33,'-0.81%,0.15%,18.34%,7.33%,'17.35,'94.62,'218.95,0.23%,'0.43,'+93.04%,软件开发
'242,301328.维峰电子,'46.73,'+0.39%,0.45%,18.28%,6.49%,'9.35,'51.16,'55.84,1.07%,'0.92,'+11.39%,电子元件
'243,600959.江苏有线,'3.60,'-1.10%,0.97%,18.27%,37.76%,'33.25,'182.03,'-,0.60%,'-1.55,'+8.13%,文化传媒
'244,002790.瑞尔特,'7.79,'-0.38%,'-,18.21%,18.84%,'5.95,'32.68,'26.33,3.07%,'1.24,'+9.78%,装修建材
'245,601298.青岛港,'8.90,'+0.79%,0.36%,18.12%,26.03%,'103.88,'573.16,'11.12,1.28%,'51.52,'-2.31%,航运港口
'246,603068.博通集成,'35.46,'+0.68%,0.69%,18.10%,8.41%,'9.59,'52.98,'-,0.14%,'-0.41,'+28.25%,半导体
'247,301003.江苏博云,'34.16,'-2.12%,'-,18.08%,9.05%,'6.13,'33.90,'25.13,5.26%,'1.35,'+64.95%,塑料制品
'248,600125.铁龙物流,'5.85,'+0.17%,4.22%,18.07%,28.35%,'13.78,'76.24,'21.64,1.54%,'3.52,'+0.22%,物流行业
'249,688112.鼎阳科技,'42.49,'+0.71%,1.03%,18.04%,6.78%,'12.12,'67.17,'55.91,1.21%,'1.20,'+53.77%,仪器仪表
'250,300557.理工光科,'28.45,'-1.08%,'-,18.03%,36.60%,'6.27,'34.78,'113.25,0.53%,'0.31,'+13.91%,仪器仪表
'251,600528.中铁工业,'9.07,'-1.95%,0.59%,17.97%,54.99%,'36.92,'205.49,'13.72,1.10%,'14.98,'+12.53%,交运设备
'252,301330.熵基科技,'29.43,'-1.04%,0.47%,17.95%,16.59%,'12.56,'69.99,'41.24,1.40%,'1.70,'+33.49%,软件开发
'253,002441.众业达,'9.45,'-0.53%,0.89%,17.94%,33.99%,'9.28,'51.73,'40.12,3.16%,'1.29,'+25.68%,电网设备
'254,600009.XD上海机,'31.84,'-0.19%,3.39%,17.91%,35.81%,'142.18,'793.83,'51.56,1.25%,'15.40,'-5.89%,航空机场
'255,688172.燕东微,'20.04,'-0.55%,0.07%,17.83%,22.19%,'51.29,'287.74,'-,0.17%,'-5.04,'-0.05%,半导体
'256,000519.中兵红箭,'22.14,'-2.25%,0.47%,17.81%,36.75%,'56.16,'315.41,'-,0.24%,'-4.65,'+53.22%,专用设备
'257,000524.岭南控股,'12.64,'+0.32%,3.81%,17.76%,34.59%,'15.00,'84.45,'135.50,0.63%,'0.62,'+31.48%,旅游酒店
'258,603216.梦天家居,'14.22,'-4.37%,'-,17.76%,18.36%,'5.88,'33.11,'71.41,1.34%,'0.46,'+32.93%,装修装饰
'259,002978.安宁股份,'29.77,'-0.54%,0.32%,17.74%,23.09%,'25.06,'141.27,'16.55,3.09%,'8.53,'+6.47%,有色金属
'260,301289.国缆检测,'51.94,'-0.44%,'-,17.72%,17.94%,'7.21,'40.69,'50.43,0.79%,'0.81,'+7.21%,专业服务
'261,600650.锦江在线,'16.39,'-0.18%,0.12%,17.70%,18.70%,'16.03,'90.57,'70.41,0.67%,'1.29,'+18.03%,铁路公路
'262,002668.TCL智家,'10.31,'+0.58%,2.44%,17.67%,72.76%,'19.64,'111.12,'10.41,'-,'10.68,'-21.42%,家电行业
'263,002649.博彦科技,'14.68,'+0.27%,0.71%,17.67%,27.69%,'15.14,'85.69,'57.90,1.17%,'1.48,'+22.71%,互联网服务
'264,301362.民爆光电,'44.00,'-0.18%,'-,17.51%,16.15%,'8.08,'46.14,'22.11,4.30%,'2.09,'+17.98%,家电行业
'265,301276.嘉曼服饰,'25.30,'-1.52%,'-,17.51%,19.46%,'5.83,'33.29,'27.00,2.34%,'1.23,'+54.15%,纺织服装
'266,603344.星德胜,'26.39,'-0.98%,'-,17.48%,28.14%,'9.06,'51.84,'27.49,1.16%,'1.89,'+9.29%,电机
'267,002705.新宝股份,'15.64,'-0.26%,3.98%,17.43%,44.07%,'22.19,'127.30,'11.40,2.87%,'11.17,'+7.61%,家电行业
'268,002304.洋河股份,'69.25,'-0.62%,1.36%,17.40%,19.20%,'182.66,'1049.69,'23.84,6.67%,'44.02,'-11.57%,酿酒行业
'269,300770.新媒股份,'40.40,'-0.52%,1.08%,17.33%,25.66%,'16.13,'93.05,'13.65,7.07%,'6.81,'+1.84%,文化传媒
'270,002912.中新赛克,'28.22,'-1.84%,'-,17.32%,16.25%,'8.50,'49.09,'100.10,0.70%,'0.49,'+11.24%,互联网服务
'271,605066.天正电气,'7.87,'-1.13%,'-,17.21%,41.09%,'6.94,'40.33,'32.46,4.40%,'1.24,'+35.16%,电网设备
'272,301219.腾远钴业,'57.35,'-0.93%,0.28%,17.18%,17.14%,'29.31,'170.61,'26.48,0.86%,'6.44,'+28.29%,能源金属
'273,002154.报喜鸟,'3.87,'+0.26%,0.88%,17.13%,29.69%,'9.65,'56.33,'15.44,3.11%,'3.65,'-11.08%,纺织服装
'274,301119.正强股份,'40.48,'-2.95%,'-,17.08%,31.90%,'7.41,'43.38,'43.94,2.45%,'0.99,'+34.08%,汽车零部件
'275,688153.唯捷创芯,'34.12,'+0.95%,0.41%,16.91%,14.20%,'24.59,'145.45,'-,0.16%,'-0.57,'+1.97%,半导体
'276,600825.新华传媒,'7.27,'-0.68%,0.06%,16.73%,37.53%,'12.80,'76.49,'-,0.16%,'-0.30,'+11.18%,文化传媒
'277,600006.东风股份,'7.55,'-1.18%,0.36%,16.57%,49.55%,'25.32,'152.80,'-,0.07%,'-7.16,'+2.51%,汽车整车
'278,002236.大华股份,'16.60,'+0.36%,2.04%,16.54%,24.85%,'89.90,'543.63,'23.14,3.89%,'23.50,'+6.79%,计算机设备
'279,002543.万和电气,'12.88,'-5.16%,4.15%,16.47%,42.97%,'16.63,'100.98,'14.77,3.24%,'6.84,'+28.32%,家电行业
'280,000810.创维数字,'11.77,'+0.17%,0.64%,16.42%,40.43%,'22.03,'134.14,'126.08,1.11%,'1.06,'-25.28%,通信设备
'281,301208.中亦科技,'49.00,'-0.04%,'-,16.32%,17.79%,'9.60,'58.82,'74.77,0.41%,'0.79,'+27.75%,软件开发
'282,600085.同仁堂,'36.44,'-0.46%,2.66%,16.28%,32.65%,'81.73,'502.10,'33.67,2.73%,'14.91,'-8.98%,中药
'283,603515.欧普照明,'18.79,'-0.69%,3.13%,16.27%,28.17%,'22.90,'140.73,'19.25,4.77%,'7.31,'+20.11%,家电行业
'284,688592.司南导航,'42.84,'-2.66%,'-,16.24%,25.70%,'5.75,'35.41,'-,0.21%,'-0.54,'+48.65%,计算机设备
'285,603586.金麒麟,'19.58,'-2.34%,'-,16.23%,16.22%,'6.38,'39.31,'26.43,2.00%,'1.49,'+38.37%,汽车零部件
'286,688581.安杰思,'84.89,'+4.03%,0.57%,16.15%,4.01%,'10.67,'66.08,'25.01,1.68%,'2.64,'+45.29%,医疗器械
'287,688009.中国通号,'5.43,'-0.37%,1.26%,16.11%,55.95%,'92.96,'577.15,'17.86,3.12%,'32.31,'-10.57%,交运设备
'288,603365.水星家纺,'17.90,'+0.96%,'-,16.11%,18.29%,'7.50,'46.56,'14.32,5.08%,'3.25,'+15.82%,纺织服装
'289,000768.中航西飞,'28.25,'-1.98%,0.29%,16.09%,71.33%,'128.98,'801.53,'85.13,0.42%,'9.42,'+0.52%,航天航空
'290,688391.钜泉科技,'32.12,'-0.19%,'-,16.01%,6.23%,'5.93,'37.05,'75.29,'-,'0.49,'+5.83%,半导体
'291,002233.塔牌集团,'8.55,'+0.71%,1.17%,15.75%,9.27%,'15.94,'101.22,'25.34,5.30%,'3.99,'+17.88%,水泥建材
'292,603698.航天工程,'18.53,'-1.91%,0.86%,15.73%,41.57%,'15.93,'101.25,'50.82,0.57%,'1.99,'+19.82%,专业服务
'293,002557.洽洽食品,'22.93,'-0.86%,3.95%,15.72%,40.23%,'18.39,'117.00,'19.20,5.62%,'6.09,'-16.64%,食品饮料
'294,000541.佛山照明,'6.48,'-0.15%,0.67%,15.72%,39.35%,'15.67,'99.67,'120.63,1.85%,'0.83,'+6.45%,家电行业
'295,603082.北自科技,'40.82,'-0.99%,0.12%,15.67%,60.27%,'10.48,'66.89,'40.84,1.41%,'1.64,'+22.13%,通用设备
'296,601699.潞安环能,'14.60,'+3.33%,1.50%,15.65%,38.27%,'66.13,'422.69,'23.94,2.90%,'17.65,'+5.66%,煤炭行业
'297,603927.中科软,'20.08,'-0.35%,0.78%,15.64%,52.24%,'26.19,'167.45,'54.88,1.69%,'3.05,'-5.79%,软件开发
'298,605136.丽人丽妆,'9.96,'-0.30%,'-,15.62%,6.93%,'6.25,'40.01,'-,0.06%,'-0.49,'+15.41%,商业百货
'299,603173.福斯达,'46.14,'+4.44%,'-,15.49%,66.89%,'10.95,'70.69,'23.94,1.13%,'2.95,'+103.04%,通用设备
'300,600126.杭钢股份,'8.92,'+1.59%,0.43%,15.45%,38.42%,'45.80,'296.52,'-,'-,'-8.95,'+86.61%,钢铁行业
'301,600929.雪天盐业,'5.26,'-0.57%,0.36%,15.43%,26.12%,'13.39,'86.79,'300.00,1.64%,'0.09,'-4.29%,化学原料
'302,600218.全柴动力,'9.26,'-0.43%,'-,15.43%,48.24%,'6.25,'40.51,'86.06,0.65%,'0.47,'+18.06%,汽车零部件
'303,603980.吉华集团,'6.01,'+0.84%,'-,15.39%,12.34%,'6.21,'40.34,'182.37,1.17%,'0.22,'+39.43%,化学制品
'304,002033.丽江股份,'8.92,'+0.23%,3.80%,15.38%,10.59%,'7.52,'48.90,'24.19,3.93%,'2.02,'+4.68%,旅游酒店
'305,605058.澳弘电子,'29.52,'-1.20%,'-,15.38%,33.53%,'6.57,'42.71,'32.71,2.01%,'1.31,'+52.41%,电子元件
'306,300389.艾比森,'12.22,'-0.65%,0.59%,15.35%,56.56%,'6.97,'45.40,'69.39,1.22%,'0.65,'+4.09%,光学光电子
'307,600822.上海物贸,'12.18,'-0.16%,'-,15.20%,33.55%,'9.20,'60.51,'300.00,'-,'0.07,'+19.18%,汽车服务
'308,002454.松芝股份,'8.72,'+1.75%,'-,15.15%,43.66%,'8.16,'53.87,'43.56,1.17%,'1.24,'+32.85%,汽车零部件
'309,600101.明星电力,'10.28,'-0.58%,0.16%,15.13%,26.83%,'8.57,'56.65,'29.81,1.16%,'1.90,'+18.00%,电力行业
'310,301153.中科江南,'25.24,'+0.68%,0.64%,15.09%,22.01%,'13.35,'88.46,'128.14,0.71%,'0.69,'-9.00%,软件开发
'311,605338.巴比食品,'20.65,'-0.86%,'-,15.07%,18.40%,'7.52,'49.90,'23.60,3.84%,'2.11,'+24.88%,食品饮料
'312,601601.中国太保,'37.41,'+1.44%,3.19%,15.06%,90.04%,'534.42,'3547.98,'8.29,2.93%,'427.98,'+13.00%,保险
'313,002349.精华制药,'7.77,'-0.77%,1.03%,15.04%,10.22%,'9.77,'64.96,'34.11,1.00%,'1.90,'+2.62%,中药
'314,300994.久祺股份,'17.64,'-0.62%,'-,15.01%,38.50%,'6.21,'41.37,'31.06,'-,'1.33,'+56.38%,交运设备
'315,605599.菜百股份,'15.56,'+0.39%,2.42%,14.99%,47.34%,'18.07,'120.56,'17.01,4.65%,'7.09,'+42.55%,珠宝首饰
'316,605111.新洁能,'33.86,'+1.53%,2.80%,14.89%,9.50%,'20.62,'138.51,'32.55,0.35%,'4.26,'+0.06%,半导体
'317,002145.中核钛白,'4.28,'-0.70%,0.72%,14.84%,38.06%,'24.34,'164.07,'37.06,0.38%,'4.43,'+1.32%,化学原料
'318,600824.益民集团,'4.33,'+0.23%,'-,14.83%,15.01%,'6.75,'45.53,'300.00,0.39%,'0.07,'-3.13%,商业百货
'319,605098.行动教育,'37.20,'+1.09%,2.50%,14.81%,54.33%,'6.50,'43.88,'18.39,6.09%,'2.25,'+7.71%,教育
'320,301533.威马农机,'44.84,'+2.52%,'-,14.77%,14.87%,'6.35,'43.00,'61.55,0.91%,'0.70,'+53.79%,专用设备
'321,688553.汇宇制药-W,'21.31,'-5.25%,'-,14.73%,20.27%,'14.03,'95.27,'107.02,2.06%,'0.89,'+43.93%,化学制药
'322,002140.东华科技,'10.52,'+0.10%,0.42%,14.66%,67.80%,'10.91,'74.41,'18.43,1.43%,'4.04,'+8.25%,工程建设
'323,688606.奥泰生物,'77.67,'+3.20%,3.25%,14.65%,6.12%,'8.74,'59.67,'23.12,3.99%,'2.58,'+25.41%,医疗器械
'324,002191.劲嘉股份,'4.09,0.00%,1.33%,14.65%,19.32%,'8.70,'59.38,'-,7.33%,'-0.03,'-2.62%,包装材料
'325,600664.哈药股份,'3.95,'-0.75%,1.70%,14.48%,55.24%,'14.51,'100.24,'15.90,'-,'6.31,'-4.36%,化学制药
'326,301399.英特科技,'24.49,'+1.28%,'-,14.48%,11.10%,'6.48,'44.74,'88.51,0.86%,'0.51,'+30.60%,通用设备
'327,002194.武汉凡谷,'13.50,'-0.22%,0.49%,14.47%,16.33%,'13.38,'92.45,'210.04,0.52%,'0.44,'+20.90%,通信设备
'328,603708.家家悦,'10.83,'-0.46%,0.72%,14.47%,80.95%,'10.05,'69.45,'57.40,1.75%,'1.21,'-4.20%,商业百货
'329,600033.福建高速,'3.51,'+0.29%,1.15%,14.43%,18.14%,'13.86,'96.05,'12.08,2.86%,'7.95,'-8.27%,铁路公路
'330,001318.阳光乳业,'14.18,'-0.70%,'-,14.40%,4.42%,'5.81,'40.36,'33.79,1.26%,'1.19,'+26.49%,食品饮料
'331,300142.沃森生物,'12.93,'-2.19%,1.25%,14.39%,20.02%,'30.42,'211.43,'300.00,0.08%,'0.13,'+7.14%,生物制品
'332,000551.创元科技,'12.09,'-0.25%,'-,14.37%,37.73%,'8.44,'58.75,'24.48,0.69%,'2.40,'+22.25%,环保行业
'333,688369.致远互联,'32.23,'-5.43%,'-,14.36%,33.03%,'5.64,'39.27,'-,0.38%,'-2.76,'+60.59%,软件开发
'334,603218.日月股份,'13.12,'-0.08%,2.82%,14.32%,27.29%,'19.38,'135.29,'36.76,2.67%,'3.68,'+11.95%,风电设备
'335,601718.际华集团,'4.40,'-7.37%,0.40%,14.29%,44.34%,'29.81,'208.60,'-,0.63%,'-39.82,'+54.93%,纺织服装
'336,002264.新华都,'6.94,'+1.17%,'-,14.28%,46.48%,'7.05,'49.38,'21.91,'-,'2.25,'+12.30%,互联网服务
'337,000888.峨眉山Ａ,'13.75,'-0.36%,3.27%,14.25%,24.72%,'10.36,'72.71,'32.25,1.81%,'2.25,'+5.85%,旅游酒店
'338,688396.华润微,'46.52,'-1.19%,2.30%,14.16%,16.37%,'88.53,'625.00,'96.03,0.12%,'6.51,'-1.30%,半导体
'339,002869.金溢科技,'28.06,'+3.31%,0.45%,14.13%,15.84%,'6.89,'48.77,'86.63,0.74%,'0.56,'+6.35%,电子元件
'340,002695.煌上煌,'14.35,'-9.97%,0.26%,14.12%,15.92%,'12.59,'89.18,'148.01,0.69%,'0.60,'+70.08%,食品饮料
'341,301275.汉朔科技,'57.41,'-0.04%,0.09%,14.07%,36.48%,'34.13,'242.58,'36.22,0.26%,'6.70,'+109.33%,通信设备
'342,301009.可靠股份,'14.88,'-2.04%,'-,14.07%,31.69%,'5.81,'41.30,'176.17,0.46%,'0.23,'+39.89%,美容护理
'343,688119.中钢洛耐,'4.37,'-1.13%,'-,14.06%,42.04%,'6.99,'49.73,'-,'-,'-0.99,'+12.05%,非金属材料
'344,301077.星华新材,'23.24,'-2.19%,'-,14.06%,34.94%,'5.68,'40.41,'28.11,3.19%,'1.44,'+30.09%,化学制品
'345,300036.超图软件,'16.35,'-1.33%,0.54%,14.00%,32.71%,'11.43,'81.65,'-,'-,'-3.12,'-3.71%,软件开发
'346,603338.浙江鼎力,'51.85,'+0.12%,6.77%,13.99%,33.91%,'36.68,'262.24,'15.50,1.93%,'16.92,'-17.80%,工程机械
'347,301580.爱迪特,'49.63,'-0.76%,0.19%,13.92%,9.80%,'7.42,'53.29,'35.22,0.93%,'1.51,'+20.93%,医疗器械
'348,603350.安乃达,'38.58,'-0.54%,'-,13.88%,37.88%,'6.27,'45.16,'46.35,2.44%,'0.97,'+8.63%,电机
'349,688389.普门科技,'14.50,'+0.35%,0.25%,13.86%,26.13%,'8.58,'61.92,'22.53,1.95%,'2.75,'-0.51%,医疗器械
'350,000880.潍柴重机,'46.04,'-0.80%,0.60%,13.85%,68.49%,'21.29,'153.77,'94.18,0.06%,'1.63,'+166.50%,通用设备
'351,002101.广东鸿图,'13.00,'-0.15%,1.09%,13.85%,42.95%,'11.98,'86.50,'23.39,2.40%,'3.70,'+11.30%,汽车零部件
'352,600367.红星发展,'15.69,'-0.70%,'-,13.82%,16.58%,'7.45,'53.90,'54.78,0.19%,'0.98,'+36.17%,化学原料
'353,603339.四方科技,'13.43,'+1.44%,'-,13.81%,20.20%,'5.66,'40.97,'18.96,1.78%,'2.16,'+8.35%,通用设备
'354,000920.沃顿科技,'11.33,'-0.26%,'-,13.80%,23.96%,'7.41,'53.69,'26.23,1.73%,'2.05,'+28.85%,环保行业
'355,603429.集友股份,'9.97,'-0.70%,'-,13.79%,10.09%,'7.26,'52.66,'-,1.49%,'-0.06,'+59.27%,造纸印刷
'356,688261.东微半导,'59.39,'-1.46%,0.97%,13.78%,6.72%,'10.18,'73.85,'300.00,0.07%,'0.03,'+41.58%,半导体
'357,603466.风语筑,'10.60,'-2.30%,0.96%,13.71%,52.41%,'8.85,'64.53,'-,1.84%,'-0.62,'+16.01%,文化传媒
'358,603106.恒银科技,'10.84,'+1.69%,'-,13.71%,22.19%,'7.61,'55.49,'152.66,0.28%,'0.36,'+38.21%,计算机设备
'359,603107.上海汽配,'16.12,'+0.06%,0.16%,13.69%,19.54%,'7.44,'54.34,'32.31,1.86%,'1.68,'-1.81%,汽车零部件
'360,002641.公元股份,'4.26,'-0.47%,1.00%,13.67%,39.16%,'7.19,'52.61,'50.88,1.17%,'1.03,'-2.02%,装修建材
'361,689009.九号公司-WD,'61.74,'-0.58%,'-,13.65%,60.36%,'61.00,'446.78,'24.93,1.82%,'17.92,'+32.42%,交运设备
'362,688475.萤石网络,'34.38,'-0.46%,0.30%,13.65%,31.04%,'37.14,'272.00,'53.90,1.01%,'5.05,'+15.14%,家电行业
'363,301369.联动科技,'62.48,'+0.66%,'-,13.65%,5.24%,'5.97,'43.75,'300.00,0.42%,'0.14,'+19.94%,半导体
'364,603205.健尔康,'30.55,'+1.26%,'-,13.62%,9.14%,'6.41,'47.07,'40.85,0.89%,'1.15,'+4.68%,医疗器械
'365,300968.格林精密,'15.43,'+0.13%,0.20%,13.61%,12.67%,'8.67,'63.70,'187.90,0.32%,'0.34,'-6.02%,消费电子
'366,000523.红棉股份,'3.32,'-0.60%,0.17%,13.59%,39.26%,'8.33,'61.30,'78.69,'-,'0.78,'+8.85%,食品饮料
'367,301333.诺思格,'54.86,'-0.56%,0.86%,13.55%,18.26%,'7.22,'53.28,'45.10,0.29%,'1.18,'+10.10%,医疗服务
'368,603533.掌阅科技,'20.56,'-0.63%,2.09%,13.53%,20.25%,'12.29,'90.81,'296.96,0.48%,'0.31,'+1.73%,文化传媒
'369,000860.顺鑫农业,'15.91,'-0.19%,0.40%,13.49%,45.49%,'15.95,'118.24,'152.92,0.94%,'0.77,'-17.50%,酿酒行业
'370,000570.苏常柴Ａ,'6.04,'-0.17%,'-,13.49%,37.59%,'5.76,'42.69,'78.94,0.17%,'0.54,'+18.93%,汽车零部件
'371,002373.千方科技,'11.53,'-2.04%,1.66%,13.47%,32.65%,'25.06,'185.99,'-,0.42%,'-11.40,'+13.71%,互联网服务
'372,000568.泸州老窖,'125.43,'-0.52%,2.22%,13.46%,24.67%,'249.83,'1855.84,'13.81,9.00%,'134.42,'+5.12%,酿酒行业
'373,300951.博硕科技,'34.42,'-0.14%,0.16%,13.43%,17.59%,'7.83,'58.30,'30.84,1.74%,'1.89,'+17.61%,消费电子
'374,603456.九洲药业,'18.43,'-0.11%,1.41%,13.42%,19.62%,'22.02,'164.10,'25.19,1.64%,'6.52,'+37.50%,化学制药
'375,600054.黄山旅游,'11.75,'-0.09%,2.14%,13.42%,14.73%,'11.51,'85.78,'26.04,1.46%,'3.29,'+5.57%,旅游酒店
'376,002096.易普力,'14.02,'-1.61%,0.52%,13.36%,31.90%,'23.61,'176.76,'25.28,1.61%,'6.99,'+19.89%,化学制品
'377,600179.安通控股,'3.29,'+1.23%,0.78%,13.36%,21.73%,'18.37,'137.52,'20.81,'-,'6.61,'+16.25%,物流行业
'378,002959.小熊电器,'49.60,'-0.46%,1.31%,13.30%,49.45%,'10.41,'78.25,'30.59,2.01%,'2.56,'+5.72%,家电行业
'379,688161.威高骨科,'32.21,'+1.35%,0.76%,13.25%,19.07%,'16.84,'127.12,'56.40,0.91%,'2.25,'+28.54%,医疗器械
'380,600751.海航科技,'4.47,'+1.82%,0.62%,13.24%,15.77%,'16.85,'127.28,'141.02,'-,'0.90,'+69.96%,航运港口
'381,688432.有研硅,'12.03,'+1.78%,0.18%,13.23%,9.07%,'19.51,'147.47,'92.20,0.51%,'1.60,'+7.05%,半导体
'382,300802.矩子科技,'20.38,'-1.50%,0.60%,13.21%,12.07%,'7.91,'59.86,'104.66,0.77%,'0.57,'+12.50%,专用设备
'383,300402.宝色股份,'19.68,'-0.05%,'-,13.15%,39.88%,'6.39,'48.59,'85.73,0.46%,'0.57,'+34.05%,专用设备
'384,603310.巍华新材,'19.89,'-4.60%,'-,13.14%,9.83%,'9.46,'72.00,'41.21,3.36%,'1.75,'+9.50%,化学原料
'385,002410.广联达,'13.28,'-0.60%,11.61%,13.09%,35.72%,'28.89,'220.70,'113.46,1.12%,'1.95,'+14.17%,软件开发
'386,603888.新华网,'19.45,'+0.46%,0.54%,13.05%,27.11%,'17.05,'130.63,'56.83,0.54%,'2.30,'+13.81%,文化传媒
'387,688146.中船特气,'37.38,'+6.22%,0.29%,13.04%,12.83%,'24.30,'186.30,'86.14,0.49%,'2.16,'+29.48%,电子化学品
'388,600826.兰生股份,'11.24,'+1.35%,1.42%,13.02%,25.33%,'10.62,'81.57,'36.03,2.52%,'2.26,'+34.48%,贸易行业
'389,688489.三未信安,'40.22,'-1.18%,'-,12.95%,9.03%,'6.05,'46.71,'-,0.28%,'-0.08,'+16.95%,电子元件
'390,001338.永顺泰,'11.89,'+0.25%,0.28%,12.80%,12.60%,'7.62,'59.51,'21.87,2.53%,'2.72,'+12.05%,农牧饲渔
'391,603758.秦安股份,'14.19,'-2.67%,'-,12.72%,12.38%,'8.14,'63.98,'38.41,2.06%,'1.67,'+77.19%,汽车零部件
'392,300756.金马游乐,'32.64,'+6.74%,'-,12.72%,%,'6.13,'48.19,'-,0.16%,'-0.02,'+119.65%,旅游酒店
'393,300048.合康新能,'6.20,'+0.81%,1.64%,12.68%,62.36%,'8.72,'68.79,'254.09,'-,'0.27,'+23.02%,专用设备
'394,600618.氯碱化工,'10.30,'-0.29%,0.87%,12.67%,24.88%,'15.14,'119.46,'15.05,2.03%,'7.94,'+6.52%,化学原料
'395,600556.天下秀,'5.11,'-0.58%,0.77%,12.66%,26.08%,'11.76,'92.92,'222.39,0.17%,'0.42,'-1.56%,文化传媒
'396,688334.西高院,'18.94,'-0.42%,0.12%,12.66%,18.17%,'7.62,'60.21,'29.24,2.09%,'2.06,'+17.68%,专业服务
'397,605300.佳禾食品,'14.00,'+0.07%,0.05%,12.65%,16.56%,'8.04,'63.57,'210.02,0.43%,'0.30,'+4.61%,食品饮料
'398,601188.龙江交通,'3.54,'-0.28%,'-,12.65%,9.35%,'5.91,'46.71,'27.37,2.00%,'1.71,'+0.26%,铁路公路
'399,301110.青木科技,'57.80,'+1.89%,'-,12.61%,15.69%,'6.62,'52.50,'78.90,1.41%,'0.67,'-5.31%,互联网服务
'400,601038.一拖股份,'13.44,'+0.15%,0.51%,12.60%,48.01%,'19.00,'150.79,'18.90,2.23%,'7.98,'-6.96%,专用设备
'401,301631.壹连科技,'85.52,'-0.30%,0.21%,12.60%,47.27%,'9.88,'78.42,'35.92,1.00%,'2.18,'-8.18%,电子元件
'402,603279.景津装备,'16.02,'+0.19%,3.81%,12.59%,47.87%,'11.61,'92.18,'11.80,6.63%,'7.81,'-8.15%,通用设备
'403,301371.敷尔佳,'26.79,'-0.30%,0.05%,12.58%,3.54%,'17.58,'139.75,'27.14,4.29%,'5.15,'-3.73%,美容护理
'404,300795.米奥会展,'15.54,'+0.19%,'-,12.58%,28.83%,'5.83,'46.36,'43.23,3.22%,'1.07,'+2.36%,文化传媒
'405,300750.宁德时代,'263.25,'-0.16%,13.78%,12.54%,64.74%,'1507.65,'12021.08,'23.06,2.19%,'521.36,'+1.43%,电池
'406,301338.凯格精机,'64.83,'-2.06%,'-,12.54%,36.61%,'8.83,'70.43,'82.20,0.30%,'0.86,'+108.87%,专用设备
'407,603018.华设集团,'8.33,'-0.72%,0.33%,12.48%,56.62%,'7.16,'57.37,'16.94,1.19%,'3.39,'+2.76%,工程咨询服务
'408,603230.内蒙新华,'13.49,'+0.37%,0.40%,12.48%,38.62%,'5.93,'47.51,'16.48,3.57%,'2.88,'+10.71%,文化传媒
'409,605169.洪通燃气,'17.97,'+9.98%,'-,12.46%,22.54%,'5.76,'46.22,'24.71,1.53%,'1.87,'+80.76%,燃气
'410,603125.常青科技,'17.68,'+2.31%,0.08%,12.39%,7.77%,'8.67,'69.96,'39.14,0.60%,'1.79,'+34.45%,化学制品
'411,688439.振华风光,'59.48,'-1.38%,0.28%,12.38%,8.61%,'14.93,'120.62,'71.36,0.27%,'1.69,'+16.32%,半导体
'412,601238.广汽集团,'7.61,'-0.26%,1.63%,12.37%,43.49%,'96.25,'778.04,'-,0.66%,'-59.32,'-18.30%,汽车整车
'413,000738.航发控制,'21.13,'-1.03%,0.83%,12.37%,19.19%,'34.73,'280.79,'45.65,0.81%,'6.15,'-4.14%,航天航空
'414,600757.长江传媒,'9.67,0.00%,2.09%,12.35%,30.11%,'14.49,'117.36,'10.30,4.24%,'11.39,'+5.41%,文化传媒
'415,002332.仙琚制药,'10.74,'+0.37%,0.56%,12.32%,14.80%,'13.04,'105.84,'19.31,2.80%,'5.48,'+11.61%,化学制药
'416,688458.美芯晟,'44.32,'+0.54%,'-,12.32%,4.83%,'6.06,'49.17,'-,0.16%,'-0.76,'+35.33%,半导体
'417,688484.南芯科技,'44.85,'-0.33%,2.26%,12.29%,16.39%,'23.54,'191.57,'74.70,0.67%,'2.56,'+25.08%,半导体
'418,600728.佳都科技,'5.80,'-0.34%,1.17%,12.29%,53.27%,'15.25,'124.12,'185.08,0.32%,'0.67,'+23.93%,软件开发
'419,301566.达利凯普,'17.90,'-0.33%,0.08%,12.28%,5.18%,'8.82,'71.84,'55.93,0.33%,'1.28,'+9.28%,电子元件
'420,002990.盛视科技,'30.72,'-2.44%,0.49%,12.23%,31.80%,'10.06,'82.29,'68.44,0.67%,'1.20,'+33.67%,软件开发
'421,688298.东方生物,'28.98,'-0.07%,0.66%,12.23%,14.11%,'7.15,'58.46,'-,'-,'-5.80,'-1.19%,医疗器械
'422,300144.宋城演艺,'8.53,'-0.12%,2.50%,12.20%,13.01%,'27.33,'223.97,'21.90,2.34%,'10.23,'-6.01%,旅游酒店
'423,300803.指南针,'92.94,'+1.83%,2.08%,12.16%,80.78%,'67.49,'555.06,'300.00,'-,'1.53,'+40.45%,软件开发
'424,601231.环旭电子,'17.22,'-1.88%,2.02%,12.11%,53.12%,'46.69,'385.45,'26.69,1.31%,'14.44,'+5.98%,消费电子
'425,600645.中源协和,'26.49,'-0.49%,3.07%,12.11%,29.84%,'15.09,'124.57,'112.92,'-,'1.10,'+37.25%,生物制品
'426,002091.江苏国泰,'7.42,'-0.27%,1.73%,12.10%,49.31%,'14.65,'121.10,'11.34,5.38%,'10.68,'+5.60%,贸易行业
'427,600587.新华医疗,'17.90,'-1.32%,1.31%,12.03%,46.69%,'13.24,'110.05,'19.24,1.38%,'5.72,'+9.30%,医疗器械
'428,688515.裕太微-U,'95.14,'+1.65%,0.43%,12.03%,7.11%,'9.01,'74.88,'-,'-,'-2.36,'-3.90%,半导体
'429,301383.天键股份,'39.62,'+0.15%,0.23%,11.98%,21.72%,'7.74,'64.59,'45.54,1.01%,'1.42,'-23.97%,电子元件
'430,605305.中际联合,'39.13,'+1.53%,1.49%,11.92%,20.25%,'9.76,'81.91,'26.35,1.17%,'3.11,'+40.59%,风电设备
'431,603004.鼎龙科技,'23.40,'-1.31%,0.18%,11.89%,7.86%,'6.64,'55.84,'39.22,0.89%,'1.42,'+14.64%,化学原料
'432,688347.华虹公司,'65.99,'+5.31%,0.89%,11.88%,28.14%,'128.78,'1083.69,'300.00,'-,'0.52,'+42.01%,半导体
'433,002821.凯莱英,'101.21,'+1.39%,3.80%,11.87%,11.58%,'42.72,'359.94,'39.96,1.10%,'9.01,'+34.74%,医疗服务
'434,300130.新国都,'29.90,'+1.60%,0.66%,11.84%,25.24%,'19.76,'166.96,'38.90,1.36%,'4.29,'+38.77%,计算机设备
'435,603013.亚普股份,'21.00,'-0.52%,0.79%,11.83%,33.63%,'12.80,'108.21,'21.16,1.89%,'5.11,'+43.02%,汽车零部件
'436,601000.唐山港,'4.08,'+0.74%,1.01%,11.77%,8.68%,'28.25,'240.00,'13.65,4.94%,'17.58,'-9.11%,航运港口
'437,688151.华强科技,'25.58,'-1.80%,0.03%,11.77%,13.36%,'10.56,'89.74,'-,0.23%,'-0.68,'+65.13%,专用设备
'438,003031.中瓷电子,'55.88,'+0.11%,0.80%,11.76%,16.21%,'29.61,'251.78,'49.26,0.75%,'5.11,'+7.61%,通信设备
'439,301262.海看股份,'26.78,'-0.11%,0.05%,11.75%,10.84%,'13.14,'111.80,'29.84,1.85%,'3.75,'+9.43%,文化传媒
'440,688543.国科军工,'57.30,'-3.79%,0.51%,11.74%,25.70%,'14.60,'124.39,'74.77,1.27%,'1.66,'+39.28%,航天航空
'441,600300.维维股份,'3.44,0.00%,1.82%,11.74%,18.98%,'6.53,'55.63,'15.01,3.72%,'3.71,'+10.65%,食品饮料
'442,000096.广聚能源,'12.30,'+1.49%,0.92%,11.70%,5.66%,'7.49,'63.99,'72.85,0.62%,'0.88,'+0.92%,石油行业
'443,600288.大恒科技,'13.11,'-2.89%,'-,11.70%,30.92%,'6.90,'58.97,'-,0.09%,'-0.05,'+53.51%,电子元件
'444,300741.华宝股份,'19.32,'-0.41%,0.27%,11.69%,5.25%,'13.97,'119.48,'-,0.88%,'-3.95,'+11.44%,食品饮料
'445,600993.XD马应龙,'27.91,'-0.21%,2.87%,11.67%,19.03%,'14.07,'120.57,'23.51,2.22%,'5.13,'+9.24%,中药
'446,301112.信邦智能,'50.06,'+2.50%,'-,11.62%,17.28%,'6.26,'53.85,'262.53,0.20%,'0.21,'+114.79%,专用设备
'447,301629.矽电股份,'159.00,'+1.81%,0.20%,11.60%,18.33%,'7.56,'65.17,'74.33,0.61%,'0.88,'+205.93%,半导体
'448,002056.横店东磁,'16.03,'-0.80%,3.04%,11.59%,55.03%,'30.48,'262.88,'14.65,2.80%,'17.94,'+27.86%,光伏设备
'449,002246.北化股份,'19.18,'-2.14%,0.53%,11.55%,33.78%,'12.43,'107.61,'-,0.20%,'-0.38,'+89.63%,化学制品
'450,688115.思林杰,'73.94,'-2.56%,'-,11.54%,8.31%,'5.84,'50.59,'-,0.70%,'-0.05,'+71.66%,仪器仪表
'451,603298.杭叉集团,'21.98,'+3.53%,4.11%,11.46%,34.99%,'31.88,'278.07,'13.62,2.36%,'20.41,'+26.12%,工程机械
'452,002658.雪迪龙,'8.06,'-0.12%,'-,11.46%,13.49%,'5.88,'51.31,'30.91,3.10%,'1.66,'+30.80%,仪器仪表
'453,000969.安泰科技,'13.39,'-0.96%,0.80%,11.45%,41.95%,'16.27,'142.06,'60.23,1.48%,'2.36,'+21.95%,通用设备
'454,002152.广电运通,'13.33,'+1.06%,1.23%,11.43%,42.29%,'37.44,'327.56,'44.50,1.52%,'7.36,'+16.25%,计算机设备
'455,605555.德昌股份,'17.22,'-0.46%,0.32%,11.43%,41.44%,'9.57,'83.74,'21.82,1.56%,'3.84,'+5.21%,家电行业
'456,688293.奥浦迈,'55.10,'-1.43%,'-,11.41%,8.52%,'7.24,'63.47,'300.00,0.76%,'0.01,'+51.79%,专业服务
'457,301029.怡合达,'25.24,'+0.28%,4.06%,11.33%,11.46%,'18.08,'159.63,'37.57,1.19%,'4.25,'+3.51%,通用设备
'458,601958.XD金钼股,'13.06,'+0.62%,2.76%,11.31%,9.81%,'47.36,'418.81,'14.13,3.08%,'29.64,'+33.94%,小金属
'459,600055.万东医疗,'17.85,'+0.51%,0.64%,11.30%,8.98%,'14.11,'124.86,'92.95,0.73%,'1.34,'+19.11%,医疗器械
'460,002406.远东传动,'8.37,'-2.22%,0.11%,11.29%,14.49%,'7.06,'62.51,'72.42,1.75%,'0.86,'+32.43%,汽车零部件
'461,300304.云意电气,'12.90,'-3.01%,0.37%,11.28%,23.31%,'13.17,'116.79,'33.19,0.59%,'3.52,'+62.54%,汽车零部件
'462,603489.八方股份,'28.47,'+0.53%,1.96%,11.26%,13.47%,'7.48,'66.44,'153.89,0.35%,'0.43,'+19.98%,电机
'463,603281.江瀚新材,'25.29,'-0.28%,0.21%,11.23%,8.74%,'10.63,'94.68,'18.42,3.94%,'5.14,'+7.86%,化学制品
'464,600598.北大荒,'15.01,'-1.18%,0.86%,11.22%,45.55%,'30.30,'270.03,'25.87,3.62%,'10.44,'+5.63%,农牧饲渔
'465,300916.朗特智能,'43.89,'-2.47%,'-,11.20%,29.63%,'7.29,'65.09,'51.64,0.89%,'1.26,'+48.46%,消费电子
'466,688176.亚虹医药-U,'11.33,'-2.33%,'-,11.18%,12.60%,'7.41,'66.26,'-,'-,'-4.05,'+66.86%,生物制品
'467,301050.雷电微力,'53.23,'-0.84%,0.37%,11.16%,23.37%,'14.67,'131.40,'45.62,0.78%,'2.88,'+3.63%,半导体
'468,300860.锋尚文化,'29.50,'-0.47%,0.70%,11.15%,10.96%,'6.31,'56.59,'-,0.71%,'-0.03,'+6.87%,文化传媒
'469,688410.山外山,'18.16,'+5.15%,'-,11.14%,15.82%,'6.18,'55.49,'87.90,0.58%,'0.63,'+63.86%,医疗器械
'470,002293.罗莱生活,'8.61,'-0.23%,2.80%,11.11%,27.96%,'8.00,'71.98,'17.04,6.94%,'4.23,'+15.17%,纺织服装
'471,600066.宇通客车,'27.70,'+4.96%,10.72%,11.10%,53.20%,'64.83,'584.26,'16.50,5.68%,'35.40,'+9.09%,汽车整车
'472,603235.天新药业,'28.84,'-0.07%,0.12%,11.05%,16.82%,'13.96,'126.34,'18.39,2.36%,'6.87,'+15.62%,食品饮料
'473,688593.新相微,'17.04,'+0.59%,0.22%,11.05%,15.23%,'8.60,'77.84,'-,0.23%,'-0.03,'-6.89%,半导体
'474,301191.菲菱科思,'94.38,'+3.35%,0.29%,11.05%,27.45%,'7.00,'63.32,'85.31,1.10%,'0.74,'+6.81%,通信设备
'475,300847.中船汉光,'20.63,'+0.88%,0.39%,11.05%,10.68%,'6.69,'60.53,'49.81,0.67%,'1.22,'+21.36%,消费电子
'476,688036.传音控股,'85.01,'-2.17%,2.82%,11.02%,51.98%,'109.19,'990.96,'28.07,3.45%,'35.31,'-8.65%,消费电子
'477,605398.新炬网络,'32.50,'-2.40%,'-,11.02%,11.18%,'5.97,'54.18,'300.00,0.26%,'0.10,'+49.63%,互联网服务
'478,600178.东安动力,'14.72,'-1.41%,0.18%,11.00%,52.10%,'7.66,'69.64,'-,0.05%,'-0.78,'+26.51%,汽车零部件
'479,300674.宇信科技,'26.21,'+0.31%,0.93%,10.95%,22.56%,'20.15,'183.97,'49.28,1.00%,'3.73,'+35.74%,互联网服务
'480,603919.金徽酒,'18.88,'-0.47%,0.44%,10.95%,24.88%,'10.54,'96.23,'24.19,2.64%,'3.98,'-1.18%,酿酒行业
'481,688691.灿芯股份,'68.55,'+6.93%,0.16%,10.93%,25.02%,'8.41,'76.93,'-,0.27%,'-0.35,'-10.71%,半导体
'482,688648.中邮科技,'48.17,'+7.69%,'-,10.87%,41.24%,'6.61,'60.83,'-,0.36%,'-1.62,'+106.83%,通用设备
'483,300572.安车检测,'26.52,'-1.56%,'-,10.86%,26.28%,'6.70,'61.69,'-,'-,'-2.57,'+46.76%,专业服务
'484,000792.盐湖股份,'19.43,'-2.17%,2.37%,10.84%,12.67%,'113.97,'1050.91,'22.50,'-,'46.70,'+18.04%,化肥行业
'485,603899.晨光股份,'31.88,'+1.53%,3.13%,10.84%,38.48%,'31.35,'289.18,'24.35,3.19%,'11.88,'+9.10%,家用轻工
'486,002268.电科网安,'18.74,'+0.38%,1.60%,10.81%,19.53%,'17.07,'157.89,'99.64,0.32%,'1.58,'+15.72%,软件开发
'487,688349.三一重能,'28.11,'+0.90%,0.33%,10.80%,67.52%,'36.89,'341.68,'30.00,2.15%,'11.39,'-6.63%,风电设备
'488,688173.希荻微,'14.90,'-1.72%,0.72%,10.76%,12.89%,'6.69,'62.20,'-,'-,'-2.74,'+34.48%,半导体
'489,301132.满坤科技,'42.31,'+4.91%,'-,10.75%,36.45%,'6.42,'59.72,'55.11,1.04%,'1.08,'+55.87%,电子元件
'490,600817.宇通重工,'12.65,'-0.32%,0.91%,10.74%,40.07%,'7.27,'67.68,'36.42,0.79%,'1.86,'+10.19%,工程机械
'491,300496.中科创达,'60.30,'+0.58%,3.21%,10.67%,17.60%,'29.42,'275.78,'155.48,0.30%,'1.77,'+1.35%,互联网服务
'492,603986.兆易创新,'120.47,'+2.14%,6.12%,10.66%,12.76%,'83.49,'783.22,'73.16,0.29%,'10.71,'+13.12%,半导体
'493,301291.明阳电气,'39.68,'+0.89%,0.65%,10.65%,46.35%,'13.08,'122.79,'18.21,1.83%,'6.74,'-7.96%,电网设备
'494,002017.东信和平,'30.33,'+4.01%,0.94%,10.64%,38.58%,'18.00,'169.25,'98.15,0.56%,'1.72,'+196.55%,通信设备
'495,002947.恒铭达,'38.08,'+0.58%,0.77%,10.61%,18.07%,'10.29,'97.00,'20.10,1.58%,'4.83,'+16.38%,消费电子
'496,002970.锐明技术,'46.51,'+0.15%,0.77%,10.61%,38.14%,'8.79,'82.85,'27.52,2.15%,'3.01,'-0.96%,计算机设备
'497,688084.晶品特装,'98.79,'-1.08%,'-,10.59%,12.14%,'8.00,'75.56,'-,0.20%,'-0.65,'+75.47%,专用设备
'498,300494.盛天网络,'14.38,'-1.24%,0.97%,10.56%,10.55%,'7.54,'71.42,'-,0.24%,'-2.58,'+27.94%,游戏
'499,688029.南微医学,'95.84,'+3.73%,0.74%,10.55%,15.98%,'18.31,'173.55,'30.77,1.62%,'6.02,'+44.00%,医疗器械
'500,688512.慧智微-U,'12.55,'+4.67%,'-,10.52%,16.03%,'5.89,'55.97,'-,'-,'-4.41,'+26.64%,半导体
'501,302132.中航成飞,'85.62,'+0.58%,0.07%,10.48%,81.54%,'238.81,'2278.74,'300.00,0.75%,'2.08,'+20.18%,航天航空
'502,300143.盈康生命,'10.59,'-0.84%,0.49%,10.48%,29.23%,'8.39,'80.04,'89.42,'-,'0.90,'+15.11%,医疗服务
'503,300384.三联虹普,'19.47,'-0.71%,0.80%,10.45%,22.46%,'6.54,'62.56,'19.66,2.57%,'3.18,'+5.87%,专业服务
'504,002469.三维化学,'8.86,'-0.56%,0.17%,10.45%,17.85%,'6.04,'57.81,'22.08,4.49%,'2.62,'+25.24%,化学原料
'505,688692.达梦数据,'234.53,'-1.15%,'-,10.40%,8.31%,'27.94,'268.66,'69.74,0.45%,'3.85,'-3.99%,软件开发
'506,603369.今世缘,'39.82,'-0.18%,2.75%,10.39%,31.95%,'51.65,'497.35,'14.24,3.01%,'34.94,'-9.48%,酿酒行业
'507,688562.航天软件,'18.82,'-2.13%,0.19%,10.35%,43.06%,'7.96,'76.92,'-,0.23%,'-1.40,'+18.29%,互联网服务
'508,000538.云南白药,'55.95,'-0.11%,3.98%,10.33%,24.81%,'103.22,'999.37,'21.17,4.28%,'47.20,'-4.71%,中药
'509,605339.南侨食品,'18.18,'-0.38%,0.01%,10.31%,15.91%,'7.98,'77.43,'56.04,0.93%,'0.95,'+7.90%,食品饮料
'510,600559.老白干酒,'17.07,'+0.23%,0.50%,10.30%,44.65%,'16.05,'155.78,'20.64,3.23%,'7.55,'-15.94%,酿酒行业
'511,601086.国芳集团,'11.10,'-0.36%,'-,10.27%,43.04%,'7.62,'74.19,'129.10,0.72%,'0.57,'+90.18%,商业百货
'512,300206.理邦仪器,'13.49,'+0.82%,6.38%,10.26%,12.84%,'7.96,'77.56,'45.50,1.55%,'1.70,'+22.86%,医疗器械
'513,600629.华建集团,'15.97,'+3.84%,0.12%,10.21%,62.23%,'15.24,'149.24,'58.00,0.79%,'2.57,'+75.78%,工程咨询服务
'514,600794.保税科技,'4.60,'-0.22%,'-,10.21%,11.87%,'5.65,'55.33,'40.22,1.53%,'1.38,'+27.53%,物流行业
'515,002011.盾安环境,'12.49,'+0.56%,1.21%,10.16%,52.01%,'13.44,'132.33,'14.08,'-,'9.40,'+15.54%,家电行业
'516,603855.华荣股份,'22.28,'+2.72%,3.20%,10.15%,56.82%,'7.43,'73.21,'15.72,4.61%,'4.66,'+15.26%,专用设备
'517,603027.千禾味业,'11.89,'+0.51%,0.50%,10.13%,15.94%,'12.29,'121.31,'23.79,4.23%,'5.10,'+2.28%,食品饮料
'518,603002.宏昌电子,'7.22,'+0.42%,0.07%,10.09%,26.10%,'8.23,'81.54,'211.19,0.28%,'0.39,'+34.92%,电子化学品
'519,000869.张裕Ａ,'21.71,'-0.14%,0.68%,10.08%,11.65%,'14.72,'146.05,'112.52,1.84%,'1.30,'-4.57%,酿酒行业
'520,002624.完美世界,'14.98,'-1.51%,5.99%,10.07%,35.86%,'29.70,'295.07,'-,1.51%,'-9.91,'+47.31%,游戏
'521,688297.中无人机,'56.13,'-4.18%,0.28%,10.03%,34.18%,'39.67,'395.42,'-,'-,'-0.11,'+39.35%,航天航空
'522,603444.吉比特,'386.60,'-0.47%,9.68%,10.02%,16.28%,'28.03,'279.84,'29.34,2.57%,'9.54,'+79.27%,游戏
'523,300613.富瀚微,'53.63,'+4.38%,0.99%,10.02%,22.40%,'11.96,'119.35,'58.26,0.23%,'2.05,'-8.09%,半导体
'524,300296.利亚德,'6.37,'-1.09%,1.08%,9.92%,39.46%,'17.32,'174.65,'-,1.55%,'-9.57,'+0.56%,光学光电子
'525,002737.葵花药业,'16.13,'-0.37%,0.51%,9.88%,19.49%,'9.34,'94.55,'64.26,3.09%,'1.47,'-18.77%,中药
'526,301491.C汉桑,'64.73,'-4.79%,'-,9.88%,28.11%,'8.67,'87.71,'36.13,'-,'2.43,'+123.90%,消费电子
'527,688687.凯因科技,'35.43,'-2.58%,'-,9.86%,24.29%,'6.13,'62.17,'44.33,0.82%,'1.40,'+65.92%,生物制品
'528,600131.国网信通,'18.03,'-0.06%,0.47%,9.85%,44.47%,'21.31,'216.43,'30.55,0.95%,'7.09,'-3.75%,互联网服务
'529,300223.北京君正,'69.62,'+1.60%,1.32%,9.83%,6.29%,'32.49,'330.64,'111.49,0.15%,'2.97,'+2.24%,半导体
'530,000807.云铝股份,'16.78,'+0.12%,5.67%,9.81%,23.97%,'57.01,'581.23,'13.86,2.45%,'41.93,'+25.47%,有色金属
'531,300435.中泰股份,'17.28,'+1.41%,4.04%,9.80%,29.00%,'6.44,'65.73,'-,1.17%,'-0.69,'+45.14%,燃气
'532,300590.移为通信,'13.27,'-2.57%,0.41%,9.80%,8.75%,'6.14,'62.64,'85.54,1.62%,'0.73,'-12.58%,通信设备
'533,688788.科思科技,'73.42,'-2.37%,0.07%,9.78%,7.45%,'11.55,'118.12,'-,'-,'-2.83,'+244.24%,通信设备
'534,002088.鲁阳节能,'12.00,'+3.81%,0.48%,9.78%,20.90%,'5.80,'59.32,'12.82,6.92%,'4.63,'+0.48%,装修建材
'535,601579.会稽山,'19.10,'-0.37%,1.24%,9.77%,17.67%,'8.98,'91.91,'48.89,2.09%,'1.88,'+75.30%,酿酒行业
'536,600640.XD国脉文,'12.68,'-1.17%,0.76%,9.73%,16.85%,'9.93,'102.09,'239.40,0.07%,'0.43,'+6.27%,文化传媒
'537,600519.贵州茅台,'1437.04,'-0.55%,5.80%,9.72%,14.14%,'1765.05,'18152.06,'20.39,3.57%,'890.39,'-3.86%,酿酒行业
'538,605009.豪悦护理,'40.14,'-1.64%,2.14%,9.65%,34.41%,'8.47,'87.77,'22.94,2.99%,'3.83,'+42.01%,美容护理
'539,605365.立达信,'14.84,'+0.13%,1.39%,9.61%,41.82%,'7.15,'74.40,'21.31,2.83%,'3.49,'-2.78%,家电行业
'540,002415.海康威视,'29.25,'+1.39%,0.44%,9.60%,29.31%,'255.70,'2663.78,'22.09,2.43%,'120.61,'-2.36%,计算机设备
'541,688095.福昕软件,'78.83,'-3.34%,3.74%,9.60%,22.31%,'7.16,'74.57,'-,0.37%,'-1.95,'+17.92%,软件开发
'542,601886.江河集团,'7.74,'+1.84%,3.87%,9.49%,67.94%,'8.17,'86.11,'20.43,7.24%,'4.21,'+53.46%,装修装饰
'543,300039.上海凯宝,'6.68,'-0.89%,0.60%,9.49%,10.07%,'6.69,'70.50,'20.30,1.48%,'3.47,'+9.89%,中药
'544,688566.吉贝尔,'31.42,'-1.50%,0.18%,9.48%,9.66%,'6.03,'63.62,'29.92,1.63%,'2.13,'+41.52%,化学制药
'545,300251.光线传媒,'19.59,'-1.06%,1.30%,9.44%,28.40%,'54.86,'580.85,'31.77,1.01%,'18.28,'+109.83%,文化传媒
'546,002157.正邦科技,'2.86,'-0.69%,0.48%,9.44%,44.91%,'25.16,'266.40,'300.00,'-,'0.11,'-2.05%,农牧饲渔
'547,603882.金域医学,'30.30,'-1.30%,8.28%,9.41%,28.79%,'13.38,'142.22,'-,2.87%,'-2.47,'+12.52%,医疗服务
'548,600216.浙江医药,'15.59,'-0.89%,7.41%,9.39%,19.51%,'14.21,'151.27,'10.39,2.35%,'14.56,'+0.68%,化学制药
'549,600495.晋西车轴,'5.95,'-0.83%,'-,9.39%,18.71%,'6.81,'72.49,'300.00,0.23%,'0.12,'+57.03%,交运设备
'550,000423.东阿阿胶,'50.94,'-0.64%,9.35%,9.37%,19.17%,'30.95,'330.17,'21.59,4.72%,'15.29,'-16.87%,中药
'551,002690.美亚光电,'17.38,'-1.02%,5.87%,9.33%,14.09%,'14.45,'154.92,'24.35,3.99%,'6.36,'+22.16%,专用设备
'552,688588.凌志软件,'15.53,'+0.26%,0.36%,9.33%,26.92%,'5.78,'61.96,'37.03,1.29%,'1.67,'+14.00%,软件开发
'553,300341.麦克奥迪,'17.58,'+1.79%,0.48%,9.31%,23.48%,'8.32,'89.36,'56.04,0.41%,'1.59,'+0.84%,电网设备
'554,002678.珠江钢琴,'4.98,'-0.80%,0.28%,9.30%,12.12%,'6.34,'68.19,'-,'-,'-2.68,'+11.41%,家用轻工
'555,688608.恒玄科技,'231.79,'+1.48%,4.04%,9.28%,6.41%,'35.68,'384.55,'68.38,0.61%,'5.62,'+0.01%,半导体
'556,000739.普洛药业,'16.49,'-1.61%,2.58%,9.28%,44.93%,'18.01,'194.16,'20.42,2.14%,'9.51,'+4.01%,化学制药
'557,002938.鹏鼎控股,'51.84,'+0.41%,2.06%,9.27%,25.83%,'110.95,'1196.81,'34.14,1.94%,'35.05,'+46.85%,电子元件
'558,002534.西子洁能,'14.52,'-0.07%,1.68%,9.27%,67.49%,'9.96,'107.42,'61.03,1.38%,'1.76,'+32.98%,电源设备
'559,301439.泓淋电力,'16.72,'-0.30%,0.20%,9.27%,34.20%,'6.05,'65.25,'33.90,1.79%,'1.92,'+23.25%,电网设备
'560,688408.中信博,'49.88,'-1.29%,4.59%,9.25%,54.96%,'10.24,'110.69,'19.78,1.98%,'5.60,'-29.24%,光伏设备
'561,600062.华润双鹤,'20.16,'-0.84%,1.18%,9.19%,32.68%,'19.40,'211.18,'13.89,2.32%,'15.20,'+3.86%,化学制药
'562,000811.冰轮环境,'13.26,'-1.04%,0.87%,9.19%,44.64%,'12.22,'133.01,'26.20,1.44%,'5.08,'+43.48%,通用设备
'563,600770.综艺股份,'5.70,'+0.71%,1.45%,9.13%,17.47%,'6.72,'73.58,'-,'-,'-0.05,'+36.04%,综合行业
'564,002867.周大生,'13.16,'-0.08%,0.93%,9.07%,20.55%,'12.96,'142.96,'16.00,7.28%,'8.94,'-5.10%,珠宝首饰
'565,603345.安井食品,'73.43,'-0.34%,4.07%,9.06%,18.70%,'22.26,'245.57,'19.14,4.54%,'12.83,'-7.55%,食品饮料
'566,301458.钧崴电子,'38.05,'+0.16%,0.06%,9.05%,11.48%,'9.17,'101.31,'97.50,0.52%,'1.04,'+268.24%,电子元件
'567,002651.利君股份,'13.31,'-2.85%,0.68%,9.03%,18.78%,'12.79,'141.58,'134.00,0.44%,'1.06,'+82.53%,专用设备
'568,300785.值得买,'34.30,'-0.67%,0.86%,9.00%,21.20%,'6.18,'68.66,'88.82,0.43%,'0.77,'+2.86%,互联网服务
'569,002372.伟星新材,'11.03,'+1.38%,3.23%,8.95%,19.16%,'15.50,'173.21,'19.48,5.51%,'8.89,'-8.88%,装修建材
'570,002444.巨星科技,'33.68,'+4.01%,1.65%,8.93%,22.69%,'34.54,'386.77,'16.56,1.55%,'23.35,'+4.11%,通用设备
'571,002487.大金重工,'32.34,'-0.52%,3.04%,8.93%,41.14%,'18.52,'207.33,'32.72,0.25%,'6.34,'+58.25%,风电设备
'572,002320.海峡股份,'8.01,'-0.62%,0.72%,8.84%,18.07%,'15.88,'179.65,'83.64,0.50%,'2.15,'+23.12%,航运港口
'573,600715.文投控股,'2.36,0.00%,'-,8.82%,34.58%,'8.45,'95.81,'-,'-,'-6.76,'+4.89%,游戏
'574,002594.比亚迪,'105.67,'+0.14%,7.07%,8.81%,70.71%,'847.34,'9620.47,'23.24,1.26%,'414.03,'+13.49%,汽车整车
'575,300474.景嘉微,'85.22,'+1.57%,0.05%,8.78%,6.36%,'38.50,'438.48,'-,0.07%,'-2.46,'-8.76%,电子元件
'576,301123.奕东电子,'33.38,'+0.39%,0.25%,8.77%,24.43%,'6.81,'77.67,'-,0.30%,'-0.74,'+63.23%,消费电子
'577,002025.航天电器,'50.44,'-0.43%,0.19%,8.76%,37.36%,'20.21,'230.72,'164.01,0.45%,'1.41,'+4.37%,电子元件
'578,688206.概伦电子,'31.39,'+0.03%,0.94%,8.74%,18.45%,'11.93,'136.56,'-,0.10%,'-0.88,'+66.18%,软件开发
'579,002057.中钢天源,'10.15,'+0.10%,1.17%,8.73%,32.06%,'6.67,'76.44,'46.60,1.13%,'1.64,'+41.57%,非金属材料
'580,603379.三美股份,'53.62,'+5.20%,0.80%,8.71%,11.84%,'27.11,'311.16,'31.43,0.88%,'9.90,'+41.02%,化学制品
'581,300443.金雷股份,'23.74,'-0.21%,0.99%,8.69%,7.56%,'6.62,'76.16,'37.38,0.59%,'2.04,'+19.61%,风电设备
'582,600787.中储股份,'6.03,'-0.33%,0.59%,8.62%,32.55%,'11.34,'131.58,'-,1.16%,'-2.79,'-4.39%,物流行业
'583,002965.祥鑫科技,'41.69,'-2.80%,0.54%,8.62%,45.86%,'9.81,'113.82,'36.38,0.96%,'3.13,'+59.89%,通用设备
'584,603267.鸿远电子,'57.91,'-1.31%,1.31%,8.61%,17.81%,'11.67,'135.60,'155.03,0.29%,'0.87,'+60.38%,电子元件
'585,002773.康弘药业,'42.18,'-0.87%,2.96%,8.59%,6.49%,'33.68,'391.94,'32.36,1.41%,'12.11,'+119.52%,化学制药
'586,002749.国光股份,'15.88,'+2.98%,0.28%,8.59%,13.81%,'6.18,'71.91,'19.21,5.86%,'3.74,'+16.42%,农药兽药
'587,002517.恺英网络,'19.20,'-1.34%,5.16%,8.57%,18.91%,'35.61,'415.75,'24.58,1.03%,'16.91,'+41.90%,游戏
'588,002405.四维图新,'8.57,'+0.35%,1.32%,8.55%,20.01%,'17.32,'202.55,'-,'-,'-10.98,'-11.10%,软件开发
'589,002275.桂林三金,'15.68,'+0.90%,1.07%,8.55%,27.69%,'7.81,'91.31,'22.47,3.86%,'4.06,'+6.50%,中药
'590,688225.亚信安全,'20.87,'-0.95%,0.46%,8.55%,50.83%,'7.21,'84.28,'-,'-,'-0.95,'+14.61%,软件开发
'591,001314.亿道信息,'49.93,'+2.02%,0.55%,8.51%,30.39%,'5.85,'68.73,'245.26,0.19%,'0.28,'-3.52%,消费电子
'592,605090.九丰能源,'29.45,'+0.20%,0.63%,8.50%,32.65%,'16.63,'195.70,'14.43,4.06%,'13.56,'+6.40%,燃气
'593,601096.宏盛华源,'4.51,'-0.44%,0.32%,8.49%,51.92%,'10.29,'121.18,'51.03,0.61%,'2.37,'+4.08%,电网设备
'594,301488.豪恩汽电,'77.27,'+3.16%,0.23%,8.47%,41.13%,'5.84,'68.91,'81.67,0.67%,'0.84,'+40.77%,汽车零部件
'595,301071.力量钻石,'30.49,'-1.55%,0.55%,8.44%,20.68%,'6.80,'80.61,'157.86,1.13%,'0.51,'-15.47%,非金属材料
'596,300633.开立医疗,'34.53,'+1.59%,1.31%,8.40%,21.81%,'12.35,'147.08,'300.00,0.29%,'0.24,'+17.86%,医疗器械
'597,301501.恒鑫生活,'54.72,'-1.44%,0.80%,8.40%,27.56%,'6.90,'82.11,'38.33,0.62%,'2.14,'+99.92%,家用轻工
'598,601333.广深铁路,'2.98,0.00%,0.51%,8.38%,23.74%,'17.68,'211.09,'23.49,2.35%,'8.98,'-13.12%,铁路公路
'599,688411.海博思创,'93.20,'+0.42%,'-,8.34%,64.61%,'13.94,'167.14,'26.61,1.19%,'6.28,'+387.82%,电源设备
'600,301048.金鹰重工,'14.71,'-2.78%,0.22%,8.33%,50.22%,'6.72,'80.69,'47.19,0.41%,'1.71,'+57.89%,交运设备
'601,600330.天通股份,'7.94,'-1.37%,0.86%,8.32%,29.98%,'8.26,'99.29,'-,0.27%,'-0.28,'+12.19%,非金属材料
'602,002062.宏润建设,'6.09,'+5.18%,0.61%,8.18%,64.04%,'5.86,'71.64,'29.05,1.73%,'2.47,'+21.72%,工程建设
'603,002064.华峰化学,'7.90,'-0.50%,1.39%,8.13%,24.08%,'32.04,'394.03,'20.89,1.89%,'15.32,'-1.34%,化纤行业
'604,688586.江航装备,'12.47,'-2.12%,0.38%,8.12%,31.11%,'8.19,'100.82,'145.37,0.71%,'0.69,'+31.47%,航天航空
'605,600345.长江通信,'27.20,'-2.93%,0.36%,8.12%,22.49%,'7.50,'92.36,'80.59,0.20%,'1.15,'+17.91%,通信设备
'606,688584.上海合晶,'22.86,'+20.00%,0.08%,8.11%,8.00%,'10.28,'126.77,'117.89,1.05%,'1.08,'+18.22%,半导体
'607,001359.平安电工,'48.69,'-0.49%,0.20%,8.05%,15.18%,'7.31,'90.77,'42.50,0.74%,'2.14,'+90.19%,非金属材料
'608,000409.云鼎科技,'12.69,'-1.17%,0.11%,8.01%,31.84%,'6.97,'87.05,'143.01,'-,'0.61,'+42.42%,互联网服务
'609,688220.翱捷科技-U,'93.10,'+5.63%,1.06%,8.00%,12.48%,'29.48,'368.69,'-,'-,'-7.31,'+72.12%,半导体
'610,688766.普冉股份,'68.54,'+0.68%,0.32%,7.96%,8.25%,'8.02,'100.79,'44.48,0.65%,'2.27,'-4.81%,半导体
'611,000927.中国铁物,'2.77,'-0.36%,0.64%,7.95%,52.11%,'13.37,'168.20,'37.81,0.97%,'4.45,'+6.44%,物流行业
'612,603277.银都股份,'17.24,'-0.17%,0.72%,7.94%,30.79%,'8.42,'105.99,'23.46,4.01%,'4.52,'+10.21%,通用设备
'613,603605.珀莱雅,'82.94,'+0.44%,11.99%,7.93%,28.15%,'25.95,'327.22,'20.34,1.44%,'16.09,'-0.66%,美容护理
'614,603556.海兴电力,'28.36,'+1.90%,2.14%,7.92%,23.69%,'10.72,'135.33,'15.08,2.52%,'8.97,'-21.17%,电网设备
'615,600480.凌云股份,'12.62,'+0.40%,1.44%,7.89%,49.17%,'12.12,'153.65,'28.70,2.45%,'5.35,'+54.99%,汽车零部件
'616,001339.智微智能,'53.45,'+0.85%,0.49%,7.86%,60.25%,'10.48,'133.41,'91.55,0.30%,'1.46,'+46.32%,计算机设备
'617,000970.中科三环,'13.64,'-2.22%,2.05%,7.84%,25.70%,'13.30,'169.59,'174.04,0.14%,'0.97,'+31.77%,小金属
'618,002262.恩华药业,'23.57,'-1.91%,0.75%,7.76%,14.39%,'18.95,'244.09,'20.19,1.50%,'12.09,'-1.61%,化学制药
'619,300451.创业慧康,'5.44,'-1.09%,0.82%,7.76%,19.82%,'6.61,'85.20,'-,'-,'-2.30,'+21.43%,软件开发
'620,601022.宁波远洋,'9.98,'+3.74%,0.14%,7.74%,29.97%,'9.74,'125.89,'24.00,1.32%,'5.25,'+25.99%,航运港口
'621,605183.确成股份,'21.33,'+3.39%,0.46%,7.74%,11.42%,'6.64,'85.80,'15.68,1.45%,'5.47,'+28.72%,橡胶制品
'622,300976.达瑞电子,'60.99,'-0.18%,0.08%,7.70%,15.75%,'6.26,'81.33,'29.26,1.29%,'2.78,'+26.30%,消费电子
'623,688123.聚辰股份,'74.54,'+1.58%,3.76%,7.66%,4.69%,'8.89,'116.03,'41.63,0.41%,'2.79,'+27.91%,半导体
'624,002467.二六三,'6.06,'-0.82%,0.38%,7.65%,14.98%,'6.43,'84.04,'156.74,0.16%,'0.54,'+9.99%,通信服务
'625,603229.奥翔药业,'11.51,'+1.68%,0.63%,7.64%,24.00%,'7.18,'93.99,'51.66,0.88%,'1.82,'+16.45%,化学制药
'626,300777.中简科技,'37.18,'-1.85%,1.14%,7.62%,6.31%,'12.69,'166.56,'43.54,0.58%,'3.83,'+32.22%,化纤行业
'627,600717.天津港,'4.94,'+0.41%,2.08%,7.61%,24.82%,'10.83,'142.38,'15.16,2.11%,'9.39,'+3.78%,航运港口
'628,002993.奥海科技,'41.51,'+1.86%,2.04%,7.61%,42.79%,'8.56,'112.49,'27.44,3.69%,'4.10,'+3.74%,消费电子
'629,002048.宁波华翔,'21.33,'+0.42%,4.71%,7.60%,53.02%,'13.14,'172.86,'18.07,2.21%,'9.57,'+73.29%,汽车零部件
'630,002179.中航光电,'38.76,'-0.82%,0.97%,7.59%,36.68%,'62.84,'827.82,'26.11,2.05%,'31.70,'+0.70%,电子元件
'631,688187.XD时代电,'44.28,'-0.32%,1.84%,7.59%,32.97%,'45.78,'603.20,'17.94,2.25%,'33.62,'-5.48%,交运设备
'632,688150.莱特光电,'27.91,'+0.43%,0.63%,7.56%,15.30%,'8.45,'111.84,'66.86,0.90%,'1.67,'+24.60%,光学光电子
'633,300446.航天智造,'18.45,'-1.60%,0.60%,7.55%,40.46%,'11.97,'158.51,'20.17,1.49%,'7.86,'+13.65%,汽车零部件
'634,600685.中船防务,'29.32,'-0.48%,0.22%,7.52%,62.64%,'31.31,'416.42,'85.27,0.28%,'4.88,'+24.02%,船舶制造
'635,300324.旋极信息,'5.18,'+2.78%,0.59%,7.52%,45.46%,'6.55,'87.07,'-,'-,'-2.99,'+56.50%,互联网服务
'636,603920.世运电路,'33.63,'-0.80%,0.36%,7.50%,24.61%,'18.31,'244.27,'34.03,1.77%,'7.18,'+17.07%,电子元件
'637,000796.凯撒旅业,'5.01,'+0.40%,0.68%,7.50%,49.92%,'6.00,'80.03,'-,'-,'-0.90,'+23.70%,旅游酒店
'638,000719.中原传媒,'13.09,'+0.54%,4.79%,7.49%,36.27%,'9.98,'133.22,'10.06,4.61%,'13.24,'+20.78%,文化传媒
'639,300457.赢合科技,'21.25,'-0.23%,0.57%,7.47%,55.62%,'10.33,'138.28,'39.30,0.55%,'3.52,'+11.64%,电池
'640,605123.派克新材,'72.06,'-6.25%,0.71%,7.43%,39.23%,'6.92,'93.13,'37.22,1.01%,'2.50,'+34.58%,通用设备
'641,688526.科前生物,'17.22,'-0.46%,0.51%,7.43%,12.38%,'5.99,'80.64,'24.64,2.49%,'3.27,'+23.76%,农药兽药
'642,301479.弘景光电,'90.71,'+0.41%,0.09%,7.42%,29.26%,'5.96,'80.37,'48.89,1.19%,'1.64,'+206.21%,光学光电子
'643,300487.蓝晓科技,'50.59,'-0.65%,9.86%,7.41%,34.15%,'19.15,'258.50,'33.57,1.41%,'7.70,'+6.94%,塑料制品
'644,300676.华大基因,'52.24,'-1.30%,0.62%,7.41%,26.68%,'16.40,'221.42,'-,0.19%,'-9.84,'+24.47%,医疗器械
'645,002611.东方精工,'17.25,'+2.62%,1.20%,7.41%,31.87%,'15.17,'204.63,'34.63,0.77%,'5.91,'+78.79%,专用设备
'646,601882.海天精工,'19.99,'-0.65%,0.18%,7.40%,42.40%,'7.77,'105.03,'23.36,1.79%,'4.50,'-7.11%,通用设备
'647,603275.众辰科技,'55.42,'-2.82%,0.16%,7.38%,9.96%,'6.26,'84.84,'48.62,0.42%,'1.75,'+63.41%,仪器仪表
'648,688387.信科移动-U,'6.17,'-1.91%,0.46%,7.37%,52.24%,'15.84,'215.04,'-,'-,'-4.16,'+3.52%,通信设备
'649,000733.振华科技,'49.80,'-1.11%,0.71%,7.36%,18.02%,'20.54,'279.08,'35.42,0.36%,'7.88,'+18.56%,电子元件
'650,600967.内蒙一机,'26.24,'+2.42%,0.12%,7.35%,42.88%,'32.05,'436.00,'-,0.57%,0.00,'+209.91%,交运设备
'651,301171.易点天下,'31.13,'-0.22%,0.73%,7.34%,35.26%,'10.81,'147.23,'63.63,0.08%,'2.31,'+10.43%,互联网服务
'652,688027.国盾量子,'277.60,'+0.63%,0.39%,7.33%,8.56%,'20.79,'283.74,'-,'-,'-0.50,'-6.96%,通信设备
'653,002153.石基信息,'10.31,'-0.29%,0.47%,7.32%,15.68%,'20.67,'282.20,'-,0.10%,'-2.17,'+44.56%,软件开发
'654,002515.金字火腿,'7.38,'-0.94%,0.21%,7.32%,2.21%,'6.60,'90.19,'300.00,0.40%,'0.28,'+63.86%,食品饮料
'655,600718.东软集团,'9.95,'-0.70%,3.72%,7.28%,46.82%,'8.67,'119.16,'-,1.52%,'-0.78,'-6.15%,互联网服务
'656,301327.华宝新能,'57.00,'-0.38%,1.24%,7.25%,14.40%,'7.23,'99.78,'46.94,1.44%,'2.13,'+5.56%,电源设备
'657,002801.微光股份,'35.52,'-0.53%,0.37%,7.23%,19.14%,'5.93,'82.00,'26.94,0.98%,'3.04,'+46.83%,电机
'658,688428.诺诚健华-U,'27.97,'-2.10%,'-,7.20%,28.12%,'36.32,'504.16,'-,'-,'-3.05,'+127.77%,生物制品
'659,002030.达安基因,'7.05,'-1.12%,1.40%,7.18%,13.63%,'7.19,'100.07,'-,0.21%,'-8.52,'+24.12%,医疗器械
'660,002721.金一文化,'3.91,'+4.83%,'-,7.17%,4.80%,'7.11,'99.19,'-,'-,'-0.03,'+45.90%,珠宝首饰
'661,603583.捷昌驱动,'38.48,'+0.50%,2.17%,7.16%,31.08%,'10.48,'146.36,'49.28,0.79%,'2.97,'+56.96%,专用设备
'662,600201.生物股份,'8.63,'-0.46%,0.92%,7.07%,19.28%,'6.81,'96.39,'300.00,0.35%,'0.13,'+26.26%,农药兽药
'663,600855.航天长峰,'16.80,'-1.87%,0.43%,7.07%,53.04%,'5.67,'80.21,'-,'-,'-2.71,'+30.43%,计算机设备
'664,301550.斯菱股份,'102.51,'+1.41%,0.37%,7.04%,19.52%,'11.35,'161.24,'87.54,0.34%,'1.84,'+104.79%,汽车零部件
'665,688188.柏楚电子,'130.60,'-0.80%,6.56%,6.96%,4.37%,'26.42,'379.67,'43.22,1.56%,'8.78,'-4.85%,软件开发
'666,688505.复旦张江,'10.52,'-2.05%,0.42%,6.93%,%,'7.72,'111.33,'300.00,0.47%,'0.06,'+37.56%,化学制药
'667,688777.中控技术,'47.98,'-0.93%,5.33%,6.92%,41.64%,'26.52,'383.17,'38.46,1.46%,'9.96,'-1.88%,软件开发
'668,300533.冰川网络,'37.33,'+0.13%,3.30%,6.91%,42.52%,'6.04,'87.41,'26.88,'-,'3.25,'+88.92%,游戏
'669,601766.中国中车,'7.55,'+0.67%,3.46%,6.89%,59.66%,'148.35,'2152.41,'17.53,2.67%,'122.81,'-9.90%,交运设备
'670,300641.正丹股份,'23.28,0.00%,0.39%,6.89%,5.79%,'8.54,'124.01,'8.14,3.01%,'15.23,'-5.09%,化学制品
'671,002508.老板电器,'19.47,'-0.05%,9.62%,6.83%,30.46%,'12.58,'184.07,'13.00,5.13%,'14.16,'-6.77%,家电行业
'672,600211.西藏药业,'48.04,'+10.01%,0.80%,6.80%,20.79%,'9.57,'140.76,'16.05,4.48%,'8.77,'+33.60%,生物制品
'673,600997.开滦股份,'6.41,'+1.91%,0.51%,6.77%,43.49%,'6.76,'99.87,'16.35,4.13%,'6.11,'-1.07%,煤炭行业
'674,688008.澜起科技,'90.16,'-0.74%,10.07%,6.75%,5.72%,'70.20,'1040.14,'67.93,0.43%,'15.31,'+33.45%,半导体
'675,300146.汤臣倍健,'12.41,'-2.51%,0.73%,6.75%,17.47%,'14.61,'216.52,'44.33,2.83%,'4.88,'+6.30%,食品饮料
'676,300188.国投智能,'16.12,'-0.12%,0.20%,6.74%,30.93%,'9.35,'138.72,'-,'-,'-5.42,'+16.90%,软件开发
'677,603171.税友股份,'48.67,'-1.10%,0.34%,6.71%,36.97%,'13.43,'200.17,'260.70,0.41%,'0.77,'+60.37%,互联网服务
'678,002440.闰土股份,'7.67,'+0.39%,0.52%,6.70%,14.99%,'5.75,'85.87,'37.76,1.96%,'2.27,'+16.47%,化学制品
'679,300861.美畅股份,'15.00,'-1.05%,1.29%,6.68%,8.63%,'6.80,'101.85,'-,3.06%,'-0.73,'+7.85%,非金属材料
'680,300002.神州泰岳,'14.01,'+5.90%,2.87%,6.67%,10.99%,'17.36,'260.26,'23.96,0.75%,'10.86,'+21.82%,游戏
'681,600779.水井坊,'41.78,'-0.71%,2.24%,6.65%,39.95%,'13.96,'209.82,'15.57,2.13%,'13.48,'-20.14%,酿酒行业
'682,688392.骄成超声,'87.66,'+6.68%,0.47%,6.64%,21.36%,'6.31,'95.10,'154.58,0.43%,'0.62,'+116.00%,专用设备
'683,301658.首航新能,'35.60,'+2.77%,0.08%,6.62%,35.86%,'9.46,'142.85,'60.53,0.36%,'2.36,'+203.01%,光伏设备
'684,001391.国货航,'6.74,'-0.30%,0.08%,6.61%,10.25%,'54.53,'825.32,'42.61,0.96%,'19.37,'-26.13%,物流行业
'685,603486.科沃斯,'88.79,'-1.64%,1.65%,6.59%,47.81%,'34.17,'518.88,'66.06,0.50%,'7.85,'+90.51%,家电行业
'686,601089.福元医药,'30.64,'-1.51%,1.15%,6.56%,24.29%,'9.80,'149.33,'32.59,1.61%,'4.58,'+97.30%,化学制药
'687,000799.酒鬼酒,'49.08,'-1.49%,0.50%,6.50%,20.57%,'10.53,'161.88,'-,1.20%,'-0.31,'-10.66%,酿酒行业
'688,002706.良信股份,'10.80,'-4.59%,1.61%,6.49%,27.15%,'8.25,'127.14,'46.55,1.94%,'2.73,'+44.11%,电网设备
'689,600529.山东药玻,'23.05,'+0.09%,1.04%,6.48%,19.10%,'9.90,'152.83,'16.84,2.69%,'9.07,'-9.26%,医疗器械
'690,000088.盐田港,'4.61,'+0.22%,0.28%,6.44%,23.49%,'15.41,'239.18,'19.55,2.83%,'12.24,'-2.64%,航运港口
'691,688443.智翔金泰-U,'32.86,'-0.90%,0.33%,6.43%,35.26%,'7.82,'121.59,'-,'-,'-7.85,'+30.97%,生物制品
'692,600132.重庆啤酒,'55.42,'+0.31%,6.24%,6.42%,70.96%,'17.16,'267.39,'21.52,4.34%,'12.43,'-10.61%,酿酒行业
'693,688128.中国电研,'27.94,'-0.57%,0.81%,6.40%,53.67%,'7.27,'113.66,'24.75,1.78%,'4.59,'+35.84%,专用设备
'694,001337.四川黄金,'23.52,'-0.30%,0.22%,6.36%,22.48%,'6.30,'99.08,'37.65,1.48%,'2.63,'+13.79%,贵金属
'695,601163.三角轮胎,'14.06,0.00%,1.54%,6.34%,29.47%,'7.13,'112.48,'15.36,3.77%,'7.32,'-3.20%,橡胶制品
'696,600841.动力新科,'7.25,'+0.69%,0.46%,6.32%,74.90%,'6.31,'99.92,'-,'-,'-20.38,'+43.00%,汽车整车
'697,603328.依顿电子,'10.73,'+1.04%,0.73%,6.31%,33.45%,'6.69,'106.03,'24.53,1.86%,'4.32,'+10.89%,电子元件
'698,300821.东岳硅材,'10.82,'-4.92%,0.56%,6.29%,19.21%,'8.59,'136.56,'223.79,0.13%,'0.61,'+39.72%,化学制品
'699,688088.虹软科技,'48.93,'-0.04%,0.36%,6.25%,9.06%,'12.28,'196.37,'118.40,0.82%,'1.66,'+27.61%,互联网服务
'700,600775.南京熊猫,'12.10,'+4.40%,0.20%,6.25%,34.00%,'6.62,'105.91,'-,'-,'-1.90,'+20.52%,通信设备
'701,300274.阳光电源,'88.10,'+4.24%,4.20%,6.24%,64.16%,'109.40,'1752.28,'14.26,1.28%,'122.86,'+21.35%,光伏设备
'702,300896.爱美客,'186.55,'-0.29%,2.31%,6.23%,3.70%,'35.25,'566.15,'32.45,2.03%,'17.45,'+4.49%,美容护理
'703,600776.东方通信,'11.23,'-1.06%,0.60%,6.22%,19.81%,'8.87,'142.56,'-,0.54%,'-1.54,'+0.91%,通信设备
'704,600845.宝信软件,'24.61,'-0.24%,3.11%,6.14%,42.41%,'43.67,'711.43,'34.99,2.43%,'20.33,'-13.88%,互联网服务
'705,301345.涛涛车业,'171.60,'+4.00%,0.38%,6.14%,31.69%,'11.01,'179.24,'39.29,1.22%,'4.56,'+167.61%,交运设备
'706,300783.三只松鼠,'25.73,'-0.23%,0.93%,6.14%,39.38%,'6.36,'103.59,'47.42,0.97%,'2.18,'-29.62%,食品饮料
'707,600988.赤峰黄金,'24.58,'+0.24%,5.16%,6.10%,38.62%,'28.44,'465.98,'23.49,0.65%,'19.84,'+58.46%,贵金属
'708,603198.迎驾贡酒,'42.11,'-0.94%,1.12%,6.09%,22.66%,'20.70,'340.08,'13.71,3.53%,'24.80,'-18.99%,酿酒行业
'709,000676.智度股份,'8.83,'+0.91%,0.81%,6.08%,15.83%,'6.73,'110.71,'118.81,'-,'0.93,'+4.37%,互联网服务
'710,688205.德科立,'72.83,'+3.94%,0.56%,6.07%,14.65%,'6.73,'110.91,'166.36,0.55%,'0.67,'+4.46%,光学光电子
'711,002046.国机精工,'31.35,'-1.88%,0.39%,6.05%,33.57%,'10.36,'171.34,'78.06,0.66%,'2.19,'+126.84%,通用设备
'712,002439.启明星辰,'16.46,'+0.06%,1.72%,6.04%,15.85%,'12.04,'199.28,'-,1.65%,'-1.35,'+4.05%,软件开发
'713,001323.慕思股份,'32.05,'-0.87%,0.21%,6.04%,37.04%,'7.73,'127.94,'18.05,5.47%,'7.09,'-12.48%,家用轻工
'714,603317.天味食品,'11.24,'-0.09%,1.40%,6.04%,14.92%,'7.24,'119.81,'25.49,4.89%,'4.70,'-11.46%,食品饮料
'715,688100.威胜信息,'34.61,'-0.26%,0.38%,6.00%,37.31%,'10.24,'170.61,'26.51,1.50%,'6.44,'-2.97%,通信设备
'716,601799.星宇股份,'122.20,'+0.51%,8.45%,5.96%,37.74%,'20.69,'347.33,'24.09,1.23%,'14.42,'-7.59%,汽车零部件
'717,688114.华大智造,'70.88,'-1.91%,0.72%,5.96%,25.02%,'17.95,'300.97,'-,'-,'-5.85,'+51.49%,医疗器械
'718,301363.美好医疗,'20.61,'+1.13%,0.53%,5.94%,12.08%,'6.89,'115.94,'33.72,0.35%,'3.44,'-10.70%,医疗器械
'719,301061.匠心家居,'104.00,'+4.93%,1.44%,5.90%,17.84%,'12.73,'215.65,'31.37,0.77%,'6.87,'+120.20%,家电行业
'720,688563.航材股份,'57.40,'-1.70%,0.28%,5.87%,13.30%,'15.43,'262.75,'51.89,0.83%,'5.06,'+3.37%,航天航空
'721,300075.数字政通,'18.36,0.00%,0.48%,5.86%,16.84%,'6.68,'114.04,'-,'-,'-4.73,'+6.13%,软件开发
'722,688536.思瑞浦,'142.41,'-1.17%,0.70%,5.85%,13.88%,'11.43,'195.47,'-,'-,'-2.06,'+53.96%,半导体
'723,600276.恒瑞医药,'60.85,'-0.36%,8.39%,5.82%,7.30%,'235.85,'4053.34,'61.41,0.33%,'66.01,'+33.05%,化学制药
'724,603596.伯特利,'50.16,0.00%,6.34%,5.80%,43.44%,'17.64,'304.23,'25.62,0.70%,'11.87,'+13.26%,汽车零部件
'725,300413.芒果超媒,'22.23,'-1.11%,2.51%,5.73%,28.77%,'24.10,'420.54,'28.39,0.98%,'14.81,'-16.47%,文化传媒
'726,601928.凤凰传媒,'11.17,'+0.18%,1.77%,5.70%,35.00%,'16.18,'283.76,'13.04,4.48%,'21.76,'+1.06%,文化传媒
'727,002063.远光软件,'6.34,'+0.47%,0.79%,5.70%,12.03%,'6.85,'120.21,'41.57,0.48%,'2.89,'+10.62%,软件开发
'728,300127.银河磁体,'29.80,'-2.65%,0.19%,5.70%,6.16%,'5.64,'98.92,'69.01,1.14%,'1.43,'+22.86%,小金属
'729,600667.太极实业,'6.85,'+1.63%,2.21%,5.68%,71.14%,'8.06,'141.96,'28.10,1.41%,'5.05,'+0.51%,工程建设
'730,300760.迈瑞医疗,'234.30,'+1.65%,10.84%,5.67%,25.37%,'158.37,'2794.68,'25.56,3.33%,'109.36,'-7.33%,医疗器械
'731,688016.心脉医疗,'120.00,'+1.55%,0.61%,5.67%,13.00%,'8.26,'145.66,'42.86,1.70%,'3.40,'+9.67%,医疗器械
'732,300820.英杰电气,'50.00,'+0.56%,0.67%,5.66%,38.75%,'6.24,'110.19,'39.71,0.80%,'2.77,'-8.74%,电源设备
'733,601336.XD新华保,'62.62,'+0.06%,2.90%,5.65%,95.44%,'110.39,'1952.21,'7.16,4.04%,'272.71,'+29.88%,保险
'734,002281.光迅科技,'52.00,'+2.26%,1.28%,5.65%,37.18%,'23.17,'410.28,'58.81,0.51%,'6.98,'+0.26%,通信设备
'735,688591.泰凌微,'51.04,'+7.34%,0.53%,5.61%,4.71%,'6.42,'114.47,'88.16,0.43%,'1.30,'+63.23%,半导体
'736,603613.国联股份,'23.70,'+0.77%,1.14%,5.59%,49.49%,'9.47,'169.47,'12.38,0.28%,'13.69,'-10.58%,互联网服务
'737,688248.南网科技,'33.93,'-0.79%,0.27%,5.56%,28.56%,'10.74,'193.13,'53.05,0.79%,'3.64,'+6.16%,电网设备
'738,300695.兆丰股份,'96.56,'-3.43%,'-,5.56%,13.42%,'5.68,'102.25,'84.71,0.14%,'1.21,'+212.91%,汽车零部件
'739,000661.长春高新,'104.06,'-0.36%,2.07%,5.55%,16.20%,'23.65,'426.05,'17.21,2.49%,'24.76,'+7.17%,生物制品
'740,000795.英洛华,'11.20,'-2.27%,0.57%,5.54%,29.49%,'7.20,'129.92,'62.82,1.08%,'2.07,'+16.44%,小金属
'741,688139.海尔生物,'35.28,'+2.77%,1.82%,5.53%,19.24%,'6.04,'109.15,'37.89,1.37%,'2.88,'+1.74%,医疗器械
'742,600452.涪陵电力,'11.95,'+2.31%,0.76%,5.51%,16.01%,'9.88,'179.47,'37.17,0.90%,'4.83,'+13.52%,电力行业
'743,600633.浙数文化,'14.23,'+1.14%,0.78%,5.50%,9.80%,'9.81,'178.42,'43.98,1.78%,'4.06,'+37.68%,游戏
'744,600760.中航沈飞,'59.87,'-3.47%,1.28%,5.49%,65.79%,'96.46,'1758.33,'57.17,0.63%,'30.76,'+19.03%,航天航空
'745,688612.威迈斯,'32.77,'-2.41%,0.35%,5.48%,54.95%,'7.74,'141.36,'41.04,1.83%,'3.44,'+41.24%,汽车零部件
'746,688552.航天南湖,'39.20,'-2.24%,0.26%,5.48%,17.92%,'7.41,'135.24,'-,'-,'-0.08,'+134.73%,通信设备
'747,603000.人民网,'20.80,'+0.14%,1.03%,5.44%,22.53%,'12.49,'229.65,'103.34,0.64%,'2.22,'-5.01%,文化传媒
'748,300679.电连技术,'47.48,'+0.28%,3.20%,5.42%,28.09%,'10.91,'201.15,'34.66,1.00%,'5.80,'-19.61%,消费电子
'749,300373.扬杰科技,'57.52,'-0.28%,1.46%,5.33%,35.77%,'16.69,'313.40,'30.73,1.14%,'10.20,'+33.28%,半导体
'750,688200.华峰测控,'139.16,'-0.59%,6.53%,5.33%,6.14%,'10.11,'189.73,'52.84,0.70%,'3.59,'+33.82%,半导体
'751,603259.药明康德,'91.50,'+0.30%,12.13%,5.28%,25.72%,'142.11,'2690.57,'24.12,1.47%,'111.56,'+69.85%,医疗服务
'752,301090.华润材料,'8.27,'-0.72%,0.23%,5.27%,25.44%,'6.52,'123.81,'-,0.47%,'-4.55,'+19.16%,化学原料
'753,000997.新大陆,'30.01,'+2.74%,2.36%,5.25%,40.61%,'15.83,'301.47,'28.84,1.88%,'10.45,'+51.43%,互联网服务
'754,688433.华曙高科,'38.01,'+1.33%,0.16%,5.23%,20.07%,'8.12,'155.35,'300.00,0.13%,'0.32,'+63.05%,通用设备
'755,300468.四方精创,'40.92,'+6.67%,0.26%,5.22%,8.14%,'10.62,'203.56,'300.00,0.26%,'0.62,'+151.96%,软件开发
'756,600150.中国船舶,'38.50,'+1.64%,3.58%,5.21%,68.80%,'88.26,'1694.16,'43.99,0.66%,'38.51,'+7.94%,船舶制造
'757,301095.广立微,'82.00,'+5.93%,0.28%,5.21%,5.80%,'8.07,'155.04,'250.20,0.32%,'0.62,'+58.29%,半导体
'758,601360.三六零,'10.67,'-0.56%,2.98%,5.20%,20.90%,'39.06,'751.05,'-,0.93%,'-11.32,'+4.10%,软件开发
'759,601628.中国人寿,'40.68,'+0.49%,0.38%,5.19%,92.19%,'594.27,'11441.55,'9.93,1.61%,'1152.67,'-1.86%,保险
'760,688498.源杰科技,'270.03,'+10.71%,1.17%,5.16%,4.67%,'10.81,'209.63,'-,0.08%,'-0.07,'+101.46%,半导体
'761,603983.丸美生物,'41.93,'+0.36%,1.21%,5.14%,25.08%,'8.61,'167.54,'47.01,1.80%,'3.56,'+31.41%,美容护理
'762,002906.华阳集团,'30.97,'+1.81%,0.41%,5.07%,44.55%,'8.10,'159.68,'24.80,1.58%,'6.44,'+2.25%,汽车零部件
'763,601598.中国外运,'5.61,'-0.36%,0.87%,5.06%,46.75%,'20.70,'409.42,'13.64,5.15%,'30.03,'+7.72%,物流行业
'764,301602.超研股份,'28.41,'-0.94%,0.11%,5.01%,8.39%,'6.15,'122.84,'105.07,0.36%,'1.17,'+325.76%,医疗器械
'765,002252.上海莱士,'6.93,0.00%,1.67%,5.00%,6.25%,'22.98,'460.01,'22.56,1.01%,'20.39,'-3.56%,生物制品
'766,300775.三角防务,'27.60,'-0.40%,0.78%,5.00%,34.93%,'7.58,'151.72,'61.25,0.72%,'2.48,'+11.53%,航天航空
'767,600750.江中药业,'22.10,'+0.18%,1.44%,4.98%,28.51%,'6.98,'140.08,'18.77,5.42%,'7.46,'+0.43%,中药
'768,688615.合合信息,'170.34,'-0.94%,'-,4.89%,22.76%,'11.76,'240.73,'65.62,0.83%,'3.67,'+18.81%,软件开发
'769,603367.辰欣药业,'33.47,'-1.27%,0.92%,4.86%,19.23%,'7.46,'153.48,'38.61,1.30%,'3.97,'+147.40%,化学制药
'770,601900.南方传媒,'14.34,'+0.28%,0.64%,4.86%,49.07%,'6.13,'126.12,'11.70,3.85%,'10.78,'-1.49%,文化传媒
'771,688120.华海清科,'106.60,'-0.84%,1.56%,4.80%,42.33%,'18.23,'379.91,'42.37,0.34%,'8.97,'-2.29%,半导体
'772,600373.中文传媒,'10.09,'+0.40%,1.45%,4.77%,37.13%,'6.55,'137.43,'34.01,4.06%,'4.04,'-16.54%,文化传媒
'773,002550.千红制药,'9.93,'-2.65%,2.28%,4.74%,9.29%,'6.19,'130.54,'47.65,1.18%,'2.74,'+62.86%,化学制药
'774,688375.国博电子,'65.70,'-1.22%,0.20%,4.73%,17.88%,'18.75,'396.41,'95.37,1.37%,'4.16,'+34.03%,电子元件
'775,600877.电科芯片,'14.05,'+0.64%,0.45%,4.73%,13.68%,'7.82,'165.29,'300.00,'-,'0.26,'+6.52%,半导体
'776,605099.共创草坪,'30.77,'-0.26%,1.16%,4.66%,20.11%,'5.77,'123.91,'22.84,2.07%,'5.42,'+49.49%,家用轻工
'777,688631.莱斯信息,'98.71,'+1.34%,0.52%,4.65%,44.20%,'7.41,'159.22,'147.76,0.41%,'1.08,'+13.91%,软件开发
'778,301389.隆扬电子,'49.56,'-0.40%,0.11%,4.65%,3.61%,'6.56,'141.07,'159.96,0.50%,'0.88,'+200.56%,电子元件
'779,300026.红日药业,'4.24,'+0.71%,0.87%,4.64%,19.65%,'5.87,'126.47,'-,0.71%,'-0.07,'+12.79%,中药
'780,300229.拓尔思,'24.66,'-4.97%,0.73%,4.62%,7.96%,'10.48,'226.70,'-,0.11%,'-2.17,'+17.77%,软件开发
'781,688271.联影医疗,'131.17,'+0.37%,2.67%,4.60%,29.69%,'49.57,'1077.01,'98.93,0.15%,'10.89,'+3.83%,医疗器械
'782,300972.万辰集团,'163.01,'+0.78%,2.16%,4.60%,72.74%,'13.97,'303.47,'64.96,0.36%,'4.67,'+103.70%,农牧饲渔
'783,002318.久立特材,'22.40,'-0.53%,4.57%,4.59%,43.23%,'10.09,'220.06,'13.97,4.31%,'15.75,'-0.46%,钢铁行业
'784,002625.光启技术,'43.61,'-2.33%,2.01%,4.58%,10.64%,'44.08,'962.02,'146.62,0.52%,'6.56,'-8.77%,航天航空
'785,601677.明泰铝业,'13.08,'-0.38%,1.91%,4.56%,30.95%,'7.44,'163.27,'10.48,1.29%,'15.57,'+10.26%,有色金属
'786,688099.晶晨股份,'72.06,'+0.70%,3.36%,4.49%,13.79%,'13.53,'301.34,'37.75,'-,'7.98,'+4.92%,半导体
'787,000028.国药一致,'25.74,'+0.04%,0.60%,4.47%,57.82%,'6.40,'143.20,'27.08,1.42%,'5.29,'-10.69%,医药商业
'788,688658.悦康药业,'31.30,'-2.76%,0.70%,4.42%,36.99%,'6.40,'144.85,'-,0.62%,'-0.07,'+117.21%,化学制药
'789,300049.福瑞股份,'49.21,'+0.63%,0.61%,4.38%,28.99%,'5.67,'129.57,'122.08,'-,'1.06,'+56.02%,医疗器械
'790,688352.颀中科技,'11.92,'+1.19%,0.33%,4.34%,12.62%,'6.08,'140.07,'60.24,0.85%,'2.33,'-1.27%,半导体
'791,002544.普天科技,'23.68,'-1.50%,2.23%,4.33%,59.60%,'7.08,'163.60,'-,0.03%,'-0.42,'+10.54%,通信服务
'792,688449.联芸科技,'47.44,'+2.80%,'-,4.29%,20.11%,'9.10,'212.29,'300.00,'-,'0.44,'+16.19%,半导体
'793,688012.中微公司,'192.66,'-0.38%,9.18%,4.28%,25.74%,'51.78,'1210.97,'85.07,0.16%,'14.24,'+2.02%,半导体
'794,301606.绿联科技,'61.69,'+4.56%,0.32%,4.28%,23.88%,'10.47,'244.80,'50.42,1.02%,'4.85,'+65.19%,消费电子
'795,603816.顾家家居,'27.02,'+2.12%,1.25%,4.26%,38.96%,'9.26,'217.44,'15.70,5.22%,'13.85,'+3.38%,装修建材
'796,300294.博雅生物,'27.08,'+0.11%,5.36%,4.26%,10.05%,'5.81,'136.40,'49.33,1.18%,'2.77,'-10.03%,生物制品
'797,600329.达仁堂,'42.30,'-0.12%,0.78%,4.23%,26.38%,'13.80,'326.13,'43.70,3.02%,'7.46,'+42.73%,中药
'798,600690.海尔智家,'25.53,'+1.67%,7.19%,4.22%,57.37%,'99.31,'2356.05,'12.72,3.84%,'185.29,'-7.09%,家电行业
'799,000629.钒钛股份,'2.74,'-0.36%,0.60%,4.22%,14.89%,'10.79,'255.61,'300.00,'-,'0.84,'-4.86%,钢铁行业
'800,002755.奥赛康,'26.13,'-3.40%,0.50%,4.22%,24.09%,'10.60,'251.07,'171.14,0.44%,'1.47,'+106.91%,化学制药
'801,002155.湖南黄金,'18.36,'-0.38%,1.81%,4.20%,14.42%,'12.09,'288.00,'27.79,0.96%,'10.36,'+53.17%,贵金属
'802,601519.大智慧,'14.29,'+1.56%,1.38%,4.20%,24.70%,'11.75,'279.87,'-,'-,'-1.69,'+54.49%,软件开发
'803,000729.燕京啤酒,'12.63,'+0.16%,3.39%,4.13%,32.81%,'14.69,'355.42,'26.60,1.51%,'13.36,'+6.46%,酿酒行业
'804,600765.中航重机,'17.21,'-1.26%,1.08%,4.13%,47.56%,'11.34,'274.61,'57.92,0.70%,'4.74,'-15.29%,航天航空
'805,601633.长城汽车,'22.93,'+1.82%,1.37%,4.09%,61.11%,'78.81,'1927.47,'21.00,2.00%,'91.80,'-11.11%,汽车整车
'806,603019.中科曙光,'69.13,'+1.35%,3.02%,4.09%,41.24%,'40.82,'997.99,'70.18,0.40%,'14.22,'-4.00%,计算机设备
'807,603589.口子窖,'34.39,'+0.12%,1.45%,4.08%,19.28%,'8.39,'205.45,'12.60,3.80%,'16.31,'-8.97%,酿酒行业
'808,601728.中国电信,'7.37,'-0.14%,0.72%,4.07%,45.78%,'275.19,'6753.23,'22.23,3.52%,'303.80,'+3.29%,通信服务
'809,300033.同花顺,'318.05,'+3.39%,2.29%,4.06%,29.72%,'67.11,'1653.77,'92.99,0.98%,'17.78,'+11.76%,软件开发
'810,000581.威孚高科,'20.19,0.00%,2.59%,4.06%,27.62%,'7.93,'195.19,'14.47,5.76%,'13.49,'+11.90%,汽车零部件
'811,600862.中航高科,'25.60,'-2.29%,0.29%,4.05%,22.50%,'14.79,'364.98,'32.07,0.95%,'11.38,'+2.39%,航天航空
'812,002270.华明装备,'20.09,'+10.02%,17.44%,4.05%,25.10%,'6.63,'163.65,'25.22,2.99%,'6.49,'+20.94%,电网设备
'813,301267.华厦眼科,'20.83,'-0.38%,0.41%,4.04%,24.03%,'7.10,'175.64,'44.89,1.05%,'3.91,'+10.63%,医疗服务
'814,688778.厦钨新能,'51.20,'-1.25%,0.74%,4.02%,36.88%,'10.52,'261.68,'57.43,0.64%,'4.56,'+35.51%,电池
'815,688091.上海谊众,'70.82,'-1.98%,0.43%,4.00%,3.01%,'5.98,'149.34,'300.00,'-,'0.08,'+77.40%,化学制药
'816,601138.工业富联,'39.71,'+9.24%,2.47%,3.98%,56.54%,'287.44,'7218.92,'27.19,1.76%,'265.48,'+88.32%,消费电子
'817,603288.海天味业,'38.56,'+0.18%,3.52%,3.97%,16.12%,'89.44,'2252.37,'35.44,2.23%,'63.56,'-14.33%,食品饮料
'818,601088.中国神华,'37.56,'-1.57%,1.04%,3.94%,23.71%,'294.11,'7462.62,'13.48,6.02%,'553.70,'-8.58%,煤炭行业
'819,300408.三环集团,'35.20,'+0.86%,6.37%,3.94%,15.04%,'26.33,'668.86,'33.39,1.09%,'20.03,'-7.51%,电子元件
'820,002273.水晶光电,'21.75,'+0.42%,4.12%,3.90%,17.68%,'11.75,'301.21,'30.33,1.39%,'9.93,'-1.12%,光学光电子
'821,600941.中国移动,'109.36,'+0.35%,4.09%,3.89%,33.27%,'915.15,'23554.23,'18.40,4.29%,'1280.43,'-5.62%,通信服务
'822,601965.中国汽研,'19.51,'-0.66%,0.43%,3.89%,25.53%,'7.66,'197.00,'22.34,1.73%,'8.82,'+12.79%,汽车服务
'823,601858.中国科传,'19.86,'-0.30%,0.29%,3.89%,24.02%,'6.12,'157.47,'35.39,1.38%,'4.45,'-1.22%,文化传媒
'824,002195.岩山科技,'5.93,'+1.02%,0.49%,3.86%,2.11%,'12.84,'332.86,'-,'-,'-0.32,'+49.37%,互联网服务
'825,002028.思源电气,'85.00,'+6.49%,19.90%,3.84%,44.39%,'23.86,'621.32,'31.47,0.63%,'19.74,'+17.71%,电网设备
'826,002484.江海股份,'26.02,'-2.51%,1.62%,3.84%,23.83%,'8.72,'227.00,'36.53,0.97%,'6.21,'+50.06%,电子元件
'827,300058.蓝色光标,'6.99,'+0.43%,0.56%,3.82%,63.66%,'9.41,'246.21,'-,'-,'-3.24,'+5.45%,文化传媒
'828,600060.XD海信视,'21.49,'+0.66%,4.35%,3.79%,42.39%,'10.56,'278.61,'14.73,4.12%,'18.91,'+12.14%,家电行业
'829,002315.焦点科技,'51.63,'+0.08%,2.26%,3.79%,41.72%,'6.20,'163.66,'34.56,2.13%,'4.74,'+25.79%,互联网服务
'830,000338.潍柴动力,'15.21,'-0.13%,8.92%,3.77%,64.60%,'50.02,'1327.40,'12.44,4.72%,'106.68,'+13.47%,汽车零部件
'831,603156.养元饮品,'21.46,'+0.19%,1.38%,3.74%,19.04%,'10.09,'269.95,'20.61,6.35%,'13.10,'-0.62%,食品饮料
'832,300726.宏达电子,'36.20,'-1.01%,0.61%,3.74%,10.17%,'5.64,'150.61,'73.23,1.64%,'2.06,'+18.51%,电子元件
'833,300735.光弘科技,'28.27,'-0.56%,0.64%,3.66%,31.15%,'7.99,'218.19,'93.36,0.88%,'2.34,'+2.00%,消费电子
'834,605198.安德利,'48.80,'-0.43%,0.37%,3.65%,4.06%,'6.10,'167.22,'58.50,0.51%,'2.86,'+77.95%,食品饮料
'835,002151.北斗星通,'30.52,'-1.13%,1.48%,3.62%,13.28%,'6.06,'167.61,'-,'-,'-4.08,'+15.00%,通信设备
'836,688726.拉普拉斯,'46.83,'-0.99%,'-,3.59%,61.96%,'6.89,'191.72,'31.67,0.78%,'6.05,'+5.05%,光伏设备
'837,603005.晶方科技,'30.60,'+2.03%,0.63%,3.58%,9.20%,'7.00,'195.59,'84.25,0.28%,'2.32,'+8.65%,半导体
'838,000977.浪潮信息,'56.25,'+3.61%,3.18%,3.57%,77.47%,'28.55,'799.22,'38.77,0.29%,'20.61,'+8.77%,计算机设备
'839,603406.N天富龙,'49.47,'-7.03%,'-,3.54%,8.55%,'7.53,'212.85,'46.87,'-,'4.54,'+109.62%,化纤行业
'840,002603.以岭药业,'16.10,'-0.56%,1.05%,3.51%,23.13%,'9.50,'270.49,'-,1.85%,'-7.60,'+0.56%,中药
'841,688702.盛科通信-U,'78.00,'+19.27%,0.22%,3.51%,10.68%,'9.40,'268.14,'-,'-,'-1.23,'-7.14%,半导体
'842,002265.建设工业,'41.79,'-3.40%,0.23%,3.47%,54.70%,'15.51,'446.89,'226.24,'-,'1.98,'+79.59%,汽车零部件
'843,603056.德邦股份,'16.61,'+1.03%,1.25%,3.47%,48.80%,'5.81,'167.66,'33.28,0.88%,'5.04,'+16.86%,物流行业
'844,300957.贝泰妮,'45.52,'-0.20%,1.59%,3.42%,18.39%,'6.61,'193.20,'180.79,1.32%,'1.07,'+8.06%,美容护理
'845,600050.中国联通,'5.39,'+0.56%,4.20%,3.40%,43.89%,'57.05,'1675.77,'24.88,2.98%,'67.35,'+2.70%,通信服务
'846,300595.欧普康视,'19.11,'+1.27%,0.77%,3.40%,14.85%,'5.75,'169.10,'35.81,1.19%,'4.72,'+2.35%,医疗器械
'847,002032.苏泊尔,'51.19,'+0.04%,4.34%,3.32%,47.15%,'13.63,'410.06,'19.64,5.49%,'20.88,'+1.00%,家电行业
'848,688303.大全能源,'25.91,'-4.60%,1.48%,3.29%,8.26%,'19.15,'582.64,'-,'-,'-35.55,'+7.33%,光伏设备
'849,300015.爱尔眼科,'12.92,'-0.46%,2.07%,3.27%,33.30%,'39.53,'1210.44,'36.50,1.23%,'33.16,'-1.23%,医疗服务
'850,300751.迈为股份,'74.03,'+0.15%,1.93%,3.25%,66.83%,'6.72,'206.54,'26.90,1.49%,'7.68,'-29.01%,光伏设备
'851,600118.中国卫星,'29.77,'-1.39%,1.56%,3.21%,39.99%,'11.47,'356.99,'300.00,0.03%,'0.03,'+9.09%,航天航空
'852,300627.华测导航,'36.89,'-0.35%,0.77%,3.21%,26.59%,'9.28,'289.36,'48.88,0.96%,'5.92,'+24.92%,通信设备
'853,600660.福耀玻璃,'55.51,'+0.09%,18.64%,3.19%,42.83%,'46.21,'1447.36,'18.29,3.25%,'79.15,'-8.20%,玻璃玻纤
'854,601100.恒立液压,'77.03,'-0.32%,7.65%,3.19%,17.73%,'33.08,'1036.19,'43.52,0.91%,'23.81,'+47.44%,工程机械
'855,000099.中信海直,'23.30,'+0.13%,0.66%,3.19%,22.85%,'5.76,'180.52,'58.37,0.54%,'3.09,'-11.12%,航空机场
'856,600378.昊华科技,'27.87,'+2.54%,0.27%,3.18%,41.77%,'11.14,'350.62,'51.47,1.05%,'6.81,'-2.57%,化学制品
'857,002217.合力泰,'2.47,'-0.80%,'-,3.18%,25.61%,'5.93,'186.24,'-,'-,'-19.09,'+3.35%,光学光电子
'858,001221.悍高集团,'46.75,'-0.43%,'-,3.16%,29.97%,'5.93,'187.80,'33.75,'-,'5.57,'+202.98%,家用轻工
'859,603699.纽威股份,'32.29,'-3.18%,8.19%,3.12%,46.03%,'8.00,'256.32,'21.50,4.55%,'11.92,'+50.90%,通用设备
'860,002738.中矿资源,'41.76,'-2.04%,2.27%,3.07%,30.50%,'9.45,'307.57,'73.76,1.17%,'4.17,'+19.36%,能源金属
'861,600809.山西汾酒,'186.80,'+0.10%,4.02%,3.04%,30.75%,'69.10,'2276.70,'18.01,3.25%,'126.41,'+4.99%,酿酒行业
'862,688082.盛美上海,'114.95,'+1.06%,1.37%,3.02%,36.06%,'15.15,'501.92,'37.22,0.57%,'13.49,'+15.55%,半导体
'863,000999.华润三九,'31.67,'-0.38%,2.61%,2.98%,38.91%,'15.84,'530.76,'17.64,3.19%,'30.08,'-6.45%,中药
'864,688018.乐鑫科技,'155.30,'+1.35%,3.31%,2.97%,23.09%,'7.13,'240.12,'68.72,0.28%,'3.49,'-0.20%,半导体
'865,603893.瑞芯微,'167.66,'+4.55%,3.26%,2.94%,15.17%,'19.82,'674.68,'99.17,0.56%,'6.80,'+53.21%,半导体
'866,300017.网宿科技,'11.48,'+2.04%,1.43%,2.89%,17.96%,'7.96,'275.14,'48.13,2.22%,'5.72,'+11.09%,互联网服务
'867,601698.中国卫通,'20.47,'-1.44%,0.55%,2.86%,10.12%,'25.07,'877.40,'300.00,0.16%,'1.94,'+0.51%,通信服务
'868,002558.巨人网络,'28.50,'-1.15%,4.76%,2.86%,12.97%,'15.94,'557.79,'35.29,0.98%,'15.80,'+126.81%,游戏
'869,688617.惠泰医疗,'298.27,'+0.09%,3.20%,2.83%,12.98%,'11.91,'420.22,'61.17,0.40%,'6.87,'+16.67%,医疗器械
'870,688169.石头科技,'181.38,'+1.84%,3.91%,2.82%,28.78%,'13.03,'461.43,'30.35,0.43%,'15.20,'+16.40%,家电行业
'871,300012.华测检测,'12.30,'-0.81%,15.96%,2.76%,20.42%,'5.75,'208.67,'23.91,0.81%,'8.73,'-0.15%,专业服务
'872,603127.昭衍新药,'31.33,'+0.35%,1.31%,2.75%,13.96%,'6.44,'233.99,'70.93,0.51%,'3.30,'+88.39%,医疗服务
'873,000975.山金国际,'18.41,'-0.16%,2.42%,2.69%,18.18%,'13.75,'512.03,'21.19,1.98%,'24.16,'+22.04%,贵金属
'874,000559.万向钱潮,'7.80,'+0.13%,0.49%,2.63%,58.54%,'6.78,'257.37,'27.14,2.31%,'9.48,'+29.82%,汽车零部件
'875,688382.益方生物-U,'38.73,'-3.78%,1.39%,2.55%,5.50%,'5.93,'232.78,'-,'-,'-2.25,'+191.20%,生物制品
'876,600518.康美药业,'2.07,0.00%,0.37%,2.49%,47.37%,'7.14,'286.26,'-,'-,'-4.77,'-11.54%,中药
'877,002389.航天彩虹,'26.17,'-3.18%,0.25%,2.45%,22.74%,'6.55,'267.85,'-,0.22%,'-0.41,'+45.37%,航天航空
'878,600637.东方明珠,'7.86,'-0.38%,1.63%,2.43%,17.90%,'6.45,'265.25,'103.46,2.28%,'2.56,'+3.78%,文化传媒
'879,002294.信立泰,'47.29,'-0.42%,1.37%,2.39%,15.98%,'12.66,'529.43,'94.40,1.05%,'5.61,'+54.88%,化学制药
'880,300394.天孚通信,'106.85,'+3.13%,2.31%,2.38%,16.64%,'19.18,'805.48,'58.50,0.69%,'13.77,'+64.65%,通信设备
'881,002595.豪迈科技,'56.69,'+0.28%,3.29%,2.38%,14.43%,'10.76,'452.24,'22.47,1.37%,'20.13,'+13.73%,专用设备
'882,300570.太辰光,'126.60,'+3.79%,3.44%,2.38%,23.52%,'6.59,'277.05,'91.81,0.66%,'3.02,'+75.68%,通信设备
'883,600161.天坛生物,'20.45,'-0.10%,2.23%,2.37%,8.41%,'9.59,'404.77,'28.02,0.49%,'14.44,'+0.28%,生物制品
'884,688708.佳驰科技,'77.00,'-4.77%,'-,2.37%,9.84%,'7.67,'323.45,'64.99,0.49%,'4.98,'+26.49%,非金属材料
'885,603606.东方电缆,'49.46,'+1.12%,6.09%,2.32%,40.82%,'7.82,'336.36,'33.98,0.92%,'9.90,'-5.00%,电网设备
'886,688582.芯动联科,'65.95,'+0.33%,0.29%,2.24%,6.27%,'5.91,'263.39,'102.82,0.34%,'2.56,'+31.54%,电子元件
'887,600233.圆通速递,'16.42,'+0.31%,1.61%,2.19%,31.68%,'12.24,'559.89,'14.92,2.22%,'37.51,'+18.97%,物流行业
'888,301200.大族数控,'95.80,'-4.20%,0.13%,2.15%,38.77%,'9.13,'425.51,'162.71,0.40%,'2.62,'+167.54%,专用设备
'889,300979.华利集团,'51.64,'+0.02%,0.49%,2.08%,22.94%,'12.51,'602.52,'16.05,4.45%,'37.55,'-31.46%,纺织服装
'890,002353.杰瑞股份,'46.99,'+2.55%,5.58%,2.03%,39.48%,'9.50,'469.13,'17.29,1.77%,'27.14,'+29.65%,专用设备
'891,688318.财富趋势,'125.02,'+1.38%,0.59%,2.03%,5.19%,'6.41,'315.85,'123.48,0.35%,'2.56,'+2.73%,软件开发
'892,300418.昆仑万维,'36.30,'+3.74%,1.73%,2.01%,19.27%,'8.84,'439.25,'-,0.14%,'-22.21,'-5.67%,互联网服务
'893,600562.国睿科技,'29.43,'-0.91%,0.55%,1.99%,33.75%,'7.34,'368.83,'64.55,0.53%,'5.71,'+48.44%,通信设备
'894,600418.江淮汽车,'47.00,'-1.24%,4.61%,1.86%,74.66%,'19.38,'1039.37,'-,0.04%,'-30.18,'+25.33%,汽车整车
'895,605117.德业股份,'52.07,'-0.82%,3.57%,1.84%,39.73%,'8.76,'474.83,'15.87,5.17%,'29.93,'-11.32%,光伏设备
'896,300316.晶盛机电,'28.75,0.00%,3.29%,1.84%,37.02%,'6.91,'376.49,'20.30,1.39%,'18.54,'-8.56%,光伏设备
'897,300765.新诺威,'50.31,'-0.16%,1.50%,1.83%,28.47%,'12.98,'707.77,'-,0.04%,'-0.66,'+89.28%,食品饮料
'898,300308.中际旭创,'225.68,'+5.09%,3.72%,1.80%,30.39%,'42.97,'2386.13,'42.26,0.23%,'56.47,'+83.46%,通信设备
'899,600406.国电南瑞,'21.93,'-0.36%,13.56%,1.80%,40.32%,'31.85,'1767.86,'23.73,2.59%,'74.50,'-11.36%,电网设备
'900,688425.铁建重工,'5.92,'-2.47%,0.45%,1.76%,33.95%,'5.69,'323.74,'22.74,1.40%,'14.24,'+36.52%,工程机械
'901,300628.亿联网络,'34.25,'+0.17%,3.14%,1.73%,6.48%,'7.47,'433.01,'17.70,5.55%,'24.46,'-7.92%,通信设备
'902,601225.陕西煤业,'21.86,'+1.39%,2.48%,1.70%,41.80%,'35.56,'2090.24,'10.27,6.25%,'203.61,'-0.10%,煤炭行业
'903,603392.万泰生物,'56.24,'-0.60%,1.80%,1.70%,14.35%,'12.19,'715.81,'-,'-,'-3.41,'-20.18%,生物制品
'904,002371.北方华创,'332.25,'+1.70%,10.19%,1.68%,50.00%,'39.55,'2357.48,'38.85,0.24%,'60.68,'+14.99%,半导体
'905,002027.分众传媒,'8.15,'-0.49%,5.03%,1.68%,22.98%,'19.87,'1182.82,'25.11,1.22%,'47.11,'+15.93%,文化传媒
'906,301498.乖宝宠物,'97.20,'+3.40%,2.98%,1.68%,16.26%,'6.30,'376.04,'56.89,0.53%,'6.61,'+24.38%,农牧饲渔
'907,300661.圣邦股份,'76.38,'+2.32%,5.64%,1.65%,22.50%,'7.59,'461.26,'106.12,0.21%,'4.35,'+21.69%,半导体
'908,000831.中国稀土,'41.15,'-4.10%,1.85%,1.49%,7.64%,'6.80,'455.37,'215.16,0.19%,'2.12,'+46.70%,小金属
'909,600938.中国海油,'26.03,'+0.70%,1.99%,1.46%,28.74%,'179.77,'12286.49,'9.38,4.96%,'1309.49,'-9.78%,石油行业
'910,688235.百济神州-U,'229.92,'+0.41%,1.23%,1.46%,40.17%,'51.55,'3525.97,'-,'-,'-35.29,'+42.79%,生物制品
'911,300832.新产业,'57.40,'+0.97%,2.83%,1.46%,7.46%,'6.50,'446.68,'25.70,2.29%,'17.38,'-17.14%,医疗器械
'912,600600.青岛啤酒,'67.95,'-0.03%,3.29%,1.36%,38.47%,'12.57,'927.24,'22.95,3.24%,'40.41,'-13.37%,酿酒行业
'913,301269.华大九天,'112.08,'+0.56%,1.22%,1.32%,7.72%,'7.97,'605.11,'-,0.13%,'-0.41,'-7.34%,软件开发
'914,688041.海光信息,'138.80,'+2.13%,3.15%,1.29%,24.56%,'40.89,'3159.01,'151.28,0.13%,'20.88,'-7.23%,半导体
'915,000963.华东医药,'42.40,'-0.35%,2.27%,1.13%,37.73%,'8.43,'746.36,'21.88,2.19%,'34.11,'+24.16%,化学制药
'916,000408.藏格矿业,'50.51,'+0.10%,1.98%,1.05%,8.58%,'8.29,'792.34,'25.74,0.52%,'30.78,'+82.15%,化肥行业
'917,601857.中国石油,'8.77,'+2.10%,0.53%,0.95%,37.92%,'149.77,'15721.50,'9.03,5.47%,'1740.61,'+0.91%,石油行业
'918,688729.屹唐股份,'23.14,'-0.39%,'-,0.90%,40.40%,'6.15,'686.58,'128.86,'-,'5.33,'+173.85%,半导体
'919,600415.小商品城,'18.87,'-1.56%,6.41%,0.84%,43.38%,'8.82,'1051.21,'34.05,1.72%,'30.88,'+43.23%,商业百货
'920,300866.安克创新,'138.00,'-0.35%,8.93%,0.83%,44.66%,'6.13,'742.47,'36.90,1.50%,'20.12,'+43.50%,消费电子
'921,300502.新易盛,'204.90,'+6.23%,5.10%,0.80%,33.14%,'15.41,'1916.78,'47.05,0.17%,'40.74,'+149.19%,通信设备
'922,601127.赛力斯,'129.89,'+1.36%,3.36%,0.70%,76.83%,'14.60,'2093.16,'35.76,1.00%,'58.53,'-1.88%,汽车整车
'923,688506.百利天恒,'296.25,'-2.35%,0.90%,0.70%,54.68%,'8.56,'1216.59,'-,'-,'-19.27,'+54.51%,生物制品
'924,603501.豪威集团,'120.56,'+0.55%,13.37%,0.56%,37.54%,'8.11,'1446.01,'43.31,0.47%,'33.39,'+15.68%,半导体
