,股票,价,涨,最新股息,平均股息,扣非PE,PB,ROE,市值(亿),今年来,行业
'1,601699.潞安环能,'14.29,'+0.28%,2.87%,7.90%,'24.21,'0.91,3.75%,'427.47,'+3.41%,煤炭行业
'2,000517.荣安地产,'1.86,'-0.54%,17.11%,7.54%,亏损,'1.02,'-1.00%,'59.54,'-16.59%,房地产开发
'3,000983.山西焦煤,'7.41,'+1.51%,3.01%,7.34%,'14.57,'1.11,7.46%,'414.43,'-7.06%,煤炭行业
'4,600295.鄂尔多斯,'10.32,'+0.39%,5.81%,7.33%,'16.88,'1.35,9.09%,'203.88,'+12.83%,钢铁行业
'5,601088.中国神华,'37.56,'-1.57%,6.02%,7.29%,'13.48,'1.72,12.74%,'6194.03,'-8.58%,煤炭行业
'6,600729.重庆百货,'28.86,'-0.21%,4.72%,7.17%,'10.36,'1.60,17.90%,'127.12,'+3.50%,商业百货
'7,002327.富安娜,'7.28,'+0.14%,8.53%,7.12%,'13.60,'1.54,11.99%,'60.94,'-11.38%,纺织服装
'8,600382.广东明珠,'5.52,'+0.91%,1.81%,7.03%,'85.43,'1.39,0.86%,'38.33,'+27.56%,钢铁行业
'9,601666.平煤股份,'8.44,'+2.30%,7.13%,7.01%,'11.83,'0.78,6.36%,'208.41,'-9.70%,煤炭行业
'10,601339.百隆东方,'5.47,'-0.73%,4.75%,6.76%,'21.92,'0.84,5.17%,'82.03,'+5.94%,纺织服装
'11,002582.好想你,'9.51,'+0.10%,14.75%,6.75%,亏损,'1.19,'-1.00%,'42.94,'+25.24%,食品饮料
'12,603156.养元饮品,'21.51,'+0.61%,6.32%,6.45%,'20.69,'2.55,13.19%,'271.09,'-0.39%,食品饮料
'13,600971.恒源煤电,'7.05,'+1.44%,6.67%,6.43%,'11.82,'0.68,5.24%,'84.60,'-20.24%,煤炭行业
'14,603886.元祖股份,'12.75,0.00%,7.84%,6.23%,'15.64,'1.88,14.16%,'30.60,'-4.96%,食品饮料
'15,600985.淮北矿业,'12.89,'+2.06%,5.82%,6.07%,'9.25,'0.81,9.31%,'347.16,'-2.65%,煤炭行业
'16,601000.唐山港,'4.06,'+0.25%,4.93%,5.90%,'13.69,'1.14,8.73%,'240.59,'-9.55%,航运港口
'17,002030.达安基因,'7.05,'-2.22%,0.21%,5.81%,亏损,'1.28,'-1.00%,'101.19,'+24.12%,医疗器械
'18,600348.华阳股份,'7.43,'+4.94%,4.16%,5.77%,'13.75,'0.79,6.01%,'268.04,'+9.60%,煤炭行业
'19,000090.天健集团,'3.50,'-0.85%,2.83%,5.76%,'12.13,'0.45,3.86%,'65.96,'-12.50%,房地产开发
'20,603519.立霸股份,'12.74,'+0.31%,7.85%,5.74%,'22.01,'2.48,11.41%,'33.93,'+16.06%,家电行业
'21,600755.厦门国贸,'6.28,'-0.48%,5.25%,5.73%,亏损,'0.39,1.81%,'136.12,'-0.32%,贸易行业
'22,600350.XD山东高,'9.77,'+0.31%,4.30%,5.72%,'15.88,'1.08,7.51%,'472.34,'-0.86%,铁路公路
'23,600546.山煤国际,'10.26,'+4.69%,6.73%,5.69%,'9.64,'1.21,11.70%,'203.40,'-6.70%,煤炭行业
'24,600395.盘江股份,'5.18,'+1.57%,5.41%,5.66%,亏损,'1.07,'-1.00%,'111.20,'+1.77%,煤炭行业
'25,600901.江苏金租,'5.93,'-1.33%,4.55%,5.65%,'11.65,'1.38,13.71%,'343.49,'+18.70%,多元金融
'26,600153.建发股份,'10.20,'-0.10%,6.98%,5.61%,'17.19,'0.42,4.11%,'295.75,'+4.05%,贸易行业
'27,002014.永新股份,'11.69,0.00%,5.30%,5.42%,'16.17,'2.67,19.25%,'71.60,'+12.34%,包装材料
'28,600997.开滦股份,'6.33,'+2.26%,4.11%,5.39%,'16.45,'0.70,4.68%,'100.51,'-2.30%,煤炭行业
'29,600261.阳光照明,'3.40,0.00%,4.12%,5.38%,'38.38,'1.27,5.87%,'45.39,'+8.37%,家电行业
'30,000429.粤高速Ａ,'12.55,'+0.40%,4.18%,5.36%,'16.23,'2.36,16.81%,'217.76,'-11.31%,铁路公路
'31,600064.南京高科,'7.60,'+0.40%,3.95%,5.31%,'7.29,'0.68,10.11%,'131.51,'+1.56%,房地产开发
'32,601166.兴业银行,'22.98,'-0.48%,4.61%,5.31%,'6.38,'0.54,8.89%,'4863.22,'+25.53%,银行
'33,002884.凌霄泵业,'16.52,'+0.36%,6.08%,5.31%,'13.56,'2.43,19.02%,'58.87,'-3.90%,通用设备
'34,600479.千金药业,'10.87,'-1.90%,3.31%,5.27%,'20.39,'1.81,9.60%,'45.49,'+5.17%,中药
'35,603551.奥普科技,'11.51,'-0.35%,7.46%,5.27%,'15.82,'3.09,18.89%,'44.91,'+13.25%,家电行业
'36,000550.江铃汽车,'21.29,'-0.79%,3.19%,5.27%,'17.11,'1.60,12.13%,'111.42,'-9.21%,汽车整车
'37,600398.海澜之家,'6.94,'+0.73%,5.91%,5.21%,'16.15,'1.86,11.79%,'333.31,'-5.18%,纺织服装
'38,600585.海螺水泥,'23.37,'-0.04%,3.04%,5.19%,'16.17,'0.65,4.25%,'934.73,'+1.51%,水泥建材
'39,600188.兖矿能源,'13.31,'+2.54%,5.79%,5.18%,'10.31,'1.56,16.24%,'793.54,'-2.00%,煤炭行业
'40,600373.中文传媒,'10.00,'-0.10%,4.08%,5.17%,'33.84,'0.76,3.57%,'136.75,'-17.28%,文化传媒
'41,600694.大商股份,'19.47,'-0.76%,4.67%,5.17%,'12.18,'0.76,6.67%,'67.71,'-15.22%,商业百货
'42,601928.凤凰传媒,'10.99,'+0.18%,4.55%,5.14%,'12.85,'1.39,8.81%,'279.68,'-0.56%,文化传媒
'43,601169.北京银行,'6.52,'-0.46%,4.91%,5.10%,'5.36,'0.38,7.35%,'1378.52,'+11.25%,银行
'44,601006.大秦铁路,'6.52,'-0.31%,3.94%,5.09%,'15.35,'0.79,5.40%,'1313.60,'-1.78%,物流行业
'45,601328.交通银行,'7.72,'-0.64%,3.61%,5.07%,'7.32,'0.59,8.24%,'4118.77,'+4.54%,银行
'46,002416.爱施德,'12.39,'+0.57%,4.06%,5.01%,'36.16,'2.45,8.72%,'152.68,'-20.44%,商业百货
'47,600461.洪城环境,'9.34,'-1.06%,4.97%,5.00%,'10.29,'1.23,12.95%,'119.94,'-1.44%,公用事业
'48,601225.陕西煤业,'21.43,'+5.62%,6.29%,5.00%,'10.20,'2.15,23.53%,'2077.64,'-2.07%,煤炭行业
'49,600282.南钢股份,'4.58,'-0.43%,4.04%,4.99%,'12.53,'1.06,8.58%,'282.36,'-0.41%,钢铁行业
'50,601126.四方股份,'17.24,'+0.88%,4.18%,4.96%,'19.09,'2.97,16.76%,'143.66,'+6.11%,电网设备
'51,601997.贵阳银行,'6.46,'-0.92%,4.49%,4.96%,'4.73,'0.35,7.75%,'236.19,'+13.00%,银行
'52,600757.长江传媒,'9.72,'+1.04%,4.22%,4.95%,'10.36,'1.19,11.26%,'117.97,'+5.96%,文化传媒
'53,600894.广日股份,'10.29,'-0.58%,13.35%,4.95%,'12.56,'1.00,8.94%,'87.64,'-25.44%,专用设备
'54,002774.快意电梯,'10.59,'+0.28%,3.41%,4.94%,'40.94,'2.78,8.90%,'35.55,'+59.84%,专用设备
'55,600548.深高速,'10.34,'-0.29%,2.36%,4.87%,'23.06,'0.97,4.63%,'185.12,'-21.48%,铁路公路
'56,601838.成都银行,'18.93,'-0.37%,4.71%,4.87%,'6.18,'0.91,15.96%,'802.34,'+15.94%,银行
'57,600801.华新水泥,'15.40,'+0.79%,2.99%,4.84%,'17.14,'1.05,8.29%,'207.02,'+32.38%,水泥建材
'58,000672.上峰水泥,'8.86,'-0.23%,7.09%,4.84%,'16.74,'0.95,7.75%,'86.08,'+24.59%,水泥建材
'59,002677.浙江美大,'7.05,'+0.14%,4.26%,4.84%,'110.84,'2.74,2.18%,'45.48,'+0.05%,家电行业
'60,002048.宁波华翔,'21.98,'+9.57%,2.34%,4.83%,'17.06,'1.37,8.10%,'163.25,'+78.57%,汽车零部件
'61,603706.东方环宇,'21.29,'+1.19%,4.23%,4.82%,'20.93,'2.28,11.79%,'40.32,'+18.57%,燃气
'62,600782.新钢股份,'4.34,'+0.93%,0.23%,4.81%,亏损,'0.53,0.77%,'138.12,'+30.26%,钢铁行业
'63,000581.威孚高科,'20.57,'+5.81%,5.98%,4.81%,'13.93,'0.93,7.30%,'154.43,'+14.01%,汽车零部件
'64,600012.皖通高速,'16.27,'+0.99%,3.71%,4.80%,'16.24,'2.30,13.96%,'189.64,'-4.36%,铁路公路
'65,600015.华夏银行,'8.08,0.00%,5.01%,4.77%,'4.81,'0.35,7.77%,'1285.93,'+6.13%,银行
'66,601668.中国建筑,'5.66,'-0.18%,4.80%,4.71%,'5.61,'0.49,10.06%,'2338.73,'-1.26%,工程建设
'67,601216.君正集团,'5.39,'+0.19%,2.78%,4.70%,'16.42,'1.61,11.07%,'454.81,'+5.37%,化学原料
'68,601229.上海银行,'10.50,'+0.10%,4.76%,4.70%,'6.28,'0.58,9.41%,'1491.94,'+17.17%,银行
'69,002807.江阴银行,'4.76,'-0.83%,4.17%,4.70%,'5.92,'0.63,11.30%,'118.15,'+14.61%,银行
'70,601168.西部矿业,'17.47,'+0.58%,5.72%,4.66%,'13.41,'2.51,19.66%,'416.31,'+15.73%,有色金属
'71,601717.中创智领,'17.39,0.00%,6.44%,4.66%,'8.47,'1.38,18.16%,'268.18,'+42.96%,汽车零部件
'72,002088.鲁阳节能,'11.09,'-0.63%,7.17%,4.66%,'12.37,'1.94,15.66%,'57.26,'-7.14%,装修建材
'73,000789.万年青,'6.12,'+0.33%,2.46%,4.65%,亏损,'0.72,0.84%,'48.64,'+25.13%,水泥建材
'74,600016.民生银行,'4.98,'-1.39%,3.86%,4.64%,'6.87,'0.33,4.89%,'1766.01,'+21.98%,银行
'75,600066.宇通客车,'25.65,'-1.65%,5.85%,4.63%,'16.04,'4.01,29.34%,'567.88,'+1.02%,汽车整车
'76,603889.新澳股份,'6.13,'+0.99%,4.89%,4.59%,'10.74,'1.27,12.77%,'44.78,'-8.05%,纺织服装
'77,300625.三雄极光,'12.53,'-1.57%,2.36%,4.59%,亏损,'1.72,0.87%,'35.56,'+10.22%,家电行业
'78,002293.罗莱生活,'8.66,'+0.58%,6.96%,4.57%,'17.00,'1.67,10.57%,'71.82,'+15.84%,纺织服装
'79,601077.渝农商行,'6.91,0.00%,4.41%,4.55%,'6.89,'0.59,9.04%,'611.10,'+19.81%,银行
'80,601988.中国银行,'5.66,'+0.18%,3.78%,4.55%,'7.74,'0.65,8.62%,'13504.20,'+7.35%,银行
'81,603788.宁波高发,'16.59,'+0.97%,4.22%,4.55%,'20.99,'1.75,9.41%,'37.01,'+25.17%,汽车零部件
'82,600863.内蒙华电,'4.06,'+0.25%,5.42%,4.53%,'12.39,'1.41,11.46%,'264.99,'-1.28%,电力行业
'83,000030.富奥股份,'6.22,'+2.13%,2.46%,4.52%,'16.62,'1.29,8.48%,'101.82,'+24.33%,汽车零部件
'84,600383.金地集团,'3.72,'-0.80%,0.53%,4.51%,亏损,'0.29,'-1.00%,'167.94,'-15.07%,房地产开发
'85,601101.昊华能源,'7.80,'+4.00%,5.87%,4.50%,'13.22,'0.91,7.15%,'112.32,'+0.84%,煤炭行业
'86,601288.农业银行,'6.62,'+1.22%,3.65%,4.50%,'8.18,'0.74,9.26%,'21133.97,'+29.36%,银行
'87,603365.水星家纺,'17.82,'-0.11%,5.05%,4.50%,'14.39,'1.52,11.97%,'46.80,'+15.30%,纺织服装
'88,600039.四川路桥,'8.34,'-0.95%,4.96%,4.49%,'11.39,'1.46,14.95%,'726.42,'+19.54%,工程建设
'89,600724.宁波富达,'4.68,'+0.21%,2.99%,4.49%,'42.80,'2.30,6.78%,'67.64,'-24.01%,房地产开发
'90,600377.宁沪高速,'14.22,'-0.21%,3.45%,4.48%,'14.66,'1.81,13.00%,'542.60,'-3.96%,铁路公路
'91,601939.建设银行,'9.58,'-0.62%,1.91%,4.46%,'7.56,'0.74,10.02%,'2029.34,'+14.02%,银行
'92,600000.浦发银行,'13.79,'+0.29%,2.97%,4.44%,'9.36,'0.56,6.10%,'4173.91,'+38.08%,银行
'93,601098.中南传媒,'12.99,'+0.08%,4.23%,4.44%,'13.88,'1.46,9.21%,'233.30,'-10.52%,文化传媒
'94,601019.山东出版,'9.12,'-0.44%,3.40%,4.43%,'12.55,'1.25,9.12%,'190.33,'-17.29%,文化传媒
'95,600327.大东方,'4.96,'-0.40%,0.60%,4.42%,亏损,'1.29,1.70%,'43.89,'-6.36%,医疗服务
'96,002818.富森美,'12.03,'-0.17%,8.96%,4.41%,'13.75,'1.65,11.25%,'90.19,'-15.42%,商业百货
'97,601577.长沙银行,'10.21,'+0.20%,4.11%,4.36%,'5.19,'0.52,10.71%,'410.60,'+19.70%,银行
'98,600987.航民股份,'7.25,'+0.42%,4.14%,4.33%,'10.76,'1.14,11.36%,'74.01,'+8.95%,纺织服装
'99,603878.武进不锈,'5.78,'+1.05%,1.56%,4.32%,'48.86,'1.23,3.20%,'32.43,'+2.82%,钢铁行业
'100,603967.中创物流,'11.68,'-1.60%,5.14%,4.32%,'16.54,'1.67,10.87%,'40.49,'+24.70%,物流行业
'101,600741.华域汽车,'18.02,'+0.50%,4.44%,4.30%,'9.75,'0.90,10.95%,'568.12,'+6.87%,汽车零部件
'102,002233.塔牌集团,'8.25,'-0.24%,5.44%,4.30%,'31.35,'0.81,4.56%,'98.60,'+13.74%,水泥建材
'103,601398.工商银行,'7.76,0.00%,3.97%,4.29%,'7.66,'0.69,9.18%,'20921.91,'+16.98%,银行
'104,000719.中原传媒,'13.16,'-0.08%,4.56%,4.27%,'10.18,'1.16,9.81%,'134.76,'+21.42%,文化传媒
'105,600210.紫江企业,'6.35,0.00%,4.72%,4.26%,'12.12,'1.52,13.40%,'96.31,'+0.49%,包装材料
'106,603115.海星股份,'15.69,'+0.32%,3.82%,4.25%,'23.39,'1.82,8.28%,'37.53,'+26.75%,电子元件
'107,002563.森马服饰,'5.55,'+2.02%,6.43%,4.24%,'15.60,'1.22,8.41%,'146.56,'-16.04%,纺织服装
'108,601158.重庆水务,'4.70,'-0.42%,2.79%,4.22%,'32.73,'1.30,4.85%,'225.60,'-1.46%,公用事业
'109,600642.申能股份,'8.15,'+0.12%,5.52%,4.19%,'11.53,'1.00,10.02%,'398.87,'-9.65%,电力行业
'110,600162.香江控股,'1.68,0.00%,0.65%,4.18%,亏损,'0.94,0.23%,'54.91,'-11.93%,房地产开发
'111,601998.中信银行,'8.38,'-0.59%,4.15%,4.18%,'6.83,'0.58,8.75%,'3415.94,'+22.41%,银行
'112,600036.招商银行,'45.12,'-0.29%,4.43%,4.17%,'7.73,'0.91,12.48%,'9307.78,'+19.78%,银行
'113,600681.百川能源,'3.68,'-0.81%,6.39%,4.15%,'17.06,'1.31,8.87%,'49.34,'+9.66%,燃气
'114,002228.合兴包装,'3.50,'-1.41%,5.07%,4.15%,'39.96,'1.33,3.41%,'42.44,'+22.45%,包装材料
'115,000989.九芝堂,'11.43,'-1.80%,2.58%,4.14%,'62.94,'2.57,4.72%,'99.63,'+48.76%,中药
'116,600566.济川药业,'26.78,'-0.59%,7.80%,4.13%,'12.78,'1.63,14.50%,'246.83,'-0.77%,中药
'117,002948.青岛银行,'5.11,'+0.99%,3.16%,4.11%,'6.79,'0.66,10.37%,'178.54,'+35.89%,银行
'118,600710.苏美达,'10.85,'-1.27%,3.40%,4.10%,'13.06,'1.81,15.76%,'141.78,'+21.28%,贸易行业
'119,601658.邮储银行,'5.90,'+0.85%,3.51%,4.09%,'8.33,'0.71,8.57%,'5914.09,'+9.02%,银行
'120,002737.葵花药业,'16.19,'-1.16%,3.05%,4.08%,'65.02,'2.16,6.22%,'95.66,'-18.47%,中药
'121,603839.安正时尚,'7.67,0.00%,1.30%,4.07%,亏损,'1.58,'-1.00%,'29.84,'+40.84%,纺织服装
'122,002404.嘉欣丝绸,'6.64,'+0.76%,4.55%,4.07%,'27.64,'1.81,7.90%,'36.91,'+12.70%,纺织服装
'123,600582.天地科技,'6.32,'+0.48%,5.02%,4.03%,'11.60,'1.01,13.59%,'261.56,'+7.70%,专用设备
'124,002303.美盈森,'3.87,'+1.31%,14.95%,4.03%,'18.99,'1.28,6.02%,'58.50,'+11.93%,包装材料
'125,601009.南京银行,'11.98,'+0.17%,4.09%,4.02%,'7.29,'0.77,11.17%,'1481.16,'+14.38%,银行
'126,000906.浙商中拓,'6.51,'-0.15%,3.06%,4.02%,亏损,'0.78,5.25%,'46.27,'+1.73%,物流行业
'127,002572.索菲亚,'13.82,'-0.43%,7.20%,4.02%,'12.29,'1.79,16.74%,'133.67,'-13.88%,装修建材
'128,600035.楚天高速,'4.32,'-0.23%,3.94%,4.00%,'9.79,'0.78,8.79%,'69.56,'-2.38%,铁路公路
'129,600502.安徽建工,'4.83,'-0.41%,5.59%,3.98%,'6.66,'0.50,9.14%,'82.91,'+6.93%,工程建设
'130,001965.招商公路,'11.31,'+0.09%,3.69%,3.95%,'15.77,'1.06,7.48%,'770.70,'-15.91%,铁路公路
'131,002839.张家港行,'4.53,'-0.88%,4.38%,3.93%,'5.96,'0.56,10.07%,'111.71,'+8.55%,银行
'132,000932.华菱钢铁,'5.87,'+0.34%,1.71%,3.92%,'28.18,'0.74,4.08%,'404.16,'+43.68%,钢铁行业
'133,600008.首创环保,'3.10,0.00%,5.48%,3.91%,'14.32,'0.77,12.06%,'227.56,'-0.27%,公用事业
'134,002032.苏泊尔,'51.23,'-0.33%,5.47%,3.87%,'19.73,'5.95,33.07%,'411.90,'+1.08%,家电行业
'135,603165.荣晟环保,'12.41,'+0.89%,4.03%,3.85%,'15.86,'1.41,11.27%,'33.83,'+5.58%,造纸印刷
'136,002043.兔宝宝,'10.08,0.00%,5.95%,3.83%,'16.90,'2.66,18.81%,'83.87,'-12.46%,装修建材
'137,603855.华荣股份,'21.64,'+1.12%,4.62%,3.82%,'15.68,'3.26,23.11%,'73.04,'+11.95%,专用设备
'138,603639.海利尔,'15.05,0.00%,3.32%,3.81%,'31.64,'1.45,5.56%,'51.15,'+25.81%,农药兽药
'139,000333.美的集团,'71.70,'+0.45%,4.91%,3.81%,'13.96,'2.38,20.86%,'5013.70,'-0.07%,家电行业
'140,600285.羚锐制药,'23.10,'-0.52%,3.90%,3.80%,'19.71,'3.96,23.98%,'131.00,'+8.34%,中药
'141,002322.理工能科,'12.75,'+0.63%,6.08%,3.74%,'18.84,'1.63,8.76%,'48.04,'+4.19%,软件开发
'142,002469.三维化学,'8.66,'+1.88%,4.71%,3.72%,'21.06,'1.98,9.24%,'55.15,'+22.41%,化学原料
'143,600170.上海建工,'2.41,'-0.82%,2.49%,3.71%,'67.10,'0.47,3.74%,'214.15,'-6.85%,工程建设
'144,000708.中信特钢,'12.97,'-0.15%,3.90%,3.69%,'13.08,'1.55,12.49%,'655.63,'+18.72%,钢铁行业
'145,002381.双箭股份,'7.14,'+0.70%,2.82%,3.69%,'24.60,'1.33,5.94%,'29.18,'+10.54%,橡胶制品
'146,000900.现代投资,'4.31,0.00%,3.48%,3.68%,'21.06,'0.52,2.60%,'65.42,'+1.38%,铁路公路
'147,600873.梅花生物,'11.12,'-0.71%,5.41%,3.65%,'10.70,'2.05,19.84%,'317.23,'+15.26%,化学制品
'148,002533.金杯电工,'10.94,'-0.27%,4.10%,3.64%,'15.40,'1.96,14.83%,'80.51,'+14.00%,电网设备
'149,600790.轻纺城,'3.80,'+0.26%,3.16%,3.61%,'59.17,'0.89,1.84%,'55.70,'+4.45%,商业百货
'150,601107.四川成渝,'5.64,'-1.23%,5.14%,3.60%,'11.87,'0.86,8.44%,'121.98,'+12.90%,铁路公路
'151,002966.苏州银行,'8.69,'-0.46%,4.22%,3.60%,'7.63,'0.68,9.87%,'390.29,'+9.63%,银行
'152,600908.无锡银行,'6.15,'-0.49%,3.58%,3.57%,'6.10,'0.57,9.97%,'134.97,'+7.69%,银行
'153,600438.通威股份,'20.42,'-0.63%,4.43%,3.56%,亏损,'1.98,'-1.00%,'919.31,'-7.64%,光伏设备
'154,603858.步长制药,'18.12,'-1.41%,0.70%,3.55%,亏损,'1.91,'-1.00%,'200.41,'+14.68%,中药
'155,600527.江南高纤,'2.13,'+0.47%,2.35%,3.54%,'117.40,'1.71,1.76%,'36.89,'-1.39%,化纤行业
'156,600027.华电国际,'5.31,0.00%,3.84%,3.53%,'10.29,'0.87,8.24%,'487.95,'-3.08%,电力行业
'157,002267.陕天然气,'8.00,'+0.88%,5.67%,3.53%,'15.79,'1.27,9.92%,'88.19,'-1.04%,燃气
'158,603357.设计总院,'8.72,'-0.23%,3.21%,3.50%,'10.24,'1.27,13.17%,'48.88,'-0.54%,工程咨询服务
'159,603515.欧普照明,'18.89,'-0.21%,4.77%,3.50%,'19.22,'2.05,13.69%,'140.51,'+20.75%,家电行业
'160,603968.醋化股份,'12.79,'+1.03%,2.22%,3.50%,亏损,'1.44,'-1.00%,'26.15,'+37.97%,化学制品
'161,000559.万向钱潮,'7.89,'+2.60%,2.34%,3.50%,'26.79,'2.69,10.39%,'254.06,'+31.32%,汽车零部件
'162,002788.鹭燕医药,'8.60,'-1.26%,4.02%,3.50%,'10.09,'1.05,10.66%,'33.84,'+9.14%,医药商业
'163,601566.九牧王,'9.18,'+0.77%,3.27%,3.49%,'34.59,'1.27,6.36%,'52.75,'+12.81%,纺织服装
'164,603006.联明股份,'13.29,'-0.23%,2.86%,3.49%,'88.88,'2.33,4.11%,'33.79,'+31.06%,汽车零部件
'165,002543.万和电气,'12.97,'+10.01%,3.73%,3.49%,'12.83,'1.78,13.93%,'87.67,'+29.21%,家电行业
'166,601900.南方传媒,'14.37,'+0.14%,3.83%,3.47%,'11.75,'1.48,11.72%,'126.74,'-1.28%,文化传媒
'167,601369.陕鼓动力,'8.94,'+0.22%,5.04%,3.45%,'15.98,'1.69,11.64%,'154.08,'+5.93%,通用设备
'168,000156.华数传媒,'8.32,'-0.24%,2.64%,3.45%,'38.26,'1.03,3.69%,'154.53,'+15.56%,文化传媒
'169,000513.丽珠集团,'40.66,'-2.14%,2.65%,3.45%,'18.71,'2.65,14.53%,'251.08,'+10.04%,化学制药
'170,002443.金洲管道,'6.81,0.00%,2.94%,3.45%,'20.92,'1.01,5.16%,'35.45,'+19.63%,钢铁行业
'171,002479.富春环保,'5.27,'-0.75%,2.82%,3.43%,'21.81,'1.09,7.75%,'45.93,'+14.52%,环保行业
'172,000933.神火股份,'18.31,'+3.04%,4.50%,3.42%,'10.47,'1.78,18.07%,'399.71,'+11.54%,有色金属
'173,600704.物产中大,'5.44,'-0.73%,3.88%,3.40%,'10.68,'0.65,7.96%,'281.31,'+11.53%,物流行业
'174,600982.宁波能源,'4.68,'-0.64%,3.21%,3.40%,'26.86,'1.07,6.56%,'52.30,'+17.23%,电力行业
'175,603323.苏农银行,'5.42,'-0.73%,3.02%,3.40%,'5.74,'0.60,11.43%,'109.40,'+16.06%,银行
'176,000915.华特达因,'34.74,'-0.26%,7.18%,3.39%,'16.05,'2.64,16.95%,'81.62,'+31.39%,化学制药
'177,002911.佛燃能源,'10.32,'+0.10%,4.66%,3.38%,'16.52,'1.60,10.33%,'133.77,'-14.85%,燃气
'178,002440.闰土股份,'7.71,'+1.18%,1.97%,3.37%,'37.66,'0.91,2.76%,'85.65,'+17.08%,化学制品
'179,603096.新经典,'19.15,'-0.21%,4.18%,3.35%,'34.29,'1.52,5.21%,'29.54,'+5.53%,文化传媒
'180,603167.渤海轮渡,'10.53,'-0.19%,8.45%,3.35%,'24.08,'1.35,7.14%,'49.40,'+26.73%,航运港口
'181,600639.浦东金桥,'10.42,'-0.86%,3.10%,3.34%,'51.95,'0.81,6.11%,'88.59,'-3.24%,房地产开发
'182,603279.景津装备,'15.80,'-0.44%,6.71%,3.34%,'11.66,'1.97,17.88%,'91.08,'-9.41%,通用设备
'183,601298.青岛港,'8.79,'+0.34%,1.29%,3.33%,'11.07,'1.30,12.44%,'473.96,'-3.51%,航运港口
'184,002441.众业达,'9.50,'+0.53%,3.17%,3.33%,'39.91,'1.10,2.83%,'51.46,'+26.35%,电网设备
'185,002736.国信证券,'13.48,'-0.44%,2.58%,3.32%,'14.02,'1.08,7.98%,'1301.52,'+24.17%,证券
'186,002658.雪迪龙,'7.99,'+0.12%,3.13%,3.31%,'30.57,'1.96,7.12%,'50.73,'+29.66%,仪器仪表
'187,600887.伊利股份,'27.57,'+0.07%,4.43%,3.29%,'25.23,'2.99,12.61%,'1743.90,'-4.80%,食品饮料
'188,601886.江河集团,'7.50,'+2.18%,7.33%,3.29%,'20.16,'1.13,8.13%,'84.98,'+48.70%,装修装饰
'189,002367.康力电梯,'7.44,'+0.14%,4.04%,3.29%,'18.92,'1.64,10.48%,'59.27,'+13.01%,专用设备
'190,002274.华昌化工,'6.87,'+0.15%,4.37%,3.28%,'23.85,'1.14,5.35%,'65.33,'-7.83%,化肥行业
'191,002932.明德生物,'22.31,'-2.41%,5.38%,3.28%,亏损,'0.92,0.65%,'53.15,'+28.17%,医疗器械
'192,603088.宁波精达,'9.25,'+2.21%,2.73%,3.27%,'33.19,'5.70,18.49%,'46.47,'+5.18%,通用设备
'193,688009.中国通号,'5.41,0.00%,3.14%,3.26%,'17.73,'1.18,7.19%,'466.40,'-10.90%,交运设备
'194,600820.隧道股份,'6.64,'-0.60%,4.97%,3.25%,'8.47,'0.58,8.31%,'208.77,'-7.65%,工程建设
'195,002003.伟星股份,'10.95,'-0.09%,4.56%,3.25%,'18.02,'2.87,16.23%,'128.11,'-20.69%,纺织服装
'196,601086.国芳集团,'10.44,'+0.87%,0.77%,3.24%,'120.98,'4.37,3.47%,'69.53,'+78.87%,商业百货
'197,002242.九阳股份,'10.15,'-0.69%,1.48%,3.24%,'78.25,'2.18,2.62%,'77.98,'-0.51%,家电行业
'198,603801.志邦家居,'10.04,'+0.20%,6.01%,3.21%,'12.97,'1.23,11.05%,'43.61,'-16.80%,装修建材
'199,600970.中材国际,'9.12,'-0.22%,4.93%,3.20%,'9.03,'1.11,14.51%,'240.76,'+1.13%,工程建设
'200,600167.联美控股,'6.25,'-1.26%,5.14%,3.19%,'20.19,'1.24,6.20%,'141.43,'+12.88%,公用事业
'201,002478.常宝股份,'5.57,'+0.36%,3.96%,3.19%,'10.47,'0.87,10.39%,'50.00,'+9.76%,钢铁行业
'202,002540.亚太科技,'6.08,'+0.66%,5.97%,3.19%,'18.16,'1.33,7.60%,'75.40,'+2.05%,有色金属
'203,600028.中国石化,'5.71,0.00%,5.01%,3.18%,'16.07,'0.83,5.42%,'5551.96,'-12.46%,石油行业
'204,600098.广州发展,'6.49,'+0.31%,4.16%,3.18%,'13.99,'0.85,6.59%,'227.56,'+5.41%,电力行业
'205,601186.中国铁建,'8.10,'-0.25%,3.70%,3.17%,'5.36,'0.33,6.56%,'931.76,'-8.50%,工程建设
'206,601390.中国中铁,'5.68,0.00%,3.13%,3.15%,'6.19,'0.39,7.51%,'1166.31,'-8.28%,工程建设
'207,300564.筑博设计,'17.17,'-2.28%,2.85%,3.15%,亏损,'2.22,4.40%,'28.34,'+43.99%,工程咨询服务
'208,603730.岱美股份,'5.72,'+1.42%,4.71%,3.14%,'15.41,'2.46,16.86%,'122.90,'-13.53%,汽车零部件
'209,603368.柳药集团,'18.33,'-1.13%,4.11%,3.13%,'8.96,'0.92,11.23%,'72.80,'+7.27%,医药商业
'210,600449.宁夏建材,'13.76,'-0.29%,1.53%,3.12%,'34.24,'0.91,3.45%,'65.80,'-6.98%,水泥建材
'211,603301.振德医疗,'22.08,'-1.30%,2.94%,3.12%,'20.34,'1.03,6.50%,'58.83,'+3.64%,医疗器械
'212,002391.长青股份,'6.38,'+0.47%,3.15%,3.12%,亏损,'0.98,'-1.00%,'41.25,'+27.35%,农药兽药
'213,601992.金隅集团,'1.61,'+0.63%,3.11%,3.11%,亏损,'0.24,'-1.00%,'134.26,'-6.65%,水泥建材
'214,300519.新光药业,'17.88,'-2.98%,1.63%,3.11%,'62.19,'3.45,6.05%,'29.49,'+37.56%,中药
'215,600598.北大荒,'14.95,'-0.80%,3.68%,3.10%,'25.46,'3.18,13.06%,'265.76,'+5.21%,农牧饲渔
'216,603203.快克智能,'27.80,'+0.07%,2.30%,3.09%,'38.40,'4.76,15.06%,'70.52,'+24.11%,专用设备
'217,603648.畅联股份,'11.26,'-5.46%,3.11%,3.08%,'34.02,'2.17,6.49%,'40.81,'+9.75%,物流行业
'218,000544.中原环保,'8.60,'+0.12%,3.03%,3.08%,'9.39,'0.82,10.47%,'83.73,'+1.67%,公用事业
'219,000895.双汇发展,'24.95,'-0.12%,5.64%,3.06%,'18.70,'3.89,21.88%,'865.47,'-1.12%,食品饮料
'220,002949.华阳国际,'14.47,'+0.28%,2.43%,3.04%,'25.31,'1.81,7.92%,'28.29,'-16.76%,工程咨询服务
'221,600033.福建高速,'3.49,0.00%,2.87%,3.03%,'12.05,'0.80,6.71%,'95.78,'-8.79%,铁路公路
'222,603508.思维列控,'32.78,'+10.00%,4.39%,3.03%,'19.01,'2.74,14.69%,'124.98,'+44.00%,软件开发
'223,601598.中国外运,'5.53,'+0.55%,5.24%,3.02%,'13.39,'1.00,9.55%,'290.65,'+6.18%,物流行业
'224,603303.得邦照明,'12.90,'-0.31%,5.74%,3.02%,'21.46,'1.70,9.31%,'61.53,'+16.34%,家电行业
'225,601512.中新集团,'7.90,'-1.25%,1.62%,3.00%,'37.58,'0.81,2.89%,'118.41,'+4.68%,房地产开发
'226,000685.中山公用,'9.71,'+0.41%,4.47%,3.00%,'10.70,'0.83,7.77%,'142.64,'+10.51%,公用事业
'227,002372.伟星新材,'10.79,'+0.37%,5.58%,3.00%,'19.24,'3.29,16.73%,'171.14,'-10.86%,装修建材
'228,601128.常熟银行,'7.68,'+0.26%,2.96%,2.99%,'6.49,'0.86,14.12%,'254.71,'+15.20%,银行
'229,000785.居然智家,'2.94,'-0.34%,2.12%,2.99%,'25.15,'0.90,3.10%,'183.70,'-17.65%,商业百货
'230,600368.五洲交通,'4.33,0.00%,3.03%,2.98%,'11.16,'0.99,10.02%,'69.70,'-6.38%,铁路公路
'231,601601.中国太保,'37.40,'-0.40%,2.89%,2.98%,'8.41,'1.36,16.43%,'2560.05,'+12.97%,保险
'232,601766.中国中车,'7.42,'+0.54%,2.70%,2.98%,'17.34,'1.24,8.66%,'1805.12,'-11.46%,交运设备
'233,601898.中煤能源,'12.45,'+2.55%,6.23%,2.98%,'9.09,'1.06,11.99%,'1139.42,'+2.22%,煤炭行业
'234,603037.凯众股份,'12.70,'+1.52%,1.97%,2.98%,'42.71,'3.47,9.50%,'34.05,'+30.84%,汽车零部件
'235,603299.苏盐井神,'10.79,'+0.94%,4.11%,2.98%,'13.54,'1.35,11.71%,'84.34,'+1.43%,化学原料
'236,300741.华宝股份,'19.20,'+0.05%,0.89%,2.98%,亏损,'1.73,'-1.00%,'118.19,'+10.75%,食品饮料
'237,002091.江苏国泰,'7.38,'-0.67%,5.38%,2.97%,'11.32,'0.76,7.24%,'120.93,'+5.03%,贸易行业
'238,002206.海利得,'6.06,'+4.12%,3.09%,2.97%,'14.29,'1.74,12.42%,'67.64,'+46.32%,化纤行业
'239,603726.朗迪集团,'17.98,'+0.06%,2.22%,2.96%,'20.86,'2.51,13.38%,'33.38,'+16.45%,家电行业
'240,000019.深粮控股,'6.90,0.00%,2.17%,2.96%,'24.21,'1.59,7.13%,'75.95,'+7.37%,贸易行业
'241,002128.电投能源,'20.50,'+1.08%,4.19%,2.95%,'9.65,'1.25,14.30%,'454.59,'+9.11%,煤炭行业
'242,603699.纽威股份,'33.24,'+1.71%,4.56%,2.94%,'21.43,'5.55,28.55%,'255.47,'+55.34%,通用设备
'243,002690.美亚光电,'17.37,'+1.05%,4.07%,2.94%,'23.84,'5.17,22.88%,'151.66,'+22.09%,专用设备
'244,001872.招商港口,'20.36,'+0.30%,3.65%,2.93%,'11.83,'0.81,7.46%,'471.29,'+3.11%,航运港口
'245,002318.久立特材,'22.33,'+0.90%,4.38%,2.93%,'13.73,'2.66,20.03%,'216.25,'-0.77%,钢铁行业
'246,601860.紫金银行,'3.01,'-0.66%,3.32%,2.92%,'6.73,'0.55,8.42%,'110.20,'+9.42%,银行
'247,603600.永艺股份,'10.97,'+0.27%,4.20%,2.92%,'11.93,'1.57,13.86%,'36.25,'-5.08%,装修建材
'248,000026.飞亚达,'17.15,'+1.12%,2.36%,2.92%,'37.58,'1.99,5.55%,'61.94,'+70.18%,珠宝首饰
'249,002035.华帝股份,'6.50,'+1.25%,4.67%,2.91%,'12.32,'1.40,12.36%,'54.42,'-7.30%,家电行业
'250,300146.汤臣倍健,'11.86,'-0.34%,3.03%,2.91%,'62.13,'1.76,3.16%,'202.40,'+1.59%,食品饮料
'251,603897.长城科技,'25.00,'+0.08%,8.80%,2.90%,'22.15,'1.97,8.62%,'51.61,'+12.64%,电网设备
'252,600612.老凤祥,'47.41,'+0.13%,3.63%,2.88%,'15.38,'1.89,13.81%,'150.34,'-9.56%,珠宝首饰
'253,600713.南京医药,'5.21,'-1.70%,3.26%,2.88%,'11.55,'0.97,8.65%,'68.20,'+8.58%,医药商业
'254,601163.三角轮胎,'14.08,'+0.50%,3.76%,2.87%,'15.38,'0.83,7.28%,'112.64,'-3.07%,橡胶制品
'255,600810.神马股份,'9.70,'+1.78%,0.52%,2.86%,亏损,'1.39,'-1.00%,'98.47,'+20.54%,化纤行业
'256,002117.东港股份,'12.17,'+1.76%,2.17%,2.86%,'52.59,'4.35,10.74%,'62.64,'+6.17%,造纸印刷
'257,600750.江中药业,'22.06,'-0.50%,5.42%,2.85%,'18.77,'3.38,19.55%,'140.08,'+0.25%,中药
'258,000778.新兴铸管,'3.78,'-0.26%,0.53%,2.85%,亏损,'0.59,0.52%,'150.20,'-1.03%,钢铁行业
'259,600510.黑牡丹,'6.10,'+7.21%,0.67%,2.84%,'62.50,'0.61,0.98%,'62.95,'+28.93%,房地产开发
'260,002315.焦点科技,'54.17,'-0.99%,2.01%,2.84%,'36.65,'7.15,20.92%,'173.56,'+31.98%,互联网服务
'261,002345.潮宏基,'16.44,'+6.20%,2.26%,2.84%,'55.77,'3.70,6.72%,'137.54,'+187.09%,珠宝首饰
'262,600637.东方明珠,'7.77,'-0.13%,2.32%,2.83%,'101.89,'0.86,2.23%,'261.22,'+2.59%,文化传媒
'263,603002.宏昌电子,'6.93,'+0.43%,0.29%,2.83%,'203.55,'2.28,1.31%,'78.59,'+29.50%,电子化学品
'264,603689.皖天然气,'8.55,'-0.23%,4.09%,2.83%,'13.11,'1.23,9.95%,'41.91,'-0.78%,燃气
'265,002061.浙江交科,'4.06,'-0.25%,3.07%,2.83%,'10.32,'0.70,8.98%,'108.69,'+2.68%,工程建设
'266,002545.东方铁塔,'9.87,'+0.10%,3.04%,2.83%,'20.70,'1.34,6.73%,'122.66,'+44.88%,化肥行业
'267,600329.达仁堂,'40.90,'+1.59%,3.13%,2.82%,'42.21,'3.83,29.15%,'233.17,'+38.00%,中药
'268,603866.桃李面包,'5.51,0.00%,4.54%,2.81%,'18.85,'1.69,9.42%,'88.14,'-14.57%,食品饮料
'269,002614.奥佳华,'6.92,'+0.58%,1.45%,2.81%,'161.69,'0.96,1.36%,'42.90,'+6.13%,家电行业
'270,000589.贵州轮胎,'4.57,0.00%,2.84%,2.80%,'15.64,'0.80,5.78%,'71.05,'-6.52%,橡胶制品
'271,002060.广东建工,'3.66,'-0.27%,3.81%,2.80%,'12.02,'0.99,8.45%,'137.79,'+4.13%,工程建设
'272,002538.司尔特,'5.44,'-0.73%,4.38%,2.80%,'18.20,'0.87,5.15%,'46.77,'-0.93%,化肥行业
'273,000921.海信家电,'25.40,'-0.16%,3.99%,2.79%,'12.95,'2.20,22.59%,'235.39,'-12.11%,家电行业
'274,300181.佐力药业,'19.13,'-2.05%,3.07%,2.79%,'25.12,'4.39,18.27%,'136.98,'+29.16%,中药
'275,600900.长江电力,'27.97,'-0.46%,3.37%,2.78%,'20.27,'3.17,16.00%,'6843.76,'-2.27%,电力行业
'276,601336.新华保险,'68.00,'+0.59%,2.04%,2.78%,'7.78,'2.66,31.26%,'1418.10,'+36.82%,保险
'277,603589.口子窖,'33.53,'-0.12%,3.89%,2.78%,'12.30,'1.80,15.63%,'200.55,'-11.24%,酿酒行业
'278,000783.长江证券,'7.42,0.00%,2.02%,2.78%,'17.16,'1.02,6.22%,'410.33,'+11.26%,证券
'279,002772.众兴菌业,'8.29,'-0.24%,3.61%,2.78%,'30.16,'0.98,4.15%,'32.68,'+16.44%,农牧饲渔
'280,002027.分众传媒,'7.80,'-2.62%,1.25%,2.76%,'24.56,'6.36,28.45%,'1156.82,'+10.95%,文化传媒
'281,300349.金卡智能,'12.60,'+0.16%,3.97%,2.76%,'20.36,'1.18,6.89%,'52.63,'-3.91%,仪器仪表
'282,600273.嘉化能源,'8.89,'-2.95%,4.61%,2.74%,'12.62,'1.17,10.45%,'120.63,'+14.20%,化学制品
'283,600926.杭州银行,'16.36,'-0.43%,3.58%,2.74%,'6.72,'0.81,13.61%,'1185.94,'+13.83%,银行
'284,603018.华设集团,'8.39,'-0.71%,1.19%,2.74%,'16.94,'1.10,6.77%,'57.37,'+3.50%,工程咨询服务
'285,600060.海信视像,'22.51,'-1.96%,3.58%,2.73%,'15.53,'1.45,11.86%,'293.75,'+12.89%,家电行业
'286,600742.富维股份,'10.55,'+0.48%,3.32%,2.73%,'15.27,'0.91,6.09%,'78.39,'+23.74%,汽车零部件
'287,603700.宁水集团,'12.75,'+0.63%,1.57%,2.73%,'122.23,'1.59,4.28%,'25.72,'+29.56%,仪器仪表
'288,600643.爱建集团,'6.10,'+0.99%,0.33%,2.72%,亏损,'0.82,'-1.00%,'97.18,'+17.99%,多元金融
'289,600674.川投能源,'15.55,'-0.19%,2.57%,2.72%,'16.22,'1.74,11.17%,'758.00,'-7.57%,电力行业
'290,600737.中粮糖业,'10.04,'+0.30%,1.99%,2.72%,'14.75,'1.84,12.44%,'214.74,'-1.67%,食品饮料
'291,601866.中远海发,'2.51,'+0.80%,1.53%,2.72%,'20.24,'1.08,5.70%,'244.77,'-3.11%,航运港口
'292,000538.云南白药,'55.96,'-0.39%,4.27%,2.72%,'21.24,'2.46,12.10%,'1002.40,'-4.70%,中药
'293,600660.福耀玻璃,'55.56,'-0.41%,3.24%,2.71%,'18.32,'3.84,23.06%,'1112.86,'-8.12%,玻璃玻纤
'294,603757.大元泵业,'27.56,'-1.68%,2.56%,2.71%,'22.14,'2.68,14.91%,'45.40,'+38.73%,通用设备
'295,002020.京新药业,'18.44,'-2.95%,1.84%,2.71%,'25.69,'2.88,12.38%,'163.60,'+47.76%,化学制药
'296,300684.中石科技,'31.48,'+4.41%,2.16%,2.71%,'42.42,'4.31,11.61%,'90.30,'+44.51%,消费电子
'297,002871.伟隆股份,'10.98,'+0.64%,2.80%,2.70%,'21.49,'3.11,16.17%,'27.39,'+17.06%,通用设备
'298,600284.浦东建设,'6.81,0.00%,3.92%,2.69%,'14.55,'0.84,7.29%,'66.07,'+10.19%,工程建设
'299,601567.三星医疗,'22.79,'+0.31%,3.92%,2.69%,'14.01,'2.54,20.09%,'320.26,'-22.97%,电网设备
'300,000521.长虹美菱,'7.33,'+0.69%,4.53%,2.69%,'11.05,'1.20,11.84%,'64.19,'-6.15%,家电行业
'301,600483.福能股份,'9.59,'+0.21%,3.23%,2.68%,'8.96,'1.02,12.43%,'266.62,'-0.70%,电力行业
'302,603920.世运电路,'32.79,'+0.34%,1.83%,2.68%,'32.91,'3.55,12.58%,'236.27,'+14.15%,电子元件
'303,002925.盈趣科技,'18.46,'-0.27%,2.32%,2.68%,'53.50,'3.04,5.59%,'143.90,'+19.88%,消费电子
'304,002546.新联电子,'5.95,'-0.17%,2.01%,2.67%,'34.50,'1.45,11.90%,'49.71,'+40.77%,电网设备
'305,600104.上汽集团,'17.53,'-2.23%,0.50%,2.66%,亏损,'0.69,0.68%,'2029.15,'-15.14%,汽车整车
'306,600328.中盐化工,'8.15,'+3.03%,1.52%,2.66%,亏损,'1.00,1.10%,'119.50,'+5.38%,化学原料
'307,603053.成都燃气,'9.63,'-0.10%,3.12%,2.66%,'18.87,'1.76,9.95%,'85.60,'-0.90%,燃气
'308,002304.洋河股份,'68.80,'+0.06%,6.76%,2.66%,'23.53,'2.00,7.76%,'1035.83,'-12.15%,酿酒行业
'309,300154.瑞凌股份,'9.64,'+1.69%,2.11%,2.66%,'112.57,'2.34,9.21%,'42.62,'-10.06%,通用设备
'310,601222.林洋能源,'5.82,0.00%,4.60%,2.64%,'17.48,'0.78,4.25%,'119.90,'-14.47%,仪器仪表
'311,603556.海兴电力,'27.64,'+2.64%,2.53%,2.64%,'14.98,'1.85,13.17%,'134.40,'-23.17%,电网设备
'312,600018.上港集团,'5.70,0.00%,3.42%,2.63%,'9.63,'0.97,11.47%,'1327.04,'-4.45%,航运港口
'313,603697.有友食品,'12.56,'-1.02%,3.74%,2.63%,'39.94,'2.94,8.88%,'53.72,'+25.38%,食品饮料
'314,002080.中材科技,'26.70,'-1.37%,0.83%,2.63%,'86.27,'2.41,5.51%,'454.27,'+106.85%,玻璃玻纤
'315,002697.红旗连锁,'5.69,'-0.87%,2.00%,2.62%,'16.34,'1.69,11.57%,'78.06,'-1.70%,商业百货
'316,600623.华谊集团,'8.22,'-0.96%,2.19%,2.61%,'38.63,'0.77,3.99%,'154.51,'+20.13%,化学原料
'317,601801.皖新传媒,'6.87,'-0.29%,2.91%,2.61%,'17.33,'1.14,6.73%,'134.51,'-5.01%,文化传媒
'318,002376.新北洋,'7.70,'+1.05%,2.62%,2.59%,'116.56,'1.59,2.05%,'61.76,'+21.23%,计算机设备
'319,600508.上海能源,'12.41,'+2.06%,3.22%,2.58%,'17.66,'0.69,4.00%,'89.69,'-4.60%,煤炭行业
'320,600126.杭钢股份,'8.85,'+0.68%,0.56%,2.57%,亏损,'1.54,'-1.00%,'298.88,'+85.15%,钢铁行业
'321,600929.雪天盐业,'5.26,'+0.19%,1.65%,2.57%,'88.60,'1.13,1.86%,'86.30,'-4.29%,化学原料
'322,601857.中国石油,'8.64,'+0.58%,5.44%,2.57%,'9.08,'1.01,10.85%,'13990.07,'-0.58%,石油行业
'323,000828.东莞控股,'11.23,'-0.44%,4.21%,2.57%,'14.08,'1.17,7.81%,'117.26,'+8.35%,铁路公路
'324,003816.中国广核,'3.69,'-0.27%,2.57%,2.57%,'18.39,'1.53,8.55%,'1455.39,'-8.31%,电力行业
'325,600867.通化东宝,'8.53,'-0.70%,2.93%,2.56%,亏损,'2.57,'-1.00%,'167.06,'+9.30%,生物制品
'326,601138.工业富联,'34.30,'-2.14%,1.87%,2.56%,'28.33,'4.33,16.04%,'6811.80,'+62.66%,消费电子
'327,603868.飞科电器,'39.13,'+2.97%,1.28%,2.56%,'47.73,'5.30,13.16%,'170.45,'-4.48%,家电行业
'328,600176.中国巨石,'12.38,'-0.08%,1.94%,2.55%,'20.96,'1.61,9.45%,'495.59,'+10.89%,玻璃玻纤
'329,000928.中钢国际,'6.34,'+0.16%,4.72%,2.55%,'11.85,'1.06,10.20%,'90.81,'+4.22%,工程咨询服务
'330,002758.浙农股份,'9.03,'-1.42%,3.28%,2.55%,'14.63,'1.00,8.14%,'47.76,'+6.63%,综合行业
'331,600886.国投电力,'15.58,'-0.19%,2.96%,2.54%,'19.08,'1.75,10.12%,'1247.10,'-6.26%,电力行业
'332,603080.新疆火炬,'20.19,'+3.80%,2.77%,2.54%,'17.56,'1.81,10.92%,'28.57,'+29.81%,燃气
'333,002363.隆基机械,'8.19,'+0.86%,1.35%,2.54%,'75.17,'1.59,2.40%,'33.93,'+25.63%,汽车零部件
'334,600596.新安股份,'10.22,'+2.40%,0.98%,2.53%,亏损,'1.11,'-1.00%,'137.93,'+17.86%,农药兽药
'335,600141.兴发集团,'24.96,'+1.26%,4.01%,2.52%,'18.73,'1.25,7.10%,'275.37,'+20.68%,化肥行业
'336,600183.生益科技,'40.32,'-0.32%,1.49%,2.52%,'52.98,'6.28,12.74%,'979.48,'+71.45%,电子元件
'337,600690.海尔智家,'25.23,'+0.80%,3.82%,2.52%,'12.78,'2.01,17.29%,'1578.01,'-8.18%,家电行业
'338,600229.城市传媒,'7.09,'-0.28%,0.99%,2.51%,'66.61,'1.44,1.84%,'46.84,'+2.72%,文化传媒
'339,603816.顾家家居,'25.92,'-0.04%,5.32%,2.51%,'15.38,'2.05,14.88%,'213.00,'-0.83%,装修建材
'340,002275.桂林三金,'16.15,'-7.08%,3.45%,2.51%,'25.13,'3.26,17.43%,'102.12,'+9.70%,中药
'341,601018.宁波港,'3.64,0.00%,2.97%,2.50%,'18.08,'0.89,6.37%,'708.14,'-2.78%,航运港口
'342,603393.新天然气,'29.22,'+0.14%,3.08%,2.50%,'10.13,'1.45,15.21%,'123.87,'-3.47%,燃气
'343,002244.滨江集团,'9.64,'-0.41%,0.93%,2.50%,'10.99,'1.06,10.52%,'301.19,'+11.96%,房地产开发
'344,600475.华光环能,'17.51,'+9.99%,2.57%,2.49%,'51.66,'1.87,7.40%,'167.39,'+98.92%,电源设备
'345,600968.海油发展,'4.07,'+0.25%,3.32%,2.49%,'10.56,'1.49,14.17%,'413.72,'-1.55%,采掘行业
'346,603277.银都股份,'17.09,'+1.12%,4.05%,2.49%,'23.22,'3.51,19.35%,'104.88,'+9.25%,通用设备
'347,002216.三全食品,'11.15,'+0.27%,2.70%,2.49%,'25.64,'2.12,11.34%,'97.77,'-4.64%,食品饮料
'348,300109.新开源,'17.58,'+0.17%,1.42%,2.49%,'27.98,'2.29,8.35%,'85.30,'+11.89%,化学制品
'349,002215.诺普信,'11.88,'-0.25%,2.94%,2.48%,'17.60,'2.68,17.44%,'119.72,'+9.05%,农药兽药
'350,603128.华贸物流,'6.33,'-0.16%,4.58%,2.47%,'19.93,'1.36,8.08%,'82.86,'+1.21%,物流行业
'351,603926.铁流股份,'13.12,'+9.97%,1.98%,2.47%,'34.27,'1.79,6.04%,'30.79,'+51.39%,汽车零部件
'352,002406.远东传动,'8.72,'+0.81%,1.73%,2.47%,'73.18,'1.56,3.01%,'63.16,'+37.96%,汽车零部件
'353,601311.骆驼股份,'9.27,'+0.22%,3.13%,2.46%,'17.25,'1.11,7.23%,'108.75,'+15.53%,电池
'354,603309.维力医疗,'14.18,'-1.87%,3.53%,2.46%,'18.33,'2.23,12.88%,'41.53,'+23.37%,医疗器械
'355,601139.深圳燃气,'6.52,'+0.31%,2.45%,2.45%,'13.76,'1.19,9.24%,'187.56,'-5.31%,燃气
'356,300390.天华新能,'20.08,'+0.55%,3.00%,2.44%,'107.54,'1.46,2.93%,'165.90,'-9.88%,能源金属
'357,000039.中集集团,'8.17,'-0.24%,2.15%,2.43%,'11.78,'0.88,6.88%,'188.59,'+7.46%,通用设备
'358,000650.仁和药业,'5.81,'-1.86%,2.53%,2.43%,'24.70,'1.31,7.52%,'82.88,'+3.65%,中药
'359,002833.弘亚数控,'16.85,'+2.56%,4.26%,2.41%,'14.51,'2.35,17.51%,'69.70,'+2.58%,专用设备
'360,600020.中原高速,'4.59,0.00%,3.70%,2.40%,'11.30,'0.66,6.24%,'103.15,'+12.58%,铁路公路
'361,601211.国泰海通,'20.20,'+0.55%,1.78%,2.40%,'26.03,'1.11,9.28%,'2853.04,'+9.80%,证券
'362,601872.招商轮船,'6.25,'+2.12%,4.11%,2.40%,'11.19,'1.24,11.64%,'504.66,'-0.16%,航运港口
'363,603035.常熟汽饰,'13.70,'-0.07%,2.53%,2.40%,'15.82,'1.00,7.89%,'52.06,'-2.32%,汽车零部件
'364,603166.福达股份,'17.52,'+2.82%,1.14%,2.38%,'52.85,'4.60,9.17%,'113.22,'+142.46%,汽车零部件
'365,603327.福蓉科技,'9.84,'+1.65%,1.95%,2.38%,'102.84,'4.54,5.55%,'98.15,'+7.54%,消费电子
'366,002756.永兴材料,'35.57,'+0.17%,2.82%,2.38%,'24.94,'1.52,5.94%,'191.43,'-4.20%,钢铁行业
'367,601811.新华文轩,'15.72,'+1.95%,3.82%,2.36%,'11.54,'1.31,11.29%,'124.49,'+1.86%,文化传媒
'368,002757.南兴股份,'22.15,'-0.32%,2.25%,2.35%,亏损,'3.21,'-1.00%,'65.65,'+44.06%,专用设备
'369,300112.万讯自控,'9.79,'+0.72%,2.07%,2.35%,亏损,'2.65,'-1.00%,'28.21,'+8.66%,仪器仪表
'370,601117.中国化学,'8.02,'+0.25%,2.22%,2.34%,'8.48,'0.77,9.65%,'489.92,'-3.26%,工程建设
'371,601326.秦港股份,'3.27,0.00%,2.60%,2.34%,'12.34,'0.93,8.04%,'155.57,'+0.18%,航运港口
'372,603444.吉比特,'384.78,'+3.88%,2.60%,2.34%,'29.06,'5.35,19.72%,'277.20,'+78.42%,游戏
'373,603579.荣泰健康,'37.07,'-1.96%,1.76%,2.34%,'48.85,'3.17,8.39%,'65.76,'+159.53%,家电行业
'374,002836.新宏泽,'9.85,'-0.51%,2.53%,2.34%,'34.95,'5.88,18.26%,'22.81,'+37.50%,造纸印刷
'375,600740.山西焦化,'4.09,'+1.49%,0.49%,2.33%,'105.32,'0.69,0.83%,'104.79,'+2.05%,煤炭行业
'376,600874.创业环保,'5.93,'-0.50%,2.87%,2.33%,'12.83,'0.94,8.40%,'72.96,'+2.14%,环保行业
'377,601231.环旭电子,'16.32,'+2.97%,1.41%,2.33%,'24.82,'1.96,9.30%,'358.43,'+0.44%,消费电子
'378,603180.金牌家居,'20.75,'-0.38%,3.03%,2.33%,'22.73,'1.12,7.03%,'32.01,'+0.73%,装修建材
'379,603239.浙江仙通,'15.61,'-0.38%,1.35%,2.33%,'23.27,'3.44,15.85%,'42.26,'+17.77%,汽车零部件
'380,000012.南玻Ａ,'4.79,'+0.42%,1.47%,2.33%,亏损,'1.08,'-1.00%,'93.56,'-8.02%,玻璃玻纤
'381,600511.国药股份,'29.88,'-0.57%,2.68%,2.32%,'11.36,'1.28,11.83%,'225.45,'-10.26%,医药商业
'382,000630.铜陵有色,'4.03,'+10.11%,2.73%,2.32%,'17.16,'1.34,8.37%,'468.27,'+28.72%,有色金属
'383,002556.辉隆股份,'5.87,'-0.17%,3.40%,2.32%,'91.04,'1.50,3.75%,'55.66,'+8.88%,化肥行业
'384,600697.欧亚集团,'12.55,'-0.40%,0.80%,2.31%,亏损,'0.87,'-1.00%,'19.97,'-1.53%,商业百货
'385,603767.中马传动,'26.50,'+10.00%,0.75%,2.31%,'300.00,'5.71,1.67%,'81.79,'+127.91%,汽车零部件
'386,001696.宗申动力,'24.24,'+2.11%,0.84%,2.30%,'49.92,'5.22,11.17%,'271.83,'-1.73%,交运设备
'387,600583.海油工程,'5.60,'+0.54%,3.59%,2.29%,'13.13,'0.92,8.55%,'247.60,'+6.32%,采掘行业
'388,601688.华泰证券,'20.38,'+2.41%,2.85%,2.29%,'17.67,'0.94,8.87%,'1489.42,'+15.86%,证券
'389,603898.好莱客,'10.96,'+4.58%,0.71%,2.29%,'78.89,'1.09,2.24%,'34.12,'+17.40%,装修建材
'390,002972.科安达,'13.13,'+1.00%,2.31%,2.29%,'37.60,'2.56,7.42%,'31.98,'+28.09%,交运设备
'391,002516.旷达科技,'5.34,'+1.52%,1.52%,2.28%,'53.30,'2.08,4.78%,'77.37,'+7.16%,汽车零部件
'392,600618.氯碱化工,'10.32,0.00%,2.03%,2.27%,'15.04,'1.34,9.35%,'77.38,'+6.73%,化学原料
'393,601789.宁波建工,'5.40,0.00%,1.85%,2.27%,'21.35,'1.16,6.03%,'58.69,'+23.83%,工程建设
'394,601800.中国交建,'9.21,'-0.11%,3.28%,2.27%,'7.90,'0.47,7.22%,'1092.32,'-8.89%,工程建设
'395,603058.永吉股份,'9.79,'+0.20%,1.17%,2.27%,'34.00,'3.33,13.42%,'41.11,'+12.63%,造纸印刷
'396,603686.福龙马,'17.74,'+2.25%,0.89%,2.27%,'59.15,'2.16,4.24%,'73.70,'+72.48%,环保行业
'397,000529.广弘控股,'6.22,'-0.64%,1.92%,2.27%,'43.29,'1.15,3.85%,'36.55,'+7.52%,食品饮料
'398,000786.北新建材,'26.40,'+1.23%,3.32%,2.27%,'12.29,'1.66,14.46%,'440.62,'-10.17%,装修建材
'399,002158.汉钟精机,'17.35,'+0.35%,3.35%,2.27%,'11.62,'2.14,20.48%,'92.45,'-3.21%,通用设备
'400,600143.金发科技,'13.74,'+7.18%,0.73%,2.26%,'44.70,'1.98,5.55%,'362.27,'+60.58%,塑料制品
'401,600352.浙江龙盛,'10.61,0.00%,4.24%,2.26%,'18.68,'1.00,6.58%,'345.18,'+5.66%,化学制品
'402,000776.广发证券,'19.71,'+0.41%,2.55%,2.26%,'14.75,'1.00,7.49%,'1158.96,'+24.44%,证券
'403,002557.洽洽食品,'22.72,'-0.96%,5.67%,2.25%,'19.04,'2.05,12.08%,'116.04,'-17.40%,食品饮料
'404,600497.驰宏锌锗,'5.67,'+1.25%,2.32%,2.24%,'20.10,'1.71,7.88%,'285.79,'+4.35%,有色金属
'405,601618.中国中冶,'3.03,'+0.33%,1.85%,2.24%,'15.54,'0.44,3.84%,'540.93,'-6.48%,工程建设
'406,603871.嘉友国际,'11.61,'-1.19%,4.31%,2.24%,'13.13,'2.71,22.27%,'158.83,'-13.61%,物流行业
'407,002601.龙佰集团,'17.52,'+0.63%,4.60%,2.24%,'22.72,'1.75,7.94%,'415.45,'+2.17%,化学原料
'408,601555.东吴证券,'9.68,'+1.47%,3.22%,2.23%,'16.65,'1.14,6.99%,'480.97,'+27.73%,证券
'409,603298.杭叉集团,'21.70,'+1.73%,2.30%,2.23%,'13.92,'2.68,21.25%,'284.23,'+24.52%,工程机械
'410,002105.信隆健康,'7.81,'+1.43%,0.39%,2.23%,亏损,'3.25,'-1.00%,'28.34,'+56.51%,交运设备
'411,601318.中国平安,'59.06,'-0.14%,4.32%,2.22%,'9.69,'1.14,12.68%,'6356.43,'+15.43%,保险
'412,000598.兴蓉环境,'7.14,'+0.42%,2.63%,2.22%,'10.54,'1.13,11.41%,'212.19,'-3.50%,公用事业
'413,002790.瑞尔特,'7.76,'+0.78%,3.12%,2.22%,'25.92,'1.50,6.71%,'32.18,'+9.36%,装修建材
'414,002950.奥美医疗,'9.49,'-0.94%,0.63%,2.22%,'18.17,'1.73,10.64%,'60.67,'+9.46%,医疗器械
'415,600236.桂冠电力,'6.38,0.00%,3.21%,2.21%,'19.74,'2.58,12.55%,'502.90,'-4.57%,电力行业
'416,603488.展鹏科技,'9.12,'+0.33%,0.33%,2.21%,亏损,'2.76,'-1.00%,'26.63,'+17.36%,专用设备
'417,002734.利民股份,'21.96,'+0.37%,1.66%,2.21%,'61.66,'3.39,7.05%,'96.50,'+179.52%,农药兽药
'418,002346.柘中股份,'16.37,'+10.01%,3.36%,2.20%,'32.89,'2.29,12.91%,'65.71,'+71.68%,电网设备
'419,603585.苏利股份,'19.48,'+0.41%,0.25%,2.19%,'147.21,'1.46,1.06%,'36.41,'+62.74%,农药兽药
'420,603908.牧高笛,'26.55,'-0.56%,2.45%,2.19%,亏损,'4.16,%,'24.79,'+23.28%,纺织服装
'421,002815.崇达技术,'13.78,'-0.51%,0.87%,2.19%,'54.00,'2.05,3.51%,'149.75,'+36.68%,电子元件
'422,600489.中金黄金,'14.83,'+0.34%,2.62%,2.18%,'17.71,'2.53,13.22%,'718.86,'+26.58%,贵金属
'423,600675.中华企业,'2.96,'+0.68%,0.95%,2.18%,'73.27,'1.21,2.43%,'178.97,'+5.34%,房地产开发
'424,600717.天津港,'4.68,'+0.43%,2.22%,2.18%,'14.42,'0.69,4.99%,'135.44,'-1.68%,航运港口
'425,603995.甬金股份,'17.96,'-0.22%,2.78%,2.18%,'9.92,'1.13,14.20%,'65.66,'+1.20%,钢铁行业
'426,002938.鹏鼎控股,'48.37,'-0.68%,2.05%,2.18%,'32.21,'3.45,11.50%,'1128.89,'+37.02%,电子元件
'427,600835.上海机电,'27.96,'+3.48%,1.50%,2.17%,'39.87,'2.05,6.73%,'225.50,'+57.77%,专用设备
'428,000573.粤宏远Ａ,'4.17,'+0.48%,1.20%,2.17%,亏损,'1.56,4.98%,'26.49,'+41.21%,房地产开发
'429,002108.沧州明珠,'3.67,'+0.55%,2.74%,2.17%,'77.51,'1.18,2.77%,'60.79,'+5.07%,塑料制品
'430,002116.中国海诚,'10.50,'-0.57%,2.93%,2.17%,'16.36,'1.90,13.14%,'49.22,'+8.43%,工程咨询服务
'431,002705.新宝股份,'15.18,'+0.20%,2.97%,2.17%,'11.01,'1.47,13.95%,'123.00,'+4.45%,家电行业
'432,300743.天地数码,'21.36,'+2.05%,2.39%,2.17%,'31.13,'4.77,15.95%,'31.65,'+44.38%,非金属材料
'433,600854.春兰股份,'5.56,'+1.09%,2.16%,2.16%,'21.67,'1.18,5.64%,'28.88,'+24.36%,家电行业
'434,603980.吉华集团,'5.95,'-0.34%,1.18%,2.16%,'182.07,'1.03,1.09%,'40.27,'+38.04%,化学制品
'435,002624.完美世界,'15.91,'+3.38%,1.49%,2.16%,亏损,'4.22,'-1.00%,'298.56,'+56.46%,游戏
'436,600663.陆家嘴,'8.71,'+0.35%,1.72%,2.15%,'25.05,'1.76,7.12%,'342.69,'-10.66%,房地产开发
'437,603195.公牛集团,'47.60,'-0.38%,3.60%,2.15%,'22.78,'5.10,26.74%,'860.89,'-1.95%,家用轻工
'438,002701.奥瑞金,'5.47,'+0.18%,2.20%,2.15%,'20.36,'1.44,12.61%,'139.76,'-1.59%,包装材料
'439,300415.伊之密,'21.70,'+2.17%,2.35%,2.15%,'16.41,'3.21,21.67%,'99.52,'+10.82%,专用设备
'440,300610.晨化股份,'12.35,0.00%,1.62%,2.15%,'49.99,'2.24,7.70%,'26.55,'+25.71%,塑料制品
'441,688358.祥生医疗,'33.40,0.00%,2.99%,2.14%,'30.92,'2.56,9.49%,'37.45,'+41.37%,医疗器械
'442,002001.新和成,'22.26,'+0.14%,3.15%,2.14%,'9.97,'2.23,24.43%,'683.22,'+4.55%,化学制药
'443,002550.千红制药,'11.89,'+4.48%,1.05%,2.13%,'53.17,'5.44,16.21%,'145.64,'+95.01%,化学制药
'444,002603.以岭药业,'16.21,'-0.92%,1.83%,2.13%,亏损,'2.59,'-1.00%,'273.33,'+1.25%,中药
'445,300231.银信科技,'12.69,'+1.20%,0.80%,2.13%,亏损,'3.38,'-1.00%,'55.71,'+2.77%,互联网服务
'446,600248.陕建股份,'3.91,0.00%,3.59%,2.12%,'6.86,'0.46,9.74%,'146.22,'-10.67%,工程建设
'447,600531.豫光金铅,'8.73,'+0.11%,2.58%,2.12%,'12.00,'1.66,16.15%,'95.18,'+39.89%,有色金属
'448,601669.中国电建,'6.33,'-1.40%,2.01%,2.12%,'10.22,'0.66,7.03%,'1090.42,'+18.92%,工程建设
'449,603766.隆鑫通用,'12.71,'+4.87%,3.15%,2.12%,'19.59,'2.69,15.07%,'261.01,'+43.71%,交运设备
'450,603198.迎驾贡酒,'41.16,'+0.10%,3.64%,2.11%,'13.28,'3.09,25.15%,'329.28,'-20.82%,酿酒行业
'451,603688.石英股份,'34.73,'+0.32%,0.55%,2.11%,'138.30,'3.23,3.37%,'188.12,'+21.59%,非金属材料
'452,002064.华峰化学,'7.70,'+4.05%,2.03%,2.11%,'19.47,'1.36,7.76%,'367.23,'-3.84%,化纤行业
'453,000088.盐田港,'4.59,'+0.44%,2.84%,2.10%,'19.42,'1.31,8.85%,'237.62,'-3.06%,航运港口
'454,002539.云图控股,'10.85,'+0.46%,1.85%,2.10%,'16.06,'1.45,9.67%,'130.43,'+41.97%,化肥行业
'455,600390.五矿资本,'6.06,'-0.33%,0.63%,2.09%,'99.26,'0.52,0.49%,'272.58,'-6.05%,多元金融
'456,600668.尖峰集团,'12.36,'+0.32%,0.67%,2.09%,'300.00,'0.89,12.70%,'51.03,'+47.11%,水泥建材
'457,603100.川仪股份,'20.59,'+0.78%,2.79%,2.09%,'17.31,'2.39,17.41%,'105.67,'-1.79%,仪器仪表
'458,603367.辰欣药业,'32.49,'+8.16%,1.35%,2.09%,'37.01,'2.41,8.17%,'147.10,'+140.15%,化学制药
'459,603877.太平鸟,'14.70,'+0.75%,2.74%,2.09%,'68.77,'1.50,4.80%,'69.25,'+1.86%,纺织服装
'460,000967.盈峰环境,'6.99,'+0.43%,2.72%,2.09%,'45.22,'1.25,2.96%,'220.42,'+44.44%,环保行业
'461,002597.金禾实业,'22.87,0.00%,3.63%,2.09%,'22.68,'1.66,8.87%,'129.97,'+3.44%,食品饮料
'462,300259.新天科技,'3.78,'+0.80%,1.87%,2.09%,'29.89,'1.49,7.01%,'43.87,'+9.50%,仪器仪表
'463,300823.建科智能,'16.62,'+0.06%,1.96%,2.09%,'110.21,'2.26,3.15%,'21.76,'+30.80%,专用设备
'464,000537.中绿电,'8.72,'+0.58%,2.31%,2.08%,'18.09,'0.90,5.89%,'179.17,'-2.04%,电力行业
'465,000725.京东方Ａ,'4.06,'+0.49%,1.24%,2.08%,'32.91,'1.14,4.53%,'1483.53,'-6.34%,光学光电子
'466,002328.新朋股份,'6.14,'-0.33%,2.31%,2.08%,'40.87,'1.43,4.40%,'47.54,'+2.26%,汽车零部件
'467,002415.海康威视,'29.28,'-0.17%,2.39%,2.08%,'22.45,'3.45,16.51%,'2708.10,'-2.26%,计算机设备
'468,000423.东阿阿胶,'51.30,'-0.68%,4.68%,2.07%,'21.75,'3.10,14.99%,'332.61,'-16.29%,中药
'469,002133.广宇集团,'3.31,'-0.30%,1.51%,2.07%,亏损,'0.89,'-1.00%,'25.70,'+29.80%,房地产开发
'470,300127.银河磁体,'29.03,'+0.45%,1.21%,2.07%,'65.16,'6.27,9.90%,'93.39,'+19.68%,小金属
'471,600909.华安证券,'6.13,'+0.49%,1.63%,2.06%,'16.68,'1.26,7.82%,'286.79,'+2.88%,证券
'472,603269.海鸥股份,'10.41,'+0.58%,2.06%,2.06%,'33.16,'2.99,9.79%,'32.14,'+39.20%,通用设备
'473,000791.甘肃能源,'6.66,'+0.30%,2.71%,2.06%,'18.74,'1.53,18.17%,'215.39,'+13.63%,电力行业
'474,000975.山金国际,'18.79,'+1.40%,1.97%,2.06%,'21.29,'3.76,18.36%,'514.53,'+24.56%,贵金属
'475,002056.横店东磁,'15.82,'+0.32%,2.87%,2.06%,'14.30,'2.44,19.96%,'256.53,'+26.19%,光伏设备
'476,002332.仙琚制药,'10.46,'-0.67%,2.85%,2.06%,'19.01,'1.73,6.53%,'104.16,'+8.70%,化学制药
'477,000411.英特集团,'11.20,'-1.50%,3.37%,2.05%,'11.75,'1.25,11.41%,'59.34,'+8.92%,医药商业
'478,002749.国光股份,'15.49,'-0.26%,5.82%,2.05%,'19.45,'3.54,20.05%,'72.43,'+13.56%,农药兽药
'479,300787.海能实业,'14.91,'-1.78%,1.10%,2.05%,'56.34,'2.87,5.34%,'47.58,'+35.20%,消费电子
'480,601116.三江购物,'10.76,'-5.61%,1.86%,2.04%,'50.38,'1.80,4.95%,'58.93,'+0.73%,商业百货
'481,603506.南都物业,'13.57,'+0.37%,2.58%,2.04%,'62.25,'2.27,2.67%,'25.48,'+59.46%,房地产服务
'482,002921.联诚精密,'18.50,'+4.11%,0.51%,2.04%,亏损,'2.22,'-1.00%,'25.74,'+69.10%,汽车零部件
'483,002142.宁波银行,'28.92,'+1.51%,3.16%,2.03%,'6.80,'0.80,12.37%,'1881.36,'+22.93%,银行
'484,000951.中国重汽,'18.29,'+0.44%,3.82%,2.02%,'15.78,'1.37,9.90%,'213.94,'+10.22%,汽车整车
'485,002361.神剑股份,'7.29,'-0.14%,0.68%,2.02%,'164.97,'3.10,1.69%,'69.43,'+34.82%,塑料制品
'486,601016.节能风电,'3.01,'-0.33%,2.46%,2.01%,'15.55,'1.08,7.33%,'194.85,'-2.64%,电力行业
'487,601952.苏垦农发,'9.66,'-1.33%,2.80%,2.01%,'21.29,'1.92,9.97%,'133.11,'+0.77%,农牧饲渔
'488,603811.诚意药业,'15.60,'+5.41%,1.60%,2.01%,'36.14,'3.93,16.95%,'51.06,'+107.43%,化学制药
'489,600845.宝信软件,'25.18,'+1.33%,2.38%,2.00%,'35.71,'6.03,17.67%,'543.88,'-11.89%,互联网服务
'490,601330.绿色动力,'7.16,'+0.28%,4.19%,2.00%,'15.97,'1.21,7.79%,'70.82,'+12.19%,环保行业
'491,601607.上海医药,'19.12,'-0.57%,1.93%,2.00%,'17.93,'0.97,6.07%,'533.31,'-7.55%,医药商业
'492,603227.雪峰科技,'8.46,'+0.71%,2.36%,2.00%,'15.37,'1.82,12.68%,'90.67,'-0.41%,化学制品
'493,002034.旺能环境,'17.26,'+0.41%,2.90%,2.00%,'12.50,'1.08,8.62%,'74.60,'+13.28%,环保行业
'494,002062.宏润建设,'5.33,'-0.74%,1.86%,2.00%,'26.94,'1.32,5.39%,'66.44,'+6.53%,工程建设
'495,300388.节能国祯,'7.29,'+0.14%,1.79%,1.99%,'13.83,'1.09,8.15%,'49.58,'-1.61%,环保行业
'496,600051.宁波联合,'7.73,0.00%,1.55%,1.98%,'39.30,'0.71,2.62%,'24.03,'+20.16%,综合行业
'497,002171.楚江新材,'9.31,'+1.97%,0.66%,1.98%,'54.47,'1.82,3.63%,'140.12,'+13.54%,有色金属
'498,603043.广州酒家,'15.97,'-0.19%,3.01%,1.97%,'21.02,'2.31,12.38%,'90.83,'-1.04%,食品饮料
'499,603833.欧派家居,'53.35,'+0.13%,4.65%,1.97%,'13.32,'1.68,14.28%,'324.98,'-19.30%,装修建材
'500,000858.五粮液,'122.16,'+0.17%,4.71%,1.97%,'14.54,'3.20,22.39%,'4733.62,'-8.71%,酿酒行业
'501,000923.河钢资源,'14.19,'+0.28%,3.53%,1.97%,'20.58,'0.93,4.62%,'92.36,'+5.93%,钢铁行业
'502,002521.齐峰新材,'9.00,'+0.45%,3.35%,1.97%,'83.69,'1.24,2.02%,'50.18,'-7.24%,造纸印刷
'503,600426.华鲁恒升,'23.68,'+0.42%,2.53%,1.95%,'14.35,'1.58,11.49%,'502.78,'+11.11%,化学原料
'504,000541.佛山照明,'6.50,'+0.15%,1.85%,1.95%,'120.63,'1.50,6.56%,'79.96,'+6.78%,家电行业
'505,002508.老板电器,'19.45,'+0.05%,5.14%,1.95%,'12.97,'1.59,13.53%,'183.70,'-6.86%,家电行业
'506,002573.清新环境,'4.05,'-0.49%,2.47%,1.95%,亏损,'0.98,'-1.00%,'57.97,'+1.76%,环保行业
'507,600031.三一重工,'20.02,'+1.93%,1.80%,1.94%,'26.55,'2.27,9.51%,'1696.57,'+23.92%,工程机械
'508,600875.东方电气,'19.98,0.00%,2.16%,1.94%,'34.16,'1.69,8.12%,'609.46,'+25.74%,电源设备
'509,601619.嘉泽新能,'3.81,'+0.79%,2.89%,1.94%,'13.51,'1.33,9.83%,'92.75,'+18.05%,电力行业
'510,603217.元利科技,'18.67,'-0.21%,1.87%,1.94%,'20.11,'1.17,6.07%,'38.85,'+16.89%,化学制品
'511,603970.中农立华,'14.39,'-0.42%,3.13%,1.94%,'20.28,'2.46,13.06%,'38.68,'+4.51%,农药兽药
'512,300360.炬华科技,'16.03,'+0.25%,3.75%,1.94%,'12.58,'1.99,18.52%,'82.22,'-1.93%,电网设备
'513,600332.白云山,'26.71,'-0.85%,3.00%,1.93%,'19.76,'1.15,7.24%,'375.51,'-4.57%,中药
'514,002746.仙坛股份,'6.28,'-0.32%,3.97%,1.93%,'23.97,'1.17,5.36%,'54.21,'+3.38%,农牧饲渔
'515,600814.杭州解百,'7.66,'-1.03%,1.79%,1.92%,'27.96,'1.51,5.76%,'56.31,'-5.94%,商业百货
'516,601137.博威合金,'18.89,'+1.78%,2.65%,1.92%,'11.11,'1.75,17.54%,'153.29,'-4.21%,有色金属
'517,605168.三人行,'33.87,'-0.38%,2.13%,1.92%,'34.83,'2.59,5.17%,'71.40,'-3.15%,文化传媒
'518,000910.大亚圣象,'7.91,'+0.51%,2.41%,1.92%,'57.67,'0.64,1.58%,'43.08,'+3.08%,装修建材
'519,600748.上实发展,'3.68,'-1.08%,0.57%,1.91%,亏损,'0.62,'-1.00%,'67.88,'+2.22%,房地产开发
'520,688196.卓越新能,'45.01,'+0.13%,1.11%,1.91%,'32.26,'1.89,6.52%,'54.01,'+35.49%,化学制品
'521,000582.北部湾港,'8.25,'+0.36%,2.33%,1.91%,'22.10,'1.09,6.43%,'194.78,'+5.26%,航运港口
'522,002483.润邦股份,'7.03,'+3.23%,4.41%,1.91%,'13.14,'1.35,11.57%,'60.37,'+41.71%,专用设备
'523,600848.上海临港,'9.15,'-0.22%,2.19%,1.90%,'24.97,'1.21,5.62%,'219.04,'-7.53%,房地产开发
'524,603010.万盛股份,'10.19,'-0.39%,0.79%,1.90%,'98.17,'1.65,1.76%,'60.08,'+0.02%,化学制品
'525,000617.中油资本,'8.46,'-0.35%,1.38%,1.90%,'28.07,'1.05,4.11%,'1073.31,'+24.86%,多元金融
'526,002283.天润工业,'6.48,'+1.25%,3.13%,1.90%,'23.76,'1.19,5.53%,'72.93,'+25.55%,汽车零部件
'527,300396.迪瑞医疗,'14.82,'-1.20%,1.73%,1.90%,'144.44,'1.98,1.69%,'40.91,'-7.53%,医疗器械
'528,600535.天士力,'16.41,'-0.79%,3.23%,1.89%,'25.06,'2.06,7.93%,'245.16,'+15.02%,中药
'529,600063.皖维高新,'5.21,'-0.95%,1.15%,1.88%,'27.75,'1.30,5.34%,'109.65,'+32.06%,化纤行业
'530,603187.海容冷链,'12.91,'+4.87%,3.87%,1.88%,'15.46,'1.18,8.26%,'49.89,'+20.55%,通用设备
'531,688128.中国电研,'27.58,'+4.11%,1.81%,1.88%,'24.29,'3.32,16.48%,'111.56,'+34.09%,专用设备
'532,002300.太阳电缆,'6.58,'-0.30%,1.67%,1.88%,'78.93,'2.50,4.37%,'47.67,'+25.21%,电网设备
'533,300303.聚飞光电,'6.41,'+0.31%,2.02%,1.88%,'36.39,'2.39,9.76%,'90.46,'-3.97%,光学光电子
'534,300739.明阳电路,'15.87,'+0.63%,0.82%,1.88%,'300.00,'2.27,0.67%,'54.85,'+5.86%,电子元件
'535,300770.新媒股份,'41.41,'-0.24%,6.91%,1.88%,'13.96,'2.54,17.71%,'95.11,'+4.39%,文化传媒
'536,600826.兰生股份,'10.95,'-0.73%,2.56%,1.87%,'35.58,'1.95,7.25%,'80.54,'+31.01%,贸易行业
'537,603937.丽岛新材,'10.52,'+0.48%,0.92%,1.87%,亏损,'1.39,'-1.00%,'21.97,'+16.11%,有色金属
'538,000531.穗恒运Ａ,'6.49,'-0.92%,1.22%,1.87%,'33.12,'1.02,3.50%,'68.21,'+14.18%,电力行业
'539,000623.吉林敖东,'19.17,'-0.52%,2.59%,1.87%,'12.92,'0.78,6.64%,'230.45,'+12.93%,化学制药
'540,603289.泰瑞机器,'10.15,'+0.30%,1.48%,1.86%,'44.99,'2.05,5.24%,'29.78,'+25.05%,专用设备
'541,600216.浙江医药,'15.77,'-0.57%,2.35%,1.85%,'10.41,'1.37,14.03%,'151.65,'+1.85%,化学制药
'542,603012.创力集团,'6.05,'+1.85%,1.65%,1.85%,'19.52,'1.03,5.11%,'39.35,'+16.00%,专用设备
'543,603637.镇海股份,'11.54,'-0.35%,1.73%,1.85%,'35.94,'2.67,9.46%,'27.54,'+41.33%,工程建设
'544,000568.泸州老窖,'127.58,'+0.45%,1.07%,1.84%,'13.91,'3.73,27.99%,'1869.53,'+3.10%,酿酒行业
'545,300628.亿联网络,'34.05,'+0.09%,5.57%,1.84%,'17.61,'4.53,29.02%,'430.85,'-8.46%,通信设备
'546,600017.日照港,'3.23,'+0.62%,2.66%,1.83%,'16.39,'0.71,4.54%,'99.34,'+3.73%,航运港口
'547,000999.华润三九,'31.87,'-0.90%,3.16%,1.83%,'17.85,'2.54,15.77%,'536.94,'-5.86%,中药
'548,600649.城投控股,'4.41,'-0.23%,0.91%,1.82%,'84.88,'0.53,1.30%,'111.55,'-0.03%,房地产开发
'549,000028.国药一致,'25.67,'-0.50%,1.42%,1.81%,'27.15,'0.80,3.25%,'125.19,'-10.93%,医药商业
'550,002270.华明装备,'18.35,'+2.63%,3.05%,1.81%,'26.12,'4.79,19.30%,'160.25,'+10.46%,电网设备
'551,002942.新农股份,'18.56,'-0.05%,1.62%,1.81%,'58.37,'2.39,5.89%,'28.94,'+33.66%,农药兽药
'552,300452.山河药辅,'14.05,'-1.40%,2.11%,1.81%,'32.26,'3.51,12.65%,'33.41,'+18.96%,化学制药
'553,600030.中信证券,'29.16,'-0.07%,2.45%,1.80%,'18.71,'1.43,7.99%,'3557.66,'-0.03%,证券
'554,603927.中科软,'20.32,'+1.30%,1.67%,1.79%,'55.34,'5.15,9.53%,'168.87,'-4.67%,软件开发
'555,000885.城发环境,'14.12,'-0.28%,2.51%,1.79%,'7.92,'1.04,14.46%,'90.92,'+10.61%,环保行业
'556,300019.硅宝科技,'21.67,'+2.02%,1.41%,1.79%,'34.10,'3.17,10.49%,'83.50,'+50.46%,化学制品
'557,603776.永安行,'21.85,'+0.46%,1.14%,1.78%,亏损,'1.69,'-1.00%,'52.70,'+70.94%,专业服务
'558,603808.歌力思,'8.52,'+0.83%,0.59%,1.78%,亏损,'1.24,'-1.00%,'31.45,'+22.63%,纺织服装
'559,300815.玉禾田,'21.76,'+5.38%,1.82%,1.78%,'14.31,'1.92,14.61%,'82.31,'+41.96%,环保行业
'560,601985.中国核电,'9.18,'+0.11%,1.94%,1.77%,'21.81,'1.66,8.53%,'1888.14,'-10.45%,电力行业
'561,603016.新宏泰,'27.35,'+1.07%,1.73%,1.77%,'62.88,'4.70,8.11%,'40.52,'-25.48%,电网设备
'562,603993.洛阳钼业,'9.51,'+1.39%,2.70%,1.77%,'13.60,'2.72,22.55%,'1660.53,'+47.60%,小金属
'563,300828.锐新科技,'18.09,'+0.39%,1.67%,1.77%,'58.37,'3.93,6.90%,'29.99,'+9.75%,有色金属
'564,601877.正泰电器,'22.90,'-0.13%,2.62%,1.76%,'13.18,'1.14,9.46%,'492.11,'+0.48%,电网设备
'565,603566.普莱柯,'14.95,'-0.33%,2.68%,1.76%,'50.30,'1.93,4.38%,'51.74,'+20.31%,农药兽药
'566,300009.安科生物,'11.09,'-3.82%,2.17%,1.76%,'30.18,'4.72,17.34%,'192.84,'+32.22%,生物制品
'567,300771.智莱科技,'13.19,'+0.30%,1.14%,1.76%,'300.00,'1.62,1.93%,'31.56,'+27.20%,计算机设备
'568,600097.开创国际,'11.10,'-0.63%,0.72%,1.75%,'40.75,'1.18,2.95%,'26.74,'+10.33%,农牧饲渔
'569,000417.合百集团,'5.61,'-0.18%,1.96%,1.75%,'40.80,'0.92,3.39%,'43.83,'-10.36%,商业百货
'570,000902.新洋丰,'14.62,'+1.53%,2.08%,1.75%,'12.80,'1.63,14.13%,'180.68,'+14.65%,化肥行业
'571,002287.奇正藏药,'29.00,'-9.97%,1.84%,1.75%,'39.76,'4.30,14.30%,'172.96,'+39.28%,中药
'572,600062.华润双鹤,'20.33,'-0.93%,2.32%,1.74%,'13.89,'1.93,15.32%,'211.18,'+4.73%,化学制药
'573,688036.传音控股,'85.61,'+1.30%,3.50%,1.74%,'27.65,'4.70,21.72%,'976.25,'-8.01%,消费电子
'574,002536.飞龙股份,'19.59,'+9.99%,2.25%,1.74%,'26.06,'3.03,10.77%,'102.37,'+72.78%,汽车零部件
'575,002956.西麦食品,'21.19,'-0.05%,1.97%,1.74%,'38.75,'3.02,9.32%,'47.33,'+29.33%,食品饮料
'576,300791.仙乐健康,'23.45,'-1.68%,2.10%,1.74%,'22.36,'2.83,13.21%,'73.30,'+18.18%,食品饮料
'577,600351.亚宝药业,'7.75,'-3.25%,3.87%,1.73%,'25.53,'1.84,8.11%,'54.25,'+33.58%,中药
'578,601319.中国人保,'8.44,'+0.48%,0.75%,1.73%,'7.97,'1.34,17.81%,'2996.01,'+11.79%,保险
'579,002422.科伦药业,'37.57,'+0.05%,2.03%,1.73%,'24.25,'2.60,11.00%,'600.07,'+27.15%,化学制药
'580,300021.大禹节水,'5.45,'-2.68%,0.99%,1.73%,'297.46,'2.63,3.94%,'54.19,'+35.69%,农牧饲渔
'581,300453.三鑫医疗,'8.78,'-1.90%,3.35%,1.73%,'21.89,'3.38,17.23%,'46.75,'+20.66%,医疗器械
'582,600958.东方证券,'11.45,'+0.35%,1.53%,1.72%,'25.23,'1.18,4.79%,'855.26,'+9.53%,证券
'583,603658.安图生物,'40.12,'-0.67%,3.14%,1.72%,'22.01,'2.58,12.91%,'229.26,'-5.02%,医疗器械
'584,002923.润都股份,'14.13,'-3.94%,1.02%,1.72%,亏损,'4.27,1.07%,'49.26,'+49.88%,化学制药
'585,600219.南山铝业,'4.05,'+0.75%,4.21%,1.71%,'8.15,'0.91,11.42%,'470.35,'+6.16%,有色金属
'586,600309.万华化学,'61.08,'+0.15%,2.05%,1.71%,'15.58,'1.94,12.54%,'1912.09,'-13.25%,化学制品
'587,603339.四方科技,'13.14,'-0.23%,1.80%,1.71%,'18.82,'1.55,9.12%,'40.66,'+6.01%,通用设备
'588,603916.苏博特,'11.23,'-0.44%,0.89%,1.71%,'58.67,'1.13,2.32%,'48.58,'+52.18%,化学制品
'589,000498.山东路桥,'5.88,'-0.34%,3.39%,1.71%,'4.24,'0.38,9.86%,'91.59,'+1.70%,工程建设
'590,002106.莱宝高科,'10.71,'+0.19%,0.94%,1.71%,'23.03,'1.37,6.14%,'75.45,'-0.85%,光学光电子
'591,002649.博彦科技,'14.89,'+1.78%,1.17%,1.71%,'57.86,'2.03,4.28%,'85.64,'+24.46%,互联网服务
'592,002698.博实股份,'17.17,'+1.84%,1.48%,1.71%,'32.09,'4.36,15.10%,'172.40,'+2.70%,专用设备
'593,300532.今天国际,'12.85,'+0.94%,3.47%,1.71%,'25.30,'3.28,14.17%,'57.71,'+13.43%,互联网服务
'594,600233.圆通速递,'15.85,'+1.93%,2.29%,1.70%,'14.45,'1.67,12.61%,'542.11,'+14.84%,物流行业
'595,600422.昆药集团,'14.61,'-0.95%,2.05%,1.70%,'29.23,'2.07,11.52%,'110.59,'-5.92%,中药
'596,603328.依顿电子,'10.42,'+1.17%,1.90%,1.70%,'24.07,'2.51,11.17%,'104.04,'+7.69%,电子元件
'597,002588.史丹利,'9.22,'-0.11%,2.82%,1.70%,'13.77,'1.49,13.00%,'106.32,'+28.64%,化肥行业
'598,300119.瑞普生物,'21.57,'-0.14%,1.39%,1.70%,'33.75,'2.20,7.20%,'100.39,'+18.72%,农药兽药
'599,600400.红豆股份,'2.22,'+0.91%,0.45%,1.69%,亏损,'2.02,'-1.00%,'50.87,'-10.84%,纺织服装
'600,000869.张裕Ａ,'21.68,'-0.41%,1.84%,1.69%,'112.67,'1.36,2.81%,'100.10,'-4.70%,酿酒行业
'601,600356.恒丰纸业,'9.13,'+0.33%,1.31%,1.68%,'21.73,'1.05,4.75%,'27.27,'+21.42%,造纸印刷
'602,000728.国元证券,'8.63,'+0.12%,1.86%,1.68%,'15.63,'1.01,6.69%,'376.16,'+5.33%,证券
'603,002010.传化智联,'6.09,'+1.16%,1.66%,1.68%,'87.63,'0.94,1.01%,'167.84,'+36.86%,物流行业
'604,002820.桂发祥,'11.15,'-0.09%,1.34%,1.68%,'177.24,'2.42,1.60%,'22.42,'-9.04%,食品饮料
'605,002825.纳尔股份,'10.62,'+1.05%,1.33%,1.68%,'27.61,'2.25,11.60%,'35.90,'+37.35%,塑料制品
'606,002236.大华股份,'16.62,'+0.73%,3.90%,1.67%,'23.08,'1.48,8.32%,'542.31,'+6.92%,计算机设备
'607,002753.永东股份,'7.42,'+0.27%,2.03%,1.67%,'26.03,'1.18,4.68%,'27.80,'+20.98%,橡胶制品
'608,300481.濮阳惠成,'15.38,'+0.39%,2.63%,1.67%,'27.30,'1.83,6.98%,'44.71,'+5.32%,电子化学品
'609,603848.好太太,'17.82,'-0.83%,1.12%,1.66%,'32.56,'2.90,9.37%,'71.71,'+9.68%,家用轻工
'610,002448.中原内配,'9.33,'+1.30%,1.41%,1.66%,'24.67,'1.51,6.43%,'54.19,'+51.38%,汽车零部件
'611,002918.蒙娜丽莎,'9.13,'-0.33%,2.18%,1.66%,'142.95,'1.16,1.66%,'38.03,'-11.47%,装修建材
'612,601615.明阳智能,'11.01,'-0.81%,2.76%,1.65%,'145.84,'0.94,1.28%,'250.09,'-10.42%,风电设备
'613,603233.大参林,'17.63,'-0.96%,3.52%,1.65%,'21.28,'2.73,13.33%,'200.78,'+19.39%,医药商业
'614,002078.太阳纸业,'14.40,'+1.12%,2.11%,1.65%,'12.57,'1.35,10.72%,'397.94,'-0.97%,造纸印刷
'615,601678.滨化股份,'4.46,'+1.13%,0.90%,1.64%,'35.70,'0.80,2.50%,'91.73,'+19.77%,化学原料
'616,300616.尚品宅配,'13.91,0.00%,6.47%,1.64%,亏损,'0.93,'-1.00%,'31.23,'+21.05%,装修建材
'617,600549.厦门钨业,'23.13,'+1.45%,1.82%,1.63%,'23.16,'2.25,12.11%,'367.21,'+22.45%,小金属
'618,002430.杭氧股份,'22.37,'+0.09%,1.35%,1.63%,'24.63,'2.30,10.12%,'218.66,'+4.15%,专用设备
'619,600386.北巴传媒,'4.73,0.00%,0.42%,1.62%,'148.46,'2.17,1.09%,'38.14,'+5.82%,汽车服务
'620,603109.神驰机电,'35.77,'-1.32%,0.84%,1.62%,'32.69,'3.75,12.86%,'74.71,'+103.82%,通用设备
'621,603383.顶点软件,'41.77,'+0.43%,1.92%,1.62%,'46.66,'5.73,13.23%,'85.79,'+13.15%,软件开发
'622,603733.仙鹤股份,'23.65,'+5.96%,2.11%,1.62%,'18.14,'2.00,12.20%,'166.96,'+17.43%,造纸印刷
'623,002111.威海广泰,'11.01,'+0.82%,1.37%,1.62%,'92.83,'1.84,2.13%,'58.10,'+0.84%,专用设备
'624,002559.亚威股份,'10.12,'+1.30%,0.75%,1.62%,'122.61,'3.15,3.93%,'54.92,'+13.70%,通用设备
'625,603238.诺邦股份,'17.80,'+2.89%,1.69%,1.61%,'32.05,'2.21,7.49%,'31.60,'+39.91%,美容护理
'626,688310.迈得医疗,'17.99,'+1.93%,1.97%,1.61%,亏损,'3.81,'-1.00%,'29.90,'+66.57%,专用设备
'627,600113.浙江东日,'30.22,'-0.92%,0.40%,1.60%,'110.08,'5.23,5.77%,'127.28,'+119.02%,综合行业
'628,600933.爱柯迪,'18.68,'-1.16%,1.61%,1.60%,'20.59,'2.16,11.86%,'184.02,'+16.79%,汽车零部件
'629,603036.如通股份,'17.35,'+3.83%,1.15%,1.60%,'40.30,'2.65,7.84%,'35.74,'+3.87%,专用设备
'630,603677.奇精机械,'20.49,'+1.49%,1.22%,1.60%,'68.16,'3.36,5.28%,'39.46,'+53.95%,家电行业
'631,603823.百合花,'12.89,'-0.23%,1.16%,1.60%,'32.27,'2.23,7.80%,'53.67,'+40.39%,化学制品
'632,002152.广电运通,'13.28,'+0.15%,1.51%,1.60%,'44.74,'2.58,7.28%,'329.30,'+15.82%,计算机设备
'633,002922.伊戈尔,'17.41,'-0.23%,1.71%,1.60%,'30.60,'2.11,8.72%,'68.67,'-0.49%,电子元件
'634,300729.乐歌股份,'14.69,'+0.48%,2.05%,1.60%,'27.01,'1.35,9.04%,'49.94,'-5.70%,家用轻工
'635,601881.中国银河,'17.42,'-0.29%,1.61%,1.59%,'16.73,'1.34,8.30%,'1261.80,'+15.68%,证券
'636,603369.今世缘,'39.45,'-0.33%,3.04%,1.59%,'14.08,'2.88,22.08%,'491.86,'-10.32%,酿酒行业
'637,002271.东方雨虹,'12.55,'+0.56%,12.32%,1.59%,亏损,'1.31,'-1.00%,'298.11,'+3.72%,装修建材
'638,002282.博深股份,'7.79,0.00%,2.57%,1.59%,'22.29,'1.13,5.41%,'41.04,'+8.16%,通用设备
'639,300697.电工合金,'14.58,'+2.39%,0.97%,1.59%,'45.37,'5.18,11.94%,'61.61,'+52.08%,有色金属
'640,600211.西藏药业,'42.12,'-4.01%,4.65%,1.58%,'15.48,'3.31,25.97%,'135.76,'+17.14%,生物制品
'641,601858.中国科传,'20.03,'+0.30%,1.37%,1.58%,'35.59,'2.92,8.24%,'158.34,'-0.38%,文化传媒
'642,300653.正海生物,'21.62,'-1.77%,2.09%,1.58%,'50.91,'4.64,11.00%,'39.62,'+3.86%,医疗器械
'643,002457.青龙管业,'12.09,'-0.98%,1.72%,1.57%,'16.61,'1.65,11.18%,'40.72,'+5.30%,装修建材
'644,002643.万润股份,'12.65,'+0.72%,0.80%,1.57%,'61.64,'1.65,3.21%,'116.80,'+6.37%,电子化学品
'645,300529.健帆生物,'23.33,'-0.85%,3.40%,1.57%,'27.16,'5.32,21.42%,'187.91,'-17.62%,医疗器械
'646,603025.大豪科技,'14.29,'+1.20%,2.43%,1.56%,'25.95,'6.24,24.85%,'159.57,'-3.76%,专用设备
'647,603321.梅轮电梯,'8.97,'-0.44%,1.96%,1.56%,'57.02,'2.54,5.33%,'31.31,'+31.67%,专用设备
'648,000919.金陵药业,'7.12,'-2.87%,1.36%,1.56%,'163.64,'1.20,0.52%,'45.72,'+9.79%,中药
'649,300017.网宿科技,'11.32,'+2.07%,2.25%,1.56%,'47.45,'2.68,7.30%,'271.23,'+9.55%,互联网服务
'650,600528.中铁工业,'9.00,'+0.45%,1.13%,1.55%,'13.35,'0.74,6.16%,'199.94,'+11.66%,交运设备
'651,603867.新化股份,'26.95,'+4.30%,1.67%,1.55%,'23.87,'2.08,9.43%,'51.95,'+12.53%,化学制品
'652,603988.中电电机,'24.06,'+0.17%,0.17%,1.55%,'219.50,'8.76,1.89%,'56.59,'-1.33%,电机
'653,002831.裕同科技,'23.88,'+0.13%,3.92%,1.55%,'14.63,'1.89,12.45%,'221.93,'-9.73%,造纸印刷
'654,002960.青鸟消防,'10.58,'-0.09%,1.57%,1.54%,'27.85,'1.49,5.57%,'92.06,'+10.67%,专用设备
'655,300433.蓝思科技,'23.24,'+1.57%,1.75%,1.54%,'35.26,'2.46,7.82%,'1140.06,'+8.07%,消费电子
'656,603727.博迈科,'14.22,'+0.42%,1.76%,1.53%,'119.32,'1.27,1.56%,'40.06,'+26.10%,采掘行业
'657,000059.华锦股份,'5.34,'+0.38%,0.34%,1.53%,亏损,'0.76,'-1.00%,'85.09,'+11.85%,石油行业
'658,002202.金风科技,'9.77,'-0.10%,1.02%,1.53%,'20.63,'1.06,5.44%,'337.56,'-5.42%,风电设备
'659,002302.西部建设,'6.39,0.00%,1.96%,1.53%,亏损,'0.87,'-1.00%,'80.66,'-0.78%,水泥建材
'660,002962.五方光电,'15.37,'+0.59%,1.31%,1.53%,'94.00,'2.43,2.98%,'44.57,'-10.38%,光学光电子
'661,002830.名雕股份,'17.48,'+5.94%,1.52%,1.52%,'55.86,'3.27,5.90%,'22.00,'+42.37%,装修装饰
'662,300384.三联虹普,'19.58,'+0.26%,2.58%,1.52%,'19.58,'2.33,12.14%,'62.30,'+6.47%,专业服务
'663,688015.交控科技,'22.46,'+0.40%,1.02%,1.51%,'80.37,'1.65,3.50%,'42.38,'+14.57%,交运设备
'664,000421.南京公用,'6.72,'-0.15%,0.89%,1.51%,'50.56,'1.41,2.69%,'38.66,'+4.73%,燃气
'665,002879.长缆科技,'16.03,'+0.75%,1.26%,1.51%,'51.39,'1.78,3.57%,'30.72,'+7.97%,电网设备
'666,600120.浙江东方,'6.16,'-0.48%,1.36%,1.50%,'57.51,'1.33,6.78%,'210.39,'+34.09%,多元金融
'667,603055.台华新材,'9.88,'+1.75%,2.53%,1.50%,'15.56,'1.70,15.14%,'87.96,'-8.45%,纺织服装
'668,002393.力生制药,'23.92,'-0.99%,1.45%,1.50%,'63.90,'1.30,3.70%,'62.26,'+38.54%,化学制药
'669,002882.金龙羽,'32.20,'+0.06%,0.93%,1.50%,'105.27,'6.40,6.55%,'139.31,'+102.69%,电网设备
'670,300664.鹏鹞环保,'5.49,'-0.18%,2.01%,1.50%,'47.20,'0.96,4.53%,'41.59,'-5.81%,环保行业
'671,300690.双一科技,'27.30,'+4.28%,0.80%,1.50%,'42.81,'2.88,7.74%,'43.29,'+21.82%,风电设备
'672,688588.凌志软件,'15.57,'+1.76%,1.28%,1.49%,'37.22,'4.73,15.82%,'62.28,'+14.30%,软件开发
'673,000338.潍柴动力,'15.24,'-0.13%,4.72%,1.49%,'12.47,'1.49,13.36%,'1033.50,'+13.69%,汽车零部件
'674,300403.汉宇集团,'16.02,'+4.23%,1.17%,1.49%,'39.11,'4.50,11.48%,'92.68,'+61.54%,家电行业
'675,603218.日月股份,'12.45,0.00%,2.81%,1.48%,'34.85,'1.25,6.53%,'128.29,'+6.23%,风电设备
'676,601628.中国人寿,'41.52,'+0.65%,1.57%,1.47%,'10.18,'2.20,22.73%,'8645.93,'+0.17%,保险
'677,603380.易德龙,'33.38,'+0.82%,3.00%,1.47%,'27.88,'3.46,13.29%,'53.56,'+39.26%,消费电子
'678,002351.漫步者,'13.55,'+2.11%,1.88%,1.47%,'28.15,'4.08,15.96%,'117.98,'-16.28%,消费电子
'679,002534.西子洁能,'13.22,'+0.61%,1.52%,1.47%,'55.20,'2.28,5.64%,'97.15,'+21.07%,电源设备
'680,002585.双星新材,'5.81,'-0.85%,0.51%,1.47%,亏损,'0.76,'-1.00%,'67.24,'+9.45%,塑料制品
'681,002968.新大正,'11.02,'+0.18%,2.59%,1.47%,'24.62,'2.01,8.79%,'24.89,'+23.10%,房地产服务
'682,600406.国电南瑞,'21.96,'+0.18%,2.60%,1.46%,'23.68,'3.52,15.75%,'1763.85,'-11.23%,电网设备
'683,600979.广安爱众,'5.01,'+0.40%,1.14%,1.46%,'34.80,'1.38,5.06%,'63.21,'+9.71%,电力行业
'684,601880.辽港股份,'1.57,'-0.63%,1.52%,1.46%,'51.48,'0.94,2.44%,'294.32,'-7.87%,航运港口
'685,601965.中国汽研,'19.67,'+1.03%,1.73%,1.46%,'22.37,'2.72,13.22%,'197.30,'+13.71%,汽车服务
'686,603158.腾龙股份,'8.40,'+0.84%,1.90%,1.46%,'23.70,'1.80,10.72%,'41.23,'+6.10%,汽车零部件
'687,000739.普洛药业,'15.82,'-1.62%,2.24%,1.46%,'19.59,'2.66,15.40%,'186.28,'-0.21%,化学制药
'688,002555.三七互娱,'17.40,'+1.28%,5.83%,1.46%,'15.13,'2.83,19.53%,'380.06,'+15.67%,游戏
'689,002801.微光股份,'36.44,'+2.02%,0.98%,1.46%,'26.95,'4.71,14.21%,'82.02,'+50.63%,电机
'690,300218.安利股份,'19.70,'+2.50%,1.30%,1.46%,'20.97,'2.83,14.34%,'41.70,'+30.07%,塑料制品
'691,300371.汇中股份,'13.37,'+0.23%,0.67%,1.46%,'65.89,'2.41,5.51%,'26.84,'+40.53%,仪器仪表
'692,300569.天能重工,'5.52,'-0.36%,1.34%,1.46%,亏损,'1.07,'-1.00%,'56.66,'+10.84%,风电设备
'693,600597.光明乳业,'8.53,0.00%,1.88%,1.44%,'67.33,'1.21,7.42%,'117.58,'+1.72%,食品饮料
'694,601199.江南水务,'5.67,'-0.70%,2.29%,1.44%,'12.87,'1.18,9.97%,'53.03,'+4.71%,公用事业
'695,601918.新集能源,'6.63,'+1.22%,2.26%,1.44%,'7.33,'1.06,15.36%,'171.75,'-7.66%,煤炭行业
'696,603258.电魂网络,'23.74,'+1.63%,0.98%,1.44%,亏损,'2.64,'-1.00%,'57.93,'+19.36%,游戏
'697,002170.芭田股份,'10.31,'+0.49%,2.72%,1.44%,'18.95,'2.93,17.95%,'99.22,'+21.23%,化肥行业
'698,002489.浙江永强,'3.71,'-0.27%,1.08%,1.44%,'49.57,'1.81,13.85%,'80.69,'+15.71%,家用轻工
'699,002641.公元股份,'4.23,'-0.24%,1.18%,1.44%,'50.41,'0.96,2.55%,'52.11,'-2.71%,装修建材
'700,300190.维尔利,'3.90,0.00%,0.26%,1.44%,亏损,'1.12,'-1.00%,'30.48,'+11.11%,环保行业
'701,300463.迈克生物,'12.52,'-1.57%,0.82%,1.44%,'300.00,'1.23,'-1.00%,'77.91,'-4.30%,医疗器械
'702,002398.垒知集团,'5.51,'-1.43%,1.43%,1.43%,'162.17,'1.07,1.21%,'39.02,'+27.54%,装修建材
'703,300735.光弘科技,'29.12,'+2.64%,0.88%,1.43%,'93.16,'4.38,5.10%,'217.73,'+5.07%,消费电子
'704,600073.光明肉业,'7.58,'-0.26%,0.92%,1.42%,'46.94,'1.40,5.64%,'71.08,'+10.28%,食品饮料
'705,603809.豪能股份,'16.12,'+1.45%,0.93%,1.42%,'40.81,'4.43,12.68%,'138.61,'+82.32%,汽车零部件
'706,002140.东华科技,'10.24,'-0.39%,1.46%,1.42%,'18.03,'1.63,9.50%,'72.78,'+5.37%,工程建设
'707,002317.众生药业,'20.05,'-3.61%,0.96%,1.42%,亏损,'4.43,'-1.00%,'176.79,'+67.69%,中药
'708,002500.山西证券,'6.23,'+0.16%,1.61%,1.42%,'28.04,'1.23,4.45%,'223.28,'+0.05%,证券
'709,300547.川环科技,'38.23,'+3.63%,1.13%,1.42%,'40.91,'6.42,17.23%,'80.02,'+40.19%,橡胶制品
'710,600050.中国联通,'5.34,'-0.74%,2.99%,1.41%,'24.79,'1.00,5.58%,'1669.52,'+1.75%,通信服务
'711,603387.基蛋生物,'8.70,'-0.91%,2.07%,1.41%,'24.54,'1.64,7.58%,'44.12,'+6.64%,医疗器械
'712,603899.晨光股份,'31.87,'-1.12%,3.15%,1.41%,'24.72,'3.19,15.34%,'293.51,'+9.06%,家用轻工
'713,002223.鱼跃医疗,'35.08,'-0.28%,2.27%,1.41%,'26.03,'2.69,13.87%,'352.67,'-2.81%,医疗器械
'714,002273.水晶光电,'20.97,'+0.72%,1.44%,1.41%,'29.16,'3.13,11.88%,'289.53,'-4.67%,光学光电子
'715,002841.视源股份,'36.14,'+0.61%,1.89%,1.41%,'31.30,'1.94,7.51%,'250.01,'-0.13%,消费电子
'716,300515.三德科技,'25.78,'-0.96%,1.15%,1.41%,'37.55,'6.41,19.60%,'53.56,'+119.38%,仪器仪表
'717,600114.东睦股份,'26.44,'+5.13%,1.13%,1.40%,'36.16,'5.66,17.09%,'162.97,'+65.95%,通用设备
'718,600180.瑞茂通,'4.56,'-0.22%,1.10%,1.40%,'64.46,'0.63,'-1.00%,'49.55,'+6.64%,物流行业
'719,600380.健康元,'12.42,'-2.36%,1.61%,1.40%,'17.27,'1.55,9.57%,'227.22,'+12.02%,化学制药
'720,603050.科林电气,'16.85,'+0.12%,0.80%,1.40%,'45.07,'4.03,11.01%,'67.96,'+21.88%,电网设备
'721,603214.爱婴室,'19.61,'+1.61%,1.85%,1.40%,'37.50,'2.34,9.34%,'27.17,'-11.98%,商业百货
'722,603337.杰克股份,'43.06,'+2.72%,1.88%,1.40%,'25.04,'4.27,19.02%,'205.15,'+43.17%,专用设备
'723,603882.金域医学,'30.66,'-0.23%,2.87%,1.40%,亏损,'2.06,'-1.00%,'142.03,'+13.85%,医疗服务
'724,000887.中鼎股份,'18.89,'+2.16%,0.81%,1.40%,'21.35,'1.82,10.04%,'243.42,'+45.23%,汽车零部件
'725,300092.科新机电,'13.65,'+0.89%,1.76%,1.40%,'22.89,'2.20,10.45%,'37.06,'+20.58%,通用设备
'726,300788.中信出版,'32.89,'-0.27%,0.96%,1.40%,'35.97,'2.83,6.19%,'62.71,'+5.22%,文化传媒
'727,600182.S佳通,'15.89,'-0.31%,5.73%,1.39%,'35.59,'4.39,12.16%,'54.03,'-2.55%,橡胶制品
'728,600519.贵州茅台,'1423.88,'-0.27%,3.62%,1.39%,'20.09,'6.92,35.74%,'17886.75,'-4.74%,酿酒行业
'729,600577.精达股份,'7.81,'+0.64%,1.14%,1.39%,'31.71,'2.85,10.25%,'167.85,'+7.87%,电网设备
'730,600469.风神股份,'6.07,0.00%,2.64%,1.38%,'23.90,'1.32,7.05%,'44.28,'-0.75%,橡胶制品
'731,603711.香飘飘,'13.75,'-0.29%,1.82%,1.38%,'32.90,'1.63,6.10%,'56.77,'-14.66%,食品饮料
'732,603956.威派格,'6.99,'+1.45%,1.27%,1.38%,亏损,'2.00,'-1.00%,'39.84,'+31.89%,专用设备
'733,002461.珠江啤酒,'10.50,'+0.96%,1.63%,1.38%,'28.67,'2.16,8.15%,'230.19,'+7.77%,酿酒行业
'734,600559.老白干酒,'16.84,'-0.06%,3.27%,1.37%,'20.41,'2.82,15.42%,'154.04,'-17.07%,酿酒行业
'735,600917.重庆燃气,'5.78,'+0.17%,1.49%,1.37%,'26.15,'1.60,6.92%,'90.23,'-3.74%,燃气
'736,603351.威尔药业,'31.25,'-1.91%,1.28%,1.37%,'30.76,'2.43,8.84%,'42.32,'+29.04%,化学制药
'737,603657.春光科技,'30.17,'-0.26%,0.12%,1.37%,'237.74,'4.31,2.25%,'40.79,'+76.36%,家电行业
'738,300575.中旗股份,'6.89,'-0.86%,0.70%,1.37%,亏损,'1.59,'-1.00%,'33.15,'+14.46%,农药兽药
'739,601500.通用股份,'4.68,'+0.21%,1.20%,1.36%,'24.40,'1.24,5.59%,'74.38,'-12.20%,橡胶制品
'740,603680.今创集团,'13.12,'+2.18%,1.14%,1.36%,'23.19,'1.88,7.70%,'102.82,'+60.20%,交运设备
'741,600650.锦江在线,'16.35,'+0.06%,0.67%,1.35%,'70.11,'2.16,4.20%,'63.86,'+17.74%,铁路公路
'742,601108.财通证券,'8.21,'+0.61%,1.95%,1.35%,'18.11,'1.04,6.06%,'381.25,'+1.81%,证券
'743,603041.美思德,'12.75,'+0.55%,0.94%,1.35%,'65.83,'1.56,3.04%,'23.35,'+20.45%,化学制品
'744,603319.美湖股份,'29.17,'+7.40%,0.51%,1.35%,'60.40,'4.10,8.36%,'98.93,'+108.64%,汽车零部件
'745,603386.骏亚科技,'14.40,'+1.19%,0.60%,1.35%,亏损,'3.46,'-1.00%,'46.99,'+29.50%,电子元件
'746,300284.苏交科,'9.55,'-1.24%,0.98%,1.35%,'111.88,'1.44,1.93%,'122.12,'-5.18%,工程咨询服务
'747,600563.法拉电子,'111.41,'+1.81%,1.80%,1.34%,'23.23,'4.52,20.79%,'250.67,'-4.52%,电子元件
'748,600897.厦门空港,'14.76,'-0.47%,2.17%,1.34%,'16.87,'1.34,9.78%,'61.54,'-0.96%,航空机场
'749,000596.古井贡酒,'139.47,'-0.39%,4.29%,1.34%,'12.94,'2.80,23.11%,'572.08,'-16.02%,酿酒行业
'750,300622.博士眼镜,'33.73,'+0.75%,0.62%,1.34%,'82.05,'9.65,13.53%,'76.27,'-11.75%,商业百货
'751,300660.江苏雷利,'49.63,'+3.07%,0.77%,1.34%,'69.36,'6.20,9.19%,'215.30,'+82.90%,电机
'752,600371.万向德农,'9.44,'-0.21%,1.59%,1.33%,'72.28,'4.63,6.73%,'27.62,'+11.21%,农牧饲渔
'753,600629.华建集团,'13.67,'+2.01%,0.89%,1.33%,'51.55,'2.50,7.18%,'132.65,'+50.46%,工程咨询服务
'754,603192.汇得科技,'23.29,'+6.01%,1.61%,1.33%,'27.91,'2.09,8.51%,'32.87,'+59.72%,化学制品
'755,603998.方盛制药,'11.03,'-2.82%,2.81%,1.33%,'23.06,'2.91,17.09%,'48.43,'+8.60%,中药
'756,000062.深圳华强,'26.04,'+0.73%,1.66%,1.33%,'136.04,'3.83,3.66%,'270.37,'+16.98%,电子元件
'757,002561.徐家汇,'8.65,'-0.69%,0.69%,1.33%,亏损,'1.63,'-1.00%,'36.21,'-5.51%,商业百货
'758,300003.乐普医疗,'16.10,'-0.43%,1.71%,1.33%,'297.02,'1.95,0.90%,'304.09,'+43.45%,医疗器械
'759,600268.国电南自,'9.28,'+0.43%,1.51%,1.32%,'25.07,'2.80,12.07%,'94.27,'+40.65%,电网设备
'760,600993.马应龙,'28.82,'-1.74%,1.39%,1.32%,'24.23,'2.91,13.05%,'124.23,'+10.38%,中药
'761,603067.振华股份,'16.35,'+3.48%,0.83%,1.32%,'22.84,'3.55,16.41%,'116.21,'+82.46%,化学原料
'762,002135.东南网架,'4.38,0.00%,1.60%,1.32%,'38.98,'0.75,2.27%,'48.86,'+4.78%,工程建设
'763,002320.海峡股份,'7.69,'-0.26%,0.52%,1.32%,'80.01,'3.90,4.64%,'171.85,'+18.20%,航运港口
'764,601609.金田股份,'8.47,'+3.93%,1.30%,1.31%,'38.07,'1.46,5.93%,'125.82,'+45.80%,有色金属
'765,603129.春风动力,'244.01,'+7.59%,1.58%,1.31%,'23.56,'5.52,26.73%,'372.30,'+58.75%,交运设备
'766,000823.超声电子,'12.74,'+0.24%,1.57%,1.31%,'29.93,'1.42,5.09%,'68.25,'+26.04%,电子元件
'767,002683.广东宏大,'38.05,'+4.10%,1.78%,1.31%,'31.73,'4.21,14.01%,'277.78,'+45.81%,采掘行业
'768,002727.一心堂,'15.01,0.00%,2.00%,1.31%,'54.57,'1.17,0.42%,'87.90,'+17.22%,医药商业
'769,300033.同花顺,'292.70,'-0.19%,1.02%,1.31%,'88.65,'24.33,28.92%,'1576.62,'+2.85%,软件开发
'770,601198.东兴证券,'11.56,'+0.61%,1.35%,1.30%,'23.20,'1.31,5.57%,'373.67,'+5.00%,证券
'771,603185.弘元绿能,'19.21,'-1.49%,0.10%,1.30%,亏损,'1.11,'-1.00%,'130.44,'+18.22%,光伏设备
'772,600339.中油工程,'3.49,'+0.87%,1.17%,1.29%,'70.09,'0.73,2.22%,'194.85,'-2.51%,采掘行业
'773,603040.新坐标,'49.78,'+2.28%,1.81%,1.29%,'32.65,'4.75,16.97%,'67.94,'+121.44%,汽车零部件
'774,600252.中恒集团,'2.93,'-2.66%,0.36%,1.28%,亏损,'1.62,'-1.00%,'97.08,'+19.11%,中药
'775,600298.安琪酵母,'35.20,'+0.83%,1.56%,1.28%,'25.21,'2.73,12.87%,'305.58,'-0.86%,食品饮料
'776,601368.绿城水务,'4.97,'-0.80%,0.60%,1.28%,'93.05,'0.93,1.47%,'43.88,'+5.07%,公用事业
'777,300305.裕兴股份,'6.89,'+0.29%,0.21%,1.28%,亏损,'1.16,'-1.00%,'25.79,'+26.42%,塑料制品
'778,600965.福成股份,'5.26,'+0.57%,0.72%,1.27%,'91.13,'1.98,2.42%,'43.06,'+20.97%,农牧饲渔
'779,603578.三星新材,'13.95,'-0.50%,0.93%,1.27%,亏损,'2.46,'-1.00%,'25.16,'+17.72%,家电行业
'780,000501.武商集团,'9.90,'-0.90%,3.00%,1.27%,'47.64,'0.69,1.97%,'76.82,'-3.25%,商业百货
'781,300699.光威复材,'32.00,'+1.91%,1.59%,1.27%,'38.22,'4.60,13.28%,'261.04,'-6.15%,化学制品
'782,300817.双飞集团,'24.09,'+3.79%,0.86%,1.27%,'80.57,'4.84,6.49%,'50.67,'+75.14%,通用设备
'783,603008.喜临门,'16.01,'-0.31%,3.25%,1.26%,'21.38,'1.55,8.40%,'59.47,'-1.39%,装修建材
'784,603588.高能环境,'6.44,'-0.77%,6.25%,1.26%,'26.80,'1.04,5.98%,'98.10,'+24.44%,环保行业
'785,002738.中矿资源,'35.72,'-0.28%,1.40%,1.26%,'61.98,'2.10,5.14%,'258.44,'+2.10%,能源金属
'786,300570.太辰光,'117.47,'-2.20%,0.67%,1.26%,'90.41,'16.70,20.38%,'272.80,'+63.01%,通信设备
'787,600056.中国医药,'10.89,'-1.00%,0.99%,1.25%,'47.37,'1.36,4.70%,'162.90,'-1.08%,医药商业
'788,600128.苏豪弘业,'10.64,'-0.37%,0.94%,1.25%,'300.00,'1.23,1.59%,'26.26,'+32.25%,贸易行业
'789,600586.金晶科技,'5.11,'-0.20%,0.30%,1.25%,亏损,'1.24,'-1.00%,'72.43,'-8.79%,玻璃玻纤
'790,601882.海天精工,'20.13,'+2.49%,1.79%,1.25%,'23.37,'3.75,18.73%,'105.08,'-6.45%,通用设备
'791,601968.宝钢包装,'5.03,0.00%,1.38%,1.25%,'37.30,'1.42,4.15%,'64.17,'+2.29%,包装材料
'792,002518.科士达,'23.80,'+0.42%,0.97%,1.25%,'41.58,'3.10,8.40%,'137.99,'+6.74%,电源设备
'793,300514.友讯达,'13.93,'+0.51%,2.16%,1.25%,'16.52,'2.64,18.03%,'27.72,'-1.44%,电网设备
'794,600779.水井坊,'41.95,'+0.24%,2.19%,1.24%,'15.18,'3.81,27.24%,'204.51,'-21.62%,酿酒行业
'795,000922.佳电股份,'11.66,'+0.69%,0.96%,1.24%,'45.36,'1.79,5.61%,'80.51,'+4.33%,电机
'796,002181.粤传媒,'7.09,'-1.12%,0.75%,1.24%,'109.41,'1.95,1.88%,'83.25,'+26.38%,文化传媒
'797,002208.合肥城建,'6.89,'-0.58%,1.23%,1.24%,亏损,'0.86,0.18%,'55.67,'-3.09%,房地产开发
'798,002724.海洋王,'7.94,'+1.93%,0.64%,1.24%,亏损,'2.26,'-1.00%,'60.10,'+50.36%,电子元件
'799,300421.力星股份,'17.23,'+6.55%,0.74%,1.24%,'82.12,'3.74,4.52%,'47.54,'+55.20%,通用设备
'800,601899.紫金矿业,'20.16,'+1.46%,1.88%,1.23%,'15.16,'3.67,27.38%,'4150.69,'+35.27%,有色金属
'801,603020.爱普股份,'9.26,'-0.32%,1.94%,1.23%,'51.06,'1.08,4.86%,'35.49,'+21.96%,食品饮料
'802,603489.八方股份,'28.16,'+1.26%,0.36%,1.23%,'153.02,'2.47,2.54%,'66.07,'+18.67%,电机
'803,603989.艾华集团,'16.40,'+0.43%,0.91%,1.23%,'29.68,'1.75,6.36%,'65.79,'+9.83%,电子元件
'804,000750.国海证券,'4.24,'+0.24%,0.85%,1.23%,'46.40,'1.21,2.42%,'270.14,'-0.14%,证券
'805,002136.安纳达,'10.78,'+0.09%,0.93%,1.23%,亏损,'2.01,'-1.00%,'23.16,'+10.56%,化学原料
'806,601388.怡球资源,'2.63,'+0.38%,0.19%,1.22%,亏损,'1.36,0.27%,'57.89,'+6.91%,有色金属
'807,603696.安记食品,'10.90,'+0.93%,0.83%,1.22%,'98.55,'4.38,6.58%,'25.64,'+33.92%,食品饮料
'808,300272.开能健康,'7.32,'+1.95%,2.23%,1.22%,'51.63,'3.33,6.86%,'41.44,'+19.78%,家电行业
'809,600299.安迪苏,'10.03,'+0.60%,2.39%,1.21%,'18.74,'1.66,8.91%,'268.99,'-18.66%,化学制品
'810,600529.山东药玻,'22.83,'-0.35%,2.72%,1.21%,'16.70,'1.84,11.83%,'151.50,'-10.13%,医疗器械
'811,603060.国检集团,'7.23,'+1.40%,1.58%,1.21%,'37.17,'2.83,10.20%,'58.12,'+0.72%,专业服务
'812,002046.国机精工,'25.66,'+9.99%,0.90%,1.21%,'57.00,'2.92,7.40%,'125.11,'+85.66%,通用设备
'813,002238.天威视讯,'8.92,'+0.23%,0.56%,1.21%,亏损,'3.17,'-1.00%,'71.43,'+11.71%,文化传媒
'814,002773.康弘药业,'45.44,'+8.04%,1.43%,1.21%,'31.99,'4.28,14.13%,'387.42,'+136.49%,化学制药
'815,002835.同为股份,'18.93,'+0.27%,1.69%,1.21%,'21.31,'3.35,18.10%,'41.44,'+0.29%,计算机设备
'816,002909.集泰股份,'6.47,'+2.86%,1.59%,1.21%,'139.32,'2.61,2.49%,'24.53,'+32.47%,化学制品
'817,300088.长信科技,'6.20,'+0.98%,0.96%,1.21%,'42.30,'1.77,4.56%,'153.36,'-4.23%,光学光电子
'818,300703.创源股份,'24.84,'+7.12%,0.65%,1.21%,'35.95,'4.61,14.15%,'41.83,'+75.61%,家用轻工
'819,300801.泰和科技,'24.49,'+2.08%,0.75%,1.21%,'46.47,'2.13,4.42%,'52.40,'+55.32%,化学制品
'820,601808.中海油服,'14.04,'+1.23%,1.64%,1.20%,'18.96,'1.50,7.79%,'415.65,'-6.36%,采掘行业
'821,603288.海天味业,'38.35,'-0.13%,2.24%,1.20%,'35.31,'6.78,20.94%,'2132.49,'-14.79%,食品饮料
'822,002039.黔源电力,'15.82,'-0.25%,1.01%,1.20%,'24.56,'1.71,6.63%,'67.81,'+4.06%,电力行业
'823,002465.海格通信,'14.03,'+0.14%,0.43%,1.20%,亏损,'2.75,0.44%,'347.70,'+28.38%,通信设备
'824,002761.浙江建投,'9.43,'-1.57%,0.52%,1.20%,'84.71,'1.21,2.62%,'103.63,'+8.00%,工程建设
'825,300470.中密控股,'38.56,'+1.21%,2.63%,1.20%,'21.13,'2.85,14.92%,'79.23,'+3.70%,通用设备
'826,603358.华达科技,'37.45,'-0.74%,1.31%,1.19%,'167.98,'5.23,3.22%,'175.92,'+13.82%,汽车零部件
'827,603617.君禾股份,'7.96,'+0.13%,1.01%,1.19%,'40.46,'2.05,5.71%,'31.08,'+9.90%,通用设备
'828,603977.国泰集团,'13.19,'+2.09%,0.68%,1.19%,'55.64,'2.51,5.50%,'81.94,'+2.66%,化学制品
'829,000061.农产品,'6.66,'+1.83%,1.07%,1.19%,'38.92,'1.74,5.98%,'110.98,'-3.99%,贸易行业
'830,000507.珠海港,'5.49,'-0.36%,1.18%,1.19%,'18.09,'0.84,4.93%,'50.68,'+8.94%,航运港口
'831,600459.贵研铂业,'15.52,'+0.39%,1.55%,1.18%,'20.93,'1.62,8.40%,'118.00,'+14.83%,小金属
'832,600783.鲁信创投,'12.62,'-0.16%,0.55%,1.18%,'34.81,'2.11,6.19%,'93.94,'+0.15%,非金属材料
'833,601869.长飞光纤,'53.08,'-6.88%,0.97%,1.18%,'104.21,'3.42,6.66%,'215.68,'+77.58%,通信设备
'834,603311.金海高科,'11.87,'+0.25%,1.01%,1.18%,'46.00,'2.06,6.87%,'28.00,'+20.18%,家电行业
'835,603883.老百姓,'18.70,'-0.80%,2.20%,1.18%,'33.12,'2.08,6.47%,'142.14,'+14.71%,医药商业
'836,603992.松霖科技,'29.05,'+0.94%,1.77%,1.18%,'35.97,'3.82,12.71%,'125.76,'+59.05%,装修建材
'837,000920.沃顿科技,'11.05,'-0.09%,1.78%,1.18%,'25.53,'2.75,11.14%,'52.27,'+25.66%,环保行业
'838,002038.双鹭药业,'8.17,'-1.69%,0.24%,1.18%,'300.00,'1.52,'-1.00%,'85.37,'+9.67%,生物制品
'839,002722.物产金轮,'17.17,'+0.53%,1.35%,1.18%,'25.08,'1.33,5.95%,'35.29,'+22.82%,纺织服装
'840,002969.嘉美包装,'3.60,'-0.55%,0.69%,1.18%,'23.43,'1.43,6.20%,'34.59,'+16.11%,包装材料
'841,600378.昊华科技,'26.29,'+1.58%,1.09%,1.17%,'49.79,'1.96,8.47%,'339.14,'-8.09%,化学制品
'842,603338.浙江鼎力,'50.32,'+0.46%,1.99%,1.17%,'15.06,'2.44,17.88%,'254.79,'-20.22%,工程机械
'843,603919.金徽酒,'18.66,'+0.97%,2.68%,1.17%,'23.79,'2.66,11.29%,'94.65,'-2.33%,酿酒行业
'844,000686.东北证券,'8.32,'+0.60%,1.45%,1.17%,'18.47,'1.01,5.60%,'193.56,'+6.48%,证券
'845,002952.亚世光电,'21.09,'+0.43%,0.24%,1.17%,'300.00,'3.97,1.55%,'34.51,'-21.26%,光学光电子
'846,300185.通裕重工,'3.00,'+0.67%,0.17%,1.17%,'215.35,'1.68,1.00%,'116.13,'+16.95%,风电设备
'847,600496.精工钢构,'3.35,'+0.60%,2.39%,1.16%,'14.34,'0.74,6.10%,'66.67,'+13.96%,水泥建材
'848,002179.中航光电,'38.87,'+1.22%,2.08%,1.16%,'25.66,'3.35,14.15%,'813.42,'+0.99%,电子元件
'849,002916.深南电路,'134.84,'-0.78%,0.85%,1.16%,'47.95,'6.00,13.88%,'906.10,'+42.22%,电子元件
'850,300171.东富龙,'14.74,'-1.93%,0.51%,1.16%,'159.71,'1.47,1.90%,'115.10,'+11.70%,医疗器械
'851,300674.宇信科技,'26.00,'-0.42%,1.00%,1.16%,'49.25,'4.24,9.71%,'183.83,'+34.65%,互联网服务
'852,603079.圣达生物,'18.38,'+0.16%,0.30%,1.15%,'84.50,'2.71,3.74%,'34.74,'+36.45%,化学制品
'853,603568.伟明环保,'19.20,'-0.05%,2.50%,1.15%,'12.47,'2.33,21.09%,'327.28,'-9.03%,环保行业
'854,688003.天准科技,'54.10,'+9.96%,0.92%,1.15%,'105.13,'5.50,6.92%,'105.03,'+26.38%,通用设备
'855,002007.华兰生物,'16.76,'-0.06%,1.19%,1.15%,'28.93,'2.52,9.57%,'306.46,'+0.73%,生物制品
'856,002262.恩华药业,'23.31,'-1.56%,1.52%,1.15%,'19.90,'3.14,16.86%,'240.63,'-2.69%,化学制药
'857,002423.中粮资本,'12.40,'-0.08%,1.27%,1.15%,'29.58,'1.32,4.64%,'285.94,'-6.28%,多元金融
'858,600605.汇通能源,'38.33,'-0.05%,0.37%,1.14%,'300.00,'5.68,6.92%,'79.07,'+10.94%,房地产服务
'859,600809.山西汾酒,'182.10,'+0.45%,3.33%,1.14%,'17.57,'5.79,34.84%,'2221.55,'+2.34%,酿酒行业
'860,600939.重庆建工,'3.65,'+0.55%,0.27%,1.14%,亏损,'0.89,'-1.00%,'69.42,'+21.26%,工程建设
'861,603332.苏州龙杰,'14.68,'+1.45%,1.50%,1.14%,'79.53,'2.48,4.59%,'31.76,'+72.41%,化纤行业
'862,603590.康辰药业,'58.21,'-0.61%,1.03%,1.14%,'262.63,'2.94,1.43%,'92.76,'+152.32%,生物制品
'863,002752.昇兴股份,'5.77,'+0.35%,1.74%,1.14%,'15.15,'1.60,11.75%,'56.17,'-7.51%,包装材料
'864,300718.长盛轴承,'102.00,'+7.70%,0.43%,1.14%,'132.95,'17.05,14.19%,'282.97,'+233.48%,工程机械
'865,300800.力合科技,'12.12,'+0.41%,1.33%,1.14%,'147.69,'1.41,1.84%,'28.58,'+17.98%,环保行业
'866,600420.国药现代,'11.27,'-0.79%,2.66%,1.13%,'14.21,'1.11,8.47%,'151.15,'-3.89%,化学制药
'867,600967.内蒙一机,'23.66,'+10.00%,0.62%,1.13%,亏损,'3.42,4.43%,'402.64,'+179.44%,交运设备
'868,603787.新日股份,'12.92,'+0.31%,1.16%,1.13%,'172.64,'1.91,1.95%,'29.73,'+25.08%,交运设备
'869,688357.建龙微纳,'32.91,'-1.26%,0.91%,1.13%,'59.06,'1.81,3.79%,'32.93,'+51.15%,非金属材料
'870,002637.赞宇科技,'10.92,0.00%,1.10%,1.13%,'32.60,'1.36,4.48%,'51.37,'+12.21%,化学制品
'871,603081.大丰实业,'13.01,'+1.88%,1.00%,1.12%,'110.77,'1.77,2.08%,'56.38,'+16.21%,专用设备
'872,603297.永新光学,'90.00,'+2.13%,0.95%,1.12%,'52.67,'5.01,11.34%,'99.84,'-3.08%,光学光电子
'873,603912.佳力图,'9.45,'+0.32%,0.85%,1.12%,亏损,'2.73,1.10%,'51.20,'+15.15%,专用设备
'874,002937.兴瑞科技,'17.89,'+0.90%,1.69%,1.12%,'28.13,'3.21,12.23%,'52.80,'+7.77%,消费电子
'875,300755.华致酒行,'18.23,'+0.55%,7.14%,1.12%,亏损,'2.33,0.00%,'75.57,'+2.63%,贸易行业
'876,002203.海亮股份,'12.17,'-1.78%,1.45%,1.11%,'39.64,'1.75,5.16%,'247.94,'+15.08%,有色金属
'877,002541.鸿路钢构,'18.10,'+1.12%,2.01%,1.11%,'24.28,'1.27,7.37%,'123.51,'+3.17%,水泥建材
'878,002900.哈三联,'15.30,'-3.77%,1.26%,1.11%,'267.28,'2.36,0.51%,'50.30,'+57.57%,化学制药
'879,300039.上海凯宝,'6.72,'-1.47%,1.47%,1.11%,'20.54,'1.70,9.30%,'71.34,'+10.55%,中药
'880,300196.长海股份,'14.19,'+0.64%,1.42%,1.11%,'20.07,'1.22,6.64%,'57.63,'+32.53%,玻璃玻纤
'881,600195.中牧股份,'7.61,'-0.78%,0.30%,1.10%,'145.43,'1.40,1.05%,'77.71,'+13.77%,农药兽药
'882,600798.宁波海运,'4.04,0.00%,0.50%,1.10%,亏损,'1.25,0.01%,'48.74,'+33.93%,航运港口
'883,603815.交建股份,'8.21,'+3.92%,0.79%,1.10%,'40.06,'2.16,5.60%,'50.81,'+47.01%,工程建设
'884,002484.江海股份,'27.03,'+2.42%,0.99%,1.10%,'36.12,'3.73,11.52%,'224.45,'+55.88%,电子元件
'885,002939.长城证券,'8.92,'+0.23%,1.46%,1.10%,'19.60,'1.17,6.14%,'359.06,'+9.91%,证券
'886,300559.佳发教育,'12.89,'-0.08%,1.16%,1.10%,'300.00,'4.28,1.64%,'51.54,'+9.17%,软件开发
'887,300652.雷迪克,'62.63,'+1.97%,0.19%,1.10%,'72.75,'5.75,8.79%,'81.93,'+174.46%,汽车零部件
'888,000563.陕国投Ａ,'3.62,'-0.28%,2.48%,1.09%,'14.58,'1.02,7.73%,'185.64,'+3.18%,多元金融
'889,002743.富煌钢构,'6.17,'+0.82%,1.09%,1.09%,'51.64,'0.82,1.61%,'26.64,'-6.09%,水泥建材
'890,600271.航天信息,'9.48,'+1.07%,0.04%,1.08%,亏损,'1.28,'-1.00%,'175.65,'+4.11%,互联网服务
'891,601066.中信建投,'25.81,'+0.04%,1.32%,1.08%,'25.51,'1.90,7.52%,'1676.53,'+0.23%,证券
'892,601100.恒立液压,'80.11,'+3.46%,0.87%,1.08%,'45.11,'6.55,16.06%,'1074.13,'+53.33%,工程机械
'893,601999.出版传媒,'7.38,'-0.27%,0.84%,1.08%,'40.81,'1.56,4.54%,'40.66,'+17.70%,文化传媒
'894,603530.神马电力,'29.85,'+2.05%,1.54%,1.08%,'42.03,'6.97,18.01%,'128.86,'+22.88%,电网设备
'895,300037.新宙邦,'34.69,'+2.79%,1.19%,1.08%,'25.53,'2.53,10.36%,'252.38,'-6.15%,电池
'896,600106.重庆路桥,'6.53,'-0.76%,0.55%,1.07%,'64.86,'1.67,4.23%,'86.79,'+17.51%,铁路公路
'897,600587.新华医疗,'17.16,'+1.30%,1.46%,1.07%,'18.20,'1.34,8.41%,'104.11,'+4.78%,医疗器械
'898,603517.绝味食品,'15.28,'-0.20%,4.17%,1.07%,'60.59,'1.45,2.73%,'92.60,'-5.04%,食品饮料
'899,000811.冰轮环境,'12.56,'+1.05%,1.55%,1.07%,'24.30,'2.09,10.45%,'123.38,'+35.91%,通用设备
'900,002558.巨人网络,'28.03,'+0.65%,1.02%,1.07%,'34.09,'4.14,11.33%,'538.83,'+123.07%,游戏
'901,002965.祥鑫科技,'42.24,'+0.86%,0.98%,1.07%,'35.52,'2.59,8.62%,'111.14,'+62.00%,通用设备
'902,300501.海顺新材,'16.63,'-1.01%,3.21%,1.07%,'57.28,'1.85,3.81%,'32.51,'+26.94%,包装材料
'903,600493.凤竹纺织,'6.93,'+1.32%,0.85%,1.06%,亏损,'1.67,4.86%,'18.85,'+35.31%,纺织服装
'904,600558.大西洋,'5.61,'+1.81%,0.98%,1.06%,'34.44,'2.09,7.07%,'50.36,'+37.84%,通用设备
'905,600966.博汇纸业,'5.25,'+4.37%,0.54%,1.06%,'66.90,'1.02,1.89%,'70.18,'+2.34%,造纸印刷
'906,603353.和顺石油,'16.73,'+0.60%,1.21%,1.06%,'118.72,'1.74,1.97%,'28.76,'+5.60%,石油行业
'907,300677.英科医疗,'37.84,'+0.37%,0.39%,1.06%,'19.70,'1.39,9.28%,'246.81,'+50.32%,医疗器械
'908,600419.天润乳业,'10.80,'+0.28%,0.19%,1.05%,'66.12,'1.48,'-1.00%,'34.58,'+16.25%,食品饮料
'909,600633.浙数文化,'14.22,'+0.49%,1.76%,1.05%,'41.25,'1.78,5.53%,'180.32,'+37.58%,游戏
'910,603183.建研院,'4.55,'-0.66%,0.55%,1.05%,'43.71,'1.42,3.05%,'22.62,'+18.92%,专业服务
'911,603456.九洲药业,'18.46,'-1.07%,1.64%,1.05%,'25.20,'1.88,7.68%,'164.19,'+37.73%,化学制药
'912,603896.寿仙谷,'22.52,'-0.92%,1.20%,1.05%,'39.27,'1.90,6.76%,'44.64,'+7.46%,中药
'913,002144.宏达高科,'12.56,'+0.40%,0.40%,1.05%,'189.62,'1.07,1.36%,'22.11,'+21.20%,纺织服装
'914,002169.智光电气,'6.54,'+1.08%,1.24%,1.05%,亏损,'1.89,'-1.00%,'50.64,'+7.65%,电网设备
'915,002768.国恩股份,'39.05,'+4.13%,0.75%,1.05%,'19.94,'2.02,13.78%,'101.72,'+71.05%,塑料制品
'916,300482.万孚生物,'23.90,'-1.28%,1.65%,1.05%,'25.29,'2.03,9.54%,'116.55,'+8.66%,医疗器械
'917,300507.苏奥传感,'8.22,'-0.36%,0.72%,1.05%,'65.09,'3.16,6.79%,'66.05,'+23.63%,汽车零部件
'918,300590.移为通信,'13.47,'+0.82%,1.65%,1.05%,'83.90,'3.43,5.07%,'61.44,'-11.26%,通信设备
'919,603196.日播时尚,'19.39,'-0.31%,0.11%,1.04%,亏损,'7.14,'-1.00%,'45.95,'+44.16%,纺织服装
'920,603693.江苏新能,'13.55,'+0.30%,1.11%,1.04%,'41.13,'1.76,4.88%,'120.79,'+39.15%,电力行业
'921,603719.良品铺子,'12.96,'-0.31%,3.84%,1.04%,亏损,'2.35,'-1.00%,'51.97,'-7.06%,食品饮料
'922,603915.国茂股份,'16.16,'+3.00%,1.49%,1.04%,'56.64,'2.87,7.39%,'106.11,'+39.03%,通用设备
'923,002040.南京港,'9.59,'+0.42%,0.99%,1.04%,'31.06,'1.40,4.90%,'46.60,'+46.90%,航运港口
'924,002492.恒基达鑫,'7.10,'+2.90%,0.29%,1.04%,'57.77,'1.64,3.61%,'27.95,'+48.14%,物流行业
'925,002730.电光科技,'17.90,'+0.22%,0.73%,1.04%,'71.55,'3.97,5.78%,'64.67,'+32.02%,专用设备
'926,600739.辽宁成大,'11.87,'-0.25%,0.17%,1.03%,'37.04,'0.61,1.60%,'181.58,'+14.87%,贸易行业
'927,002054.德美化工,'7.24,'+0.56%,0.97%,1.03%,'50.45,'1.40,3.03%,'34.71,'+26.03%,化学制品
'928,300377.赢时胜,'24.65,'+0.20%,0.16%,1.03%,亏损,'7.40,'-1.00%,'184.75,'-10.56%,软件开发
'929,300640.德艺文创,'6.74,'+0.60%,0.30%,1.03%,'131.08,'2.58,1.40%,'20.84,'+19.81%,家用轻工
'930,600262.北方股份,'23.61,'+0.85%,1.34%,1.02%,'23.55,'2.37,11.78%,'40.14,'+30.77%,专用设备
'931,002243.力合科创,'8.32,'-0.48%,0.84%,1.02%,'85.27,'1.39,3.63%,'101.21,'+4.14%,美容护理
'932,300382.斯莱克,'15.94,'+0.89%,0.61%,1.02%,亏损,'4.46,'-1.00%,'102.45,'+48.42%,专用设备
'933,300627.华测导航,'37.73,'+1.97%,0.97%,1.02%,'53.52,'7.83,18.22%,'289.21,'+27.76%,通信设备
'934,300705.九典制药,'17.66,'-2.97%,1.71%,1.02%,'18.50,'3.44,21.55%,'91.04,'+0.34%,化学制药
'935,300789.唐源电气,'31.88,'+0.28%,0.48%,1.02%,'71.05,'4.39,7.19%,'45.73,'+114.74%,软件开发
'936,600833.第一医药,'13.33,'-1.19%,0.94%,1.01%,'300.00,'2.61,12.10%,'29.74,'-1.26%,医药商业
'937,688122.西部超导,'55.36,'+0.16%,0.18%,1.01%,'47.22,'5.25,12.90%,'359.65,'+29.58%,有色金属
'938,688599.天合光能,'15.72,'-0.25%,4.03%,1.01%,亏损,'1.36,'-1.00%,'342.60,'-18.55%,光伏设备
'939,002498.汉缆股份,'3.53,'+0.28%,1.14%,1.01%,'23.06,'1.40,7.34%,'117.10,'+5.38%,电网设备
'940,600369.西南证券,'4.57,'+0.66%,0.44%,1.00%,'44.61,'1.17,2.77%,'303.68,'-2.14%,证券
'941,603681.永冠新材,'15.87,'+0.70%,0.95%,1.00%,'51.13,'1.17,4.94%,'30.33,'+24.31%,化学制品
'942,603983.丸美生物,'40.51,'+1.25%,1.85%,1.00%,'45.58,'4.62,10.50%,'162.45,'+26.96%,美容护理
'943,000963.华东医药,'44.00,'-3.00%,2.05%,1.00%,'23.33,'3.31,15.49%,'795.65,'+28.84%,化学制药
'944,300314.戴维医疗,'13.84,'-0.65%,0.62%,1.00%,'132.93,'3.37,3.49%,'40.12,'+23.77%,医疗器械
'945,300425.中建环能,'5.52,'+0.55%,0.47%,1.00%,'83.25,'1.58,3.54%,'37.45,'-4.88%,环保行业
'946,300726.宏达电子,'36.95,'+2.13%,1.66%,1.00%,'72.45,'2.99,5.20%,'149.00,'+20.97%,电子元件
