排名,股票,价,涨,PEG,PE.扣非,预测增速,北上持股,PB,股息,ROE,市值.亿,今年来,行业
'1,SH600143.金发科技,'13.74,'+7.18%,'0.01,'37.44,4552.35%,1.17%,'1.98,0.73%,5.55%,'362,'+60.58%,塑料制品
'2,SH600216.浙江医药,'15.77,'-0.57%,'0.01,'10.39,803.29%,7.41%,'1.37,2.35%,14.03%,'152,'+1.85%,化学制药
'3,SH600335.国机汽车,'6.48,'+0.15%,'0.01,'24.02,4100.97%,0.80%,'0.84,1.62%,3.58%,'97,'+5.32%,汽车服务
'4,SH600739.辽宁成大,'11.87,'-0.25%,'0.01,'38.71,6940.69%,0.78%,'0.61,0.17%,1.60%,'182,'+14.87%,贸易行业
'5,SH600783.鲁信创投,'12.62,'-0.16%,'0.01,'34.11,3744.05%,0.69%,'2.11,0.55%,6.19%,'94,'+0.15%,非金属材料
'6,SZ002340.格林美,'6.53,'+0.31%,'0.01,'31.01,2585.01%,2.44%,'1.64,1.01%,5.45%,'334,'+1.03%,能源金属
'7,SZ002457.青龙管业,'12.09,'-0.98%,'0.01,'15.45,10446.68%,'-,'1.65,1.72%,11.18%,'41,'+5.30%,装修建材
'8,SZ002886.沃特股份,'20.57,'+2.90%,'0.01,'141.19,18060.82%,'-,'2.95,0.21%,2.12%,'53,'+24.02%,塑料制品
'9,SZ002263.大东南,'3.51,'+0.29%,'0.02,'206.09,13271.17%,0.14%,'2.38,0.00%,1.16%,'66,'+41.53%,塑料制品
'10,SZ002606.大连电瓷,'9.52,'+0.74%,'0.02,'18.82,933.49%,'-,'2.39,0.78%,13.43%,'41,'+3.50%,电网设备
'11,SZ300641.正丹股份,'23.38,'-0.21%,'0.02,'8.14,474.29%,0.39%,'3.81,2.99%,57.04%,'125,'-4.68%,化学制品
'12,SH601155.新城控股,'14.89,'-0.40%,'0.03,'40.48,1419.38%,0.77%,'0.55,0.00%,1.37%,'336,'+24.50%,房地产开发
'13,SH601336.新华保险,'68.00,'+0.59%,'0.03,'7.81,302.05%,2.90%,'2.66,2.04%,31.26%,'1418,'+36.82%,保险
'14,SH601628.中国人寿,'41.52,'+0.65%,'0.03,'10.20,378.74%,0.38%,'2.20,1.57%,22.73%,'8646,'+0.17%,保险
'15,SH601919.中远海控,'15.63,'+1.10%,'0.03,'4.48,130.65%,3.50%,'0.99,9.96%,24.18%,'1971,'+7.69%,航运港口
'16,SZ002901.大博医疗,'52.18,'-2.10%,'0.03,'55.42,2529.53%,1.39%,'6.91,0.94%,12.62%,'221,'+71.38%,医疗器械
'17,SZ000039.中集集团,'8.17,'-0.24%,'0.04,'12.87,335.59%,1.08%,'0.88,2.15%,6.88%,'189,'+7.46%,通用设备
'18,SH601319.中国人保,'8.44,'+0.48%,'0.06,'7.98,133.90%,0.99%,'1.34,0.75%,17.81%,'2996,'+11.79%,保险
'19,SH603986.兆易创新,'118.28,'+0.24%,'0.06,'69.36,1220.55%,6.12%,'4.68,0.29%,7.05%,'785,'+11.06%,半导体
'20,SZ300959.线上线下,'45.70,'+0.93%,'0.06,'81.35,3405.70%,'-,'3.14,0.73%,3.81%,'36,'+4.36%,通信服务
'21,SZ000686.东北证券,'8.32,'+0.60%,'0.07,'18.35,276.15%,2.66%,'1.01,1.45%,5.60%,'194,'+6.48%,证券
'22,SZ002001.新和成,'22.26,'+0.14%,'0.07,'9.93,137.45%,6.24%,'2.23,3.15%,24.43%,'683,'+4.55%,化学制药
'23,SZ002926.华西证券,'10.08,'+0.50%,'0.07,'29.17,430.80%,1.37%,'1.10,0.85%,3.86%,'263,'+22.30%,证券
'24,SZ300232.洲明科技,'7.41,'+1.65%,'0.07,'58.90,625.96%,1.99%,'1.65,3.29%,2.82%,'80,'+11.63%,光学光电子
'25,SH600299.安迪苏,'10.03,'+0.60%,'0.08,'19.32,246.21%,0.64%,'1.66,2.39%,8.91%,'269,'-18.66%,化学制品
'26,SZ002015.协鑫能科,'11.52,'-0.26%,'0.08,'33.78,530.94%,0.93%,'1.56,0.87%,4.70%,'187,'+49.58%,电力行业
'27,SZ002202.金风科技,'9.77,'-0.10%,'0.08,'19.71,250.30%,3.74%,'1.06,1.02%,5.44%,'338,'-5.42%,风电设备
'28,SZ003015.日久光电,'16.70,'+0.30%,'0.08,'52.44,725.98%,'-,'4.68,1.20%,9.15%,'47,'+18.31%,光学光电子
'29,SH600219.南山铝业,'4.05,'+0.75%,'0.09,'8.28,90.15%,6.45%,'0.91,4.21%,11.42%,'470,'+6.16%,有色金属
'30,SH600731.湖南海利,'8.02,'+1.52%,'0.09,'14.35,172.21%,'-,'1.39,2.49%,10.02%,'45,'+44.69%,农药兽药
'31,SH688588.凌志软件,'15.57,'+1.76%,'0.09,'31.20,417.49%,0.36%,'4.73,1.28%,15.82%,'62,'+14.30%,软件开发
'32,SZ002532.天山铝业,'9.20,'+0.33%,'0.09,'8.90,103.98%,2.42%,'1.53,4.36%,18.20%,'427,'+19.79%,有色金属
'33,SZ002538.司尔特,'5.44,'-0.73%,'0.09,'17.01,197.93%,0.92%,'0.87,4.38%,5.15%,'47,'-0.93%,化肥行业
'34,SZ002729.好利科技,'15.21,'+0.53%,'0.09,'57.70,694.87%,'-,'5.20,0.19%,9.34%,'28,'+21.32%,电子元件
'35,SZ300677.英科医疗,'37.84,'+0.37%,'0.10,'15.62,199.59%,0.73%,'1.39,0.39%,9.28%,'247,'+50.32%,医疗器械
'36,SZ000713.丰乐种业,'7.19,'-0.28%,'0.11,'60.66,700.90%,'-,'2.21,0.28%,3.71%,'44,'+2.27%,农牧饲渔
'37,SZ002950.奥美医疗,'9.49,'-0.94%,'0.11,'16.79,162.10%,1.96%,'1.73,0.63%,10.64%,'61,'+9.46%,医疗器械
'38,SZ300088.长信科技,'6.20,'+0.98%,'0.11,'39.63,381.13%,0.80%,'1.77,0.96%,4.56%,'153,'-4.23%,光学光电子
'39,SZ300398.飞凯材料,'20.57,'+1.08%,'0.11,'37.65,403.18%,0.44%,'2.79,0.46%,7.63%,'115,'+30.96%,电子化学品
'40,SZ300953.震裕科技,'110.96,'+3.41%,'0.11,'67.85,648.69%,0.73%,'4.99,0.14%,8.68%,'186,'+122.05%,电池
'41,SH601236.红塔证券,'9.08,'+0.22%,'0.12,'45.56,376.25%,0.81%,'1.73,1.65%,3.90%,'428,'+8.43%,证券
'42,SZ002150.通润装备,'12.38,'-1.28%,'0.12,'20.69,218.01%,0.14%,'2.37,0.80%,12.29%,'46,'+0.76%,光伏设备
'43,SZ300151.昌红科技,'13.64,'+0.15%,'0.12,'76.55,740.22%,0.89%,'4.40,0.99%,5.72%,'73,'-19.26%,专用设备
'44,SZ300976.达瑞电子,'60.16,'-0.28%,'0.12,'29.98,235.09%,0.08%,'2.37,1.31%,8.11%,'80,'+24.58%,消费电子
'45,SH601456.XD国联民,'11.18,'+0.09%,'0.13,'64.00,499.15%,0.84%,'1.26,0.50%,2.90%,'586,'-16.89%,证券
'46,SZ000554.泰山石油,'6.86,'-0.15%,'0.13,'24.69,179.01%,'-,'3.02,1.51%,13.03%,'33,'+16.81%,石油行业
'47,SZ300502.新易盛,'186.40,'+2.17%,'0.13,'44.37,354.42%,5.10%,'18.26,0.18%,51.96%,'1813,'+126.69%,通信设备
'48,SH600362.江西铜业,'23.52,'+2.57%,'0.14,'11.31,63.34%,3.31%,'1.02,2.98%,9.48%,'488,'+17.30%,有色金属
'49,SH603095.越剑智能,'16.02,'+2.23%,'0.14,'34.49,277.31%,'-,'1.66,4.91%,4.81%,'41,'+5.34%,专用设备
'50,SH603236.移远通信,'84.68,'+0.20%,'0.14,'29.73,236.27%,6.36%,'5.22,0.81%,18.95%,'222,'+24.46%,通信设备
'51,SH601601.中国太保,'37.40,'-0.40%,'0.15,'8.40,56.75%,3.19%,'1.36,2.89%,16.43%,'2560,'+12.97%,保险
'52,SH601616.广电电气,'3.92,0.00%,'0.15,'53.68,375.30%,'-,'1.36,1.79%,2.52%,'33,'-9.14%,电网设备
'53,SH603301.振德医疗,'22.08,'-1.30%,'0.15,'16.21,134.45%,1.41%,'1.03,2.94%,6.50%,'59,'+3.64%,医疗器械
'54,SH688186.广大特材,'25.05,'+0.28%,'0.15,'36.05,301.64%,'-,'1.90,1.40%,5.23%,'66,'+65.39%,风电设备
'55,SZ000685.中山公用,'9.71,'+0.41%,'0.15,'10.84,69.73%,1.09%,'0.83,4.47%,7.77%,'143,'+10.51%,公用事业
'56,SZ300684.中石科技,'31.48,'+4.41%,'0.15,'38.74,288.29%,1.17%,'4.31,2.16%,11.61%,'90,'+44.51%,消费电子
'57,SH603379.三美股份,'49.57,'+0.92%,'0.16,'29.53,189.59%,0.80%,'4.41,0.91%,15.84%,'303,'+30.37%,化学制品
'58,SZ000783.长江证券,'7.42,0.00%,'0.16,'17.01,105.63%,2.36%,'1.02,2.02%,6.22%,'410,'+11.26%,证券
'59,SZ002881.美格智能,'50.64,'+2.72%,'0.16,'73.58,473.25%,1.01%,'7.98,0.26%,11.39%,'129,'+69.52%,消费电子
'60,SZ300515.三德科技,'25.78,'-0.96%,'0.16,'35.24,233.92%,'-,'6.41,1.15%,19.60%,'54,'+119.38%,仪器仪表
'61,SH600866.星湖科技,'8.02,'-0.74%,'0.17,'11.43,56.78%,2.18%,'1.59,4.74%,14.36%,'133,'+30.73%,化学制品
'62,SH603993.洛阳钼业,'9.51,'+1.39%,'0.17,'13.21,81.09%,3.69%,'2.72,2.70%,22.55%,'1661,'+47.60%,小金属
'63,SZ002170.芭田股份,'10.31,'+0.49%,'0.17,'18.83,114.06%,1.07%,'2.93,2.72%,17.95%,'99,'+21.23%,化肥行业
'64,SH600388.龙净环保,'12.16,'+0.58%,'0.18,'18.91,111.60%,0.56%,'1.49,2.30%,8.93%,'154,'-1.56%,环保行业
'65,SH688696.极米科技,'110.13,'+0.41%,'0.18,'45.76,301.74%,6.55%,'2.58,0.27%,5.60%,'77,'+12.35%,家电行业
'66,SZ002836.新宏泽,'9.85,'-0.51%,'0.18,'33.59,192.81%,'-,'5.88,2.53%,18.26%,'23,'+37.50%,造纸印刷
'67,SZ300724.捷佳伟创,'66.80,'-1.66%,'0.18,'8.16,49.00%,2.41%,'2.00,1.77%,27.39%,'236,'+8.09%,光伏设备
'68,SZ300788.中信出版,'32.89,'-0.27%,'0.18,'46.43,200.08%,0.70%,'2.83,0.96%,6.19%,'63,'+5.22%,文化传媒
'69,SZ300673.佩蒂股份,'15.79,0.00%,'0.19,'24.15,126.29%,'-,'2.00,2.22%,8.51%,'39,'-9.16%,农牧饲渔
'70,SH600621.华鑫股份,'15.66,'+0.38%,'0.20,'37.49,192.41%,1.30%,'1.94,1.39%,5.39%,'166,'-4.50%,证券
'71,SH601677.明泰铝业,'12.72,'+0.16%,'0.20,'8.66,49.70%,1.91%,'0.89,1.33%,10.75%,'158,'+7.22%,有色金属
'72,SH688196.卓越新能,'45.01,'+0.13%,'0.20,'29.79,161.15%,'-,'1.89,1.11%,6.52%,'54,'+35.49%,化学制品
'73,SZ300790.宇瞳光学,'23.79,'+0.42%,'0.20,'46.13,259.75%,1.15%,'3.60,0.42%,8.80%,'89,'+25.25%,光学光电子
'74,SZ300888.稳健医疗,'40.72,'+0.67%,'0.20,'30.93,176.35%,0.70%,'2.06,1.62%,6.63%,'236,'-2.73%,美容护理
'75,SH600236.桂冠电力,'6.38,0.00%,'0.21,'20.98,92.01%,0.16%,'2.58,3.21%,12.55%,'503,'-4.57%,电力行业
'76,SH600757.长江传媒,'9.72,'+1.04%,'0.21,'10.88,48.66%,2.09%,'1.19,4.22%,11.26%,'118,'+5.96%,文化传媒
'77,SH600988.赤峰黄金,'24.74,'+0.41%,'0.21,'22.97,111.15%,5.16%,'4.32,0.65%,23.74%,'412,'+59.49%,贵金属
'78,SZ000776.广发证券,'19.71,'+0.41%,'0.21,'13.75,71.38%,3.80%,'1.00,2.55%,7.49%,'1159,'+24.44%,证券
'79,SZ000791.甘肃能源,'6.66,'+0.30%,'0.21,'10.39,87.60%,0.21%,'1.53,2.71%,18.17%,'215,'+13.63%,电力行业
'80,SZ002245.蔚蓝锂芯,'15.97,'+2.57%,'0.21,'32.09,162.57%,1.54%,'2.54,0.42%,8.23%,'179,'+50.15%,电池
'81,SZ301479.弘景光电,'91.39,'+3.81%,'0.21,'47.41,225.11%,0.09%,'6.43,1.22%,13.56%,'78,'+208.51%,光学光电子
'82,SH600482.中国动力,'24.63,'+5.44%,'0.22,'32.67,161.56%,1.36%,'1.40,1.30%,4.44%,'555,'+1.54%,船舶制造
'83,SH603995.甬金股份,'17.96,'-0.22%,'0.22,'8.35,45.40%,3.41%,'1.13,2.78%,14.20%,'66,'+1.20%,钢铁行业
'84,SH605117.德业股份,'52.33,'+0.15%,'0.22,'14.64,70.68%,3.57%,'4.61,5.18%,40.42%,'473,'-10.87%,光伏设备
'85,SZ002666.德联集团,'5.16,'+1.57%,'0.22,'53.60,233.96%,'-,'1.13,0.00%,2.15%,'40,'+18.35%,化学制品
'86,SZ002797.第一创业,'7.43,0.00%,'0.22,'35.54,166.16%,0.88%,'1.87,1.00%,5.53%,'312,'-10.21%,证券
'87,SZ300018.中元股份,'8.60,'+0.47%,'0.22,'44.09,185.65%,'-,'3.16,0.81%,7.39%,'42,'+28.34%,电网设备
'88,SZ300926.博俊科技,'26.90,'+0.49%,'0.22,'17.57,80.80%,0.33%,'4.41,0.54%,29.54%,'116,'+22.95%,汽车零部件
'89,SZ000623.吉林敖东,'19.17,'-0.52%,'0.23,'11.97,55.53%,1.26%,'0.78,2.59%,6.64%,'230,'+12.93%,化学制药
'90,SZ000830.鲁西化工,'12.03,'+2.56%,'0.23,'11.96,54.72%,0.87%,'1.17,2.98%,10.24%,'224,'+6.43%,化学原料
'91,SZ002166.莱茵生物,'8.39,'-1.29%,'0.23,'37.74,185.54%,0.45%,'2.03,1.18%,5.37%,'63,'+13.70%,中药
'92,SH600459.贵研铂业,'15.52,'+0.39%,'0.24,'20.06,87.94%,1.02%,'1.62,1.55%,8.40%,'118,'+14.83%,小金属
'93,SH603766.隆鑫通用,'12.71,'+4.87%,'0.24,'19.04,81.35%,5.19%,'2.69,3.15%,15.07%,'261,'+43.71%,交运设备
'94,SH603799.华友钴业,'42.82,'+0.85%,'0.24,'14.92,67.13%,8.79%,'1.89,1.17%,13.31%,'729,'+48.51%,能源金属
'95,SZ000528.柳工,'10.97,'+0.18%,'0.24,'14.93,72.01%,3.27%,'1.24,2.48%,8.49%,'222,'-6.52%,工程机械
'96,SZ002736.国信证券,'13.48,'-0.44%,'0.24,'13.97,58.16%,1.71%,'1.08,2.58%,7.98%,'1302,'+24.17%,证券
'97,SZ000060.中金岭南,'4.87,'+1.46%,'0.25,'16.08,67.56%,1.06%,'1.24,1.81%,8.05%,'179,'+5.86%,有色金属
'98,SH600061.国投资本,'7.67,'+0.13%,'0.26,'16.21,64.38%,3.33%,'0.88,1.66%,5.54%,'490,'+3.70%,证券
'99,SH601899.紫金矿业,'20.16,'+1.46%,'0.26,'14.90,57.31%,7.72%,'3.67,1.88%,27.38%,'4151,'+35.27%,有色金属
'100,SH605166.聚合顺,'11.77,'+3.98%,'0.26,'11.92,46.85%,'-,'1.89,1.13%,16.61%,'37,'-0.48%,化学制品
'101,SZ002215.诺普信,'11.88,'-0.25%,'0.26,'15.81,67.53%,2.31%,'2.68,2.94%,17.44%,'120,'+9.05%,农药兽药
'102,SZ000088.盐田港,'4.59,'+0.44%,'0.27,'16.91,71.63%,0.28%,'1.31,2.84%,8.85%,'238,'-3.06%,航运港口
'103,SZ002648.卫星化学,'19.03,'+0.42%,'0.27,'9.65,34.77%,4.46%,'2.01,2.64%,22.68%,'638,'+4.33%,化学原料
'104,SZ002997.瑞鹄模具,'40.91,'+2.15%,'0.27,'20.17,79.68%,0.25%,'3.59,0.75%,19.30%,'84,'+19.07%,汽车零部件
'105,SZ300577.开润股份,'20.90,'+0.38%,'0.27,'12.63,63.07%,0.13%,'2.26,1.62%,19.20%,'50,'-15.12%,纺织服装
'106,SH600283.钱江水利,'9.98,'-0.30%,'0.28,'23.44,99.86%,0.04%,'1.80,2.51%,8.68%,'56,'+10.24%,公用事业
'107,SZ000960.锡业股份,'18.19,'+1.17%,'0.28,'18.30,49.80%,1.69%,'1.41,1.61%,8.29%,'296,'+32.33%,小金属
'108,SH600063.皖维高新,'5.21,'-0.95%,'0.29,'24.91,95.09%,0.72%,'1.30,1.15%,5.34%,'110,'+32.06%,化纤行业
'109,SH601881.中国银河,'17.42,'-0.29%,'0.29,'16.69,56.75%,2.56%,'1.34,1.61%,8.30%,'1262,'+15.68%,证券
'110,SH688685.迈信林,'54.77,'+2.34%,'0.29,'102.04,479.30%,0.27%,'10.00,0.29%,10.42%,'80,'+65.49%,航天航空
'111,SZ002241.歌尔股份,'23.03,'-0.17%,'0.29,'29.24,115.12%,3.03%,'2.39,1.29%,8.55%,'805,'-10.15%,消费电子
'112,SZ002731.萃华珠宝,'13.39,'+0.83%,'0.29,'14.03,130.49%,'-,'1.89,0.53%,14.37%,'34,'+42.60%,珠宝首饰
'113,SZ002947.恒铭达,'34.22,'+0.82%,'0.29,'17.58,61.39%,0.77%,'2.66,1.77%,18.31%,'87,'+4.58%,消费电子
'114,SH600803.新奥股份,'18.85,'+0.11%,'0.30,'13.30,50.67%,3.88%,'2.36,5.46%,17.77%,'584,'-8.29%,燃气
'115,SH603600.永艺股份,'10.97,'+0.27%,'0.30,'11.65,40.32%,'-,'1.57,4.20%,13.86%,'36,'-5.08%,装修建材
'116,SH603601.再升科技,'4.70,'+1.08%,'0.30,'52.22,274.29%,'-,'2.17,1.49%,4.14%,'48,'+40.27%,玻璃玻纤
'117,SZ002299.圣农发展,'16.68,'-0.24%,'0.30,'22.26,76.72%,2.72%,'1.96,2.39%,8.96%,'208,'+18.43%,农牧饲渔
'118,SZ300973.立高食品,'45.74,'+3.27%,'0.30,'26.83,92.63%,3.48%,'2.86,1.58%,10.91%,'75,'+18.38%,食品饮料
'119,SH600958.东方证券,'11.45,'+0.35%,'0.31,'24.95,80.27%,3.68%,'1.18,1.53%,4.79%,'855,'+9.53%,证券
'120,SH601318.中国平安,'59.06,'-0.14%,'0.31,'9.20,31.22%,5.94%,'1.14,4.32%,12.68%,'6356,'+15.43%,保险
'121,SH601555.东吴证券,'9.68,'+1.47%,'0.31,'16.64,53.66%,6.39%,'1.14,3.22%,6.99%,'481,'+27.73%,证券
'122,SZ000501.武商集团,'9.90,'-0.90%,'0.31,'34.93,155.42%,1.95%,'0.69,3.00%,1.97%,'77,'-3.25%,商业百货
'123,SZ000603.盛达资源,'16.02,'+0.63%,'0.31,'26.98,127.81%,3.70%,'3.62,0.63%,13.29%,'110,'+34.48%,有色金属
'124,SZ002155.湖南黄金,'18.72,'+1.30%,'0.31,'28.41,89.24%,1.81%,'4.03,0.96%,15.03%,'289,'+56.18%,贵金属
'125,SZ002286.保龄宝,'10.78,'-1.10%,'0.31,'29.95,87.89%,'-,'1.98,0.86%,6.84%,'41,'+46.75%,食品饮料
'126,SZ300342.天银机电,'18.79,'+1.95%,'0.31,'82.12,336.71%,0.76%,'4.96,0.35%,6.14%,'78,'+16.23%,家电行业
'127,SH600467.好当家,'2.39,'+0.42%,'0.32,'82.06,435.54%,'-,'1.02,0.37%,1.25%,'35,'+3.85%,农牧饲渔
'128,SH601107.四川成渝,'5.64,'-1.23%,'0.32,'11.32,37.51%,1.27%,'0.86,5.14%,8.44%,'122,'+12.90%,铁路公路
'129,SH603192.汇得科技,'23.29,'+6.01%,'0.32,'25.45,85.94%,'-,'2.09,1.61%,8.51%,'33,'+59.72%,化学制品
'130,SH688379.华光新材,'44.18,'+7.05%,'0.32,'23.64,146.32%,'-,'3.64,0.63%,16.65%,'40,'+118.09%,通用设备
'131,SZ300870.欧陆通,'140.85,'+0.53%,'0.32,'52.40,172.99%,0.58%,'6.17,0.63%,13.26%,'150,'+32.65%,电源设备
'132,SH600268.国电南自,'9.28,'+0.43%,'0.33,'24.24,75.39%,6.99%,'2.80,1.51%,12.07%,'94,'+40.65%,电网设备
'133,SH600968.海油发展,'4.07,'+0.25%,'0.33,'11.04,32.05%,1.57%,'1.49,3.32%,14.17%,'414,'-1.55%,采掘行业
'134,SZ000750.国海证券,'4.24,'+0.24%,'0.33,'50.49,141.00%,0.82%,'1.21,0.85%,2.42%,'270,'-0.14%,证券
'135,SZ002098.浔兴股份,'9.49,'+0.42%,'0.33,'15.58,47.58%,'-,'2.46,1.06%,16.97%,'34,'+20.12%,纺织服装
'136,SZ002948.青岛银行,'5.11,'+0.99%,'0.33,'6.63,20.83%,1.83%,'0.66,3.16%,10.37%,'179,'+35.89%,银行
'137,SZ300777.中简科技,'39.10,'+3.82%,'0.33,'40.37,132.61%,1.14%,'3.70,0.59%,9.53%,'166,'+39.04%,化纤行业
'138,SH600663.陆家嘴,'8.71,'+0.35%,'0.34,'24.80,74.42%,0.31%,'1.76,1.72%,7.12%,'343,'-10.66%,房地产开发
'139,SH601020.华钰矿业,'20.88,'+0.24%,'0.34,'65.64,191.66%,0.61%,'5.03,0.19%,8.26%,'171,'+65.84%,有色金属
'140,SH603979.金诚信,'49.46,'-0.10%,'0.34,'17.81,53.57%,2.23%,'3.27,0.91%,20.28%,'309,'+37.65%,采掘行业
'141,SH688668.鼎通科技,'93.42,'+0.68%,'0.34,'73.71,248.63%,3.55%,'6.97,0.53%,9.80%,'130,'+101.45%,通信设备
'142,SZ000728.国元证券,'8.63,'+0.12%,'0.34,'15.53,46.32%,5.38%,'1.01,1.86%,6.69%,'376,'+5.33%,证券
'143,SZ000828.东莞控股,'11.23,'-0.44%,'0.34,'15.19,41.81%,1.13%,'1.17,4.21%,7.81%,'117,'+8.35%,铁路公路
'144,SH600909.华安证券,'6.13,'+0.49%,'0.35,'16.57,48.03%,1.82%,'1.26,1.63%,7.82%,'287,'+2.88%,证券
'145,SH688606.奥泰生物,'74.69,'+1.73%,'0.35,'18.57,65.64%,3.25%,'1.50,4.02%,8.19%,'59,'+20.59%,医疗器械
'146,SH600020.中原高速,'4.59,0.00%,'0.36,'10.83,31.80%,1.27%,'0.66,3.70%,6.24%,'103,'+12.58%,铁路公路
'147,SH600531.豫光金铅,'8.73,'+0.11%,'0.36,'10.98,32.96%,3.13%,'1.66,2.58%,16.15%,'95,'+39.89%,有色金属
'148,SH600926.杭州银行,'16.36,'-0.43%,'0.37,'6.64,18.08%,4.28%,'0.81,3.58%,13.61%,'1186,'+13.83%,银行
'149,SH601211.国泰海通,'20.20,'+0.55%,'0.37,'15.64,70.67%,3.28%,'1.11,1.78%,9.28%,'2853,'+9.80%,证券
'150,SH601788.光大证券,'18.25,'+0.27%,'0.37,'26.33,76.21%,2.76%,'1.22,0.50%,4.67%,'713,'+0.77%,证券
'151,SH603680.今创集团,'13.12,'+2.18%,'0.37,'25.20,62.51%,0.70%,'1.88,1.14%,7.70%,'103,'+60.20%,交运设备
'152,SZ000788.北大医药,'6.88,'-1.43%,'0.37,'29.80,87.72%,'-,'2.67,1.15%,9.22%,'42,'+15.19%,化学制药
'153,SZ002452.长高电新,'7.46,'+0.54%,'0.37,'17.99,49.82%,'-,'1.88,1.08%,10.98%,'46,'+1.71%,电网设备
'154,SZ002984.森麒麟,'19.40,0.00%,'0.37,'9.83,27.11%,0.67%,'1.45,2.57%,15.67%,'201,'-20.11%,橡胶制品
'155,SZ300881.盛德鑫泰,'37.18,'-1.09%,'0.37,'18.34,50.72%,'-,'3.76,2.66%,21.86%,'41,'+24.99%,钢铁行业
'156,SH600073.光明肉业,'7.58,'-0.26%,'0.38,'25.17,122.78%,4.35%,'1.40,0.92%,5.64%,'71,'+10.28%,食品饮料
'157,SZ002296.辉煌科技,'11.63,'+0.87%,'0.38,'15.15,40.35%,'-,'1.89,1.73%,13.17%,'45,'+20.77%,通信设备
'158,SZ002487.大金重工,'31.40,'-4.33%,'0.38,'32.11,86.08%,3.04%,'2.79,0.24%,9.01%,'209,'+53.65%,风电设备
'159,SZ002967.广电计量,'17.49,'+1.16%,'0.38,'28.35,81.55%,2.28%,'3.02,2.31%,10.25%,'101,'+9.21%,专业服务
'160,SH600210.紫江企业,'6.35,0.00%,'0.39,'11.73,31.21%,2.54%,'1.52,4.72%,13.40%,'96,'+0.49%,包装材料
'161,SH601199.江南水务,'5.67,'-0.70%,'0.39,'12.84,33.21%,0.25%,'1.18,2.29%,9.97%,'53,'+4.71%,公用事业
'162,SH601901.方正证券,'8.18,'+0.49%,'0.39,'25.72,54.27%,7.95%,'1.38,1.31%,5.52%,'673,'-1.10%,证券
'163,SH688550.瑞联新材,'43.81,'+2.60%,'0.39,'28.91,79.72%,0.50%,'2.48,1.61%,8.78%,'76,'+42.07%,电子化学品
'164,SZ000551.创元科技,'11.65,'+0.52%,'0.39,'20.99,59.34%,'-,'2.09,0.72%,10.50%,'56,'+17.80%,环保行业
'165,SZ002311.海大集团,'58.37,'+0.78%,'0.39,'19.21,47.74%,3.78%,'3.95,1.90%,22.53%,'964,'+21.26%,农牧饲渔
'166,SZ002539.云图控股,'10.85,'+0.46%,'0.39,'15.44,41.21%,0.76%,'1.45,1.85%,9.67%,'130,'+41.97%,化肥行业
'167,SZ300035.中科电气,'16.93,'+0.36%,'0.39,'27.95,68.42%,2.04%,'2.41,1.48%,8.89%,'116,'+15.23%,非金属材料
'168,SH601866.中远海发,'2.51,'+0.80%,'0.40,'19.26,50.57%,0.79%,'1.08,1.53%,5.70%,'245,'-3.11%,航运港口
'169,SH603726.朗迪集团,'17.98,'+0.06%,'0.40,'19.51,51.93%,'-,'2.51,2.22%,13.38%,'33,'+16.45%,家电行业
'170,SZ000719.中原传媒,'13.16,'-0.08%,'0.40,'12.17,25.19%,4.79%,'1.16,4.56%,9.81%,'135,'+21.42%,文化传媒
'171,SH600064.南京高科,'7.60,'+0.40%,'0.41,'6.95,18.00%,0.84%,'0.68,3.95%,10.11%,'132,'+1.56%,房地产开发
'172,SH688093.世华科技,'34.29,'+2.18%,'0.41,'27.66,70.91%,0.02%,'4.40,1.52%,16.46%,'90,'+70.95%,电子元件
'173,SZ000885.城发环境,'14.12,'-0.28%,'0.41,'7.63,19.26%,0.85%,'1.04,2.51%,14.46%,'91,'+10.61%,环保行业
'174,SZ000970.中科三环,'13.47,'+1.51%,'0.41,'129.85,408.01%,2.05%,'2.50,0.15%,1.92%,'161,'+30.13%,小金属
'175,SH600176.中国巨石,'12.38,'-0.08%,'0.42,'17.54,50.39%,10.10%,'1.61,1.94%,9.45%,'496,'+10.89%,玻璃玻纤
'176,SH688123.聚辰股份,'75.42,'+1.49%,'0.42,'35.21,102.52%,3.76%,'5.15,0.40%,15.72%,'119,'+29.42%,半导体
'177,SZ000902.新洋丰,'14.62,'+1.53%,'0.42,'12.16,30.35%,1.25%,'1.63,2.08%,14.13%,'181,'+14.65%,化肥行业
'178,SZ002936.郑州银行,'2.10,'-0.47%,'0.42,'9.97,23.44%,1.23%,'0.35,0.95%,3.55%,'149,'+0.91%,银行
'179,SZ300401.花园生物,'15.74,'-0.76%,'0.42,'27.43,71.65%,0.49%,'2.58,0.72%,9.90%,'86,'+8.19%,化学制药
'180,SH600853.龙建股份,'3.75,'-0.79%,'0.43,'9.17,22.03%,'-,'1.02,1.07%,12.84%,'38,'-5.19%,工程建设
'181,SH601377.兴业证券,'6.57,0.00%,'0.43,'24.12,59.73%,3.78%,'0.98,1.98%,4.10%,'567,'+4.95%,证券
'182,SH601686.友发集团,'6.11,'-0.33%,'0.43,'15.81,45.23%,'-,'1.32,4.89%,8.61%,'88,'+17.96%,钢铁行业
'183,SH688008.澜起科技,'90.94,'+6.79%,'0.43,'60.75,159.86%,10.07%,'8.70,0.43%,15.46%,'1041,'+34.60%,半导体
'184,SZ300308.中际旭创,'210.52,'-0.19%,'0.43,'40.79,95.97%,3.72%,'11.31,0.24%,31.55%,'2344,'+71.13%,通信设备
'185,SH603998.方盛制药,'11.03,'-2.82%,'0.44,'17.72,51.91%,'-,'2.91,2.81%,17.09%,'48,'+8.60%,中药
'186,SZ000166.申万宏源,'5.34,0.00%,'0.44,'23.05,52.80%,1.72%,'1.25,1.37%,5.56%,'1203,'-0.19%,证券
'187,SZ000404.长虹华意,'7.35,'-0.54%,'0.44,'10.70,28.09%,0.14%,'1.23,4.06%,11.99%,'51,'+3.59%,家电行业
'188,SZ000425.徐工机械,'8.44,'+1.56%,'0.44,'15.27,35.27%,4.54%,'1.59,2.17%,10.73%,'977,'+8.69%,工程机械
'189,SZ000975.山金国际,'18.79,'+1.40%,'0.44,'21.77,48.27%,2.42%,'3.76,1.97%,18.36%,'515,'+24.56%,贵金属
'190,SZ002895.川恒股份,'25.03,'+1.01%,'0.44,'14.71,34.73%,0.73%,'2.36,4.38%,16.75%,'151,'+7.09%,化学原料
'191,SZ002961.瑞达期货,'21.58,'+1.50%,'0.44,'24.18,55.20%,1.23%,'3.18,1.55%,13.72%,'95,'+51.88%,多元金融
'192,SH601128.常熟银行,'7.68,'+0.26%,'0.45,'6.46,14.37%,3.17%,'0.86,2.96%,14.12%,'255,'+15.20%,银行
'193,SH601179.中国西电,'6.57,'+0.31%,'0.45,'29.39,67.45%,2.21%,'1.51,1.26%,5.19%,'337,'-12.83%,电网设备
'194,SZ300001.特锐德,'22.98,'-0.26%,'0.45,'26.44,71.29%,2.79%,'3.21,0.65%,13.00%,'243,'+5.35%,电网设备
'195,SH600710.苏美达,'10.85,'-1.27%,'0.46,'12.06,28.70%,4.33%,'1.81,3.40%,15.76%,'142,'+21.28%,贸易行业
'196,SH603129.春风动力,'244.01,'+7.59%,'0.46,'23.13,50.98%,3.88%,'5.52,1.58%,26.73%,'372,'+58.75%,交运设备
'197,SH603337.杰克股份,'43.06,'+2.72%,'0.46,'23.58,54.15%,3.26%,'4.27,1.88%,19.02%,'205,'+43.17%,专用设备
'198,SH605499.东鹏饮料,'298.03,'-2.23%,'0.46,'39.03,87.46%,9.90%,'17.74,1.48%,50.26%,'1550,'+20.99%,食品饮料
'199,SZ300294.博雅生物,'27.09,'-0.26%,'0.46,'35.62,108.59%,5.36%,'1.80,1.18%,5.09%,'137,'-9.99%,生物制品
'200,SZ300400.劲拓股份,'20.77,'-2.67%,'0.46,'53.10,124.02%,'-,'6.33,3.66%,11.71%,'52,'+31.36%,专用设备
'201,SZ300743.天地数码,'21.36,'+2.05%,'0.46,'31.16,67.67%,'-,'4.77,2.39%,15.95%,'32,'+44.38%,非金属材料
'202,SH603890.春秋电子,'12.74,'-0.39%,'0.47,'23.59,105.35%,0.20%,'1.90,1.18%,8.40%,'56,'+9.84%,消费电子
'203,SH603893.瑞芯微,'163.20,'+0.74%,'0.47,'93.20,214.05%,3.26%,'18.25,0.67%,21.38%,'687,'+49.14%,半导体
'204,SZ000973.佛塑科技,'6.71,0.00%,'0.47,'53.45,143.16%,0.19%,'2.26,0.52%,4.25%,'65,'+13.59%,塑料制品
'205,SZ001872.招商港口,'20.36,'+0.30%,'0.47,'11.11,25.28%,0.46%,'0.81,3.65%,7.46%,'471,'+3.11%,航运港口
'206,SZ002206.海利得,'6.06,'+4.12%,'0.47,'14.22,30.18%,1.82%,'1.74,3.09%,12.42%,'68,'+46.32%,化纤行业
'207,SZ002346.柘中股份,'16.37,'+10.01%,'0.47,'18.03,70.38%,0.90%,'2.29,3.36%,12.91%,'66,'+71.68%,电网设备
'208,SZ300827.上能电气,'23.55,'+1.07%,'0.47,'25.71,55.20%,0.89%,'5.20,0.37%,22.41%,'117,'-24.78%,光伏设备
'209,SZ000985.大庆华科,'19.06,0.00%,'0.48,'135.41,300.07%,'-,'4.03,0.26%,3.04%,'25,'+2.19%,化学制品
'210,SZ002440.闰土股份,'7.71,'+1.18%,'0.48,'32.95,77.70%,0.52%,'0.91,1.97%,2.76%,'86,'+17.08%,化学制品
'211,SZ300573.兴齐眼药,'62.44,'-0.64%,'0.48,'34.32,72.35%,1.43%,'8.84,1.70%,25.82%,'154,'+26.87%,化学制药
'212,SZ300623.捷捷微电,'30.83,'+2.56%,'0.48,'50.75,110.13%,0.91%,'4.22,0.50%,10.09%,'250,'-9.29%,半导体
'213,SZ300975.商络电子,'12.21,'+0.33%,'0.48,'98.01,213.63%,0.21%,'3.81,0.10%,4.11%,'84,'+8.65%,贸易行业
'214,SH600487.亨通光电,'16.20,'+0.37%,'0.49,'14.21,30.14%,2.61%,'1.36,1.42%,10.13%,'400,'-4.50%,通信设备
'215,SH601567.三星医疗,'22.79,'+0.31%,'0.49,'13.43,28.56%,3.40%,'2.54,3.92%,20.09%,'320,'-22.97%,电网设备
'216,SH603166.福达股份,'17.52,'+2.82%,'0.49,'51.75,107.27%,0.33%,'4.60,1.14%,9.17%,'113,'+142.46%,汽车零部件
'217,SH688026.洁特生物,'19.86,'-0.60%,'0.49,'34.64,71.80%,'-,'2.31,0.37%,6.85%,'28,'+55.47%,塑料制品
'218,SH688596.正帆科技,'35.35,'+1.03%,'0.49,'19.25,42.47%,0.56%,'2.76,0.79%,15.78%,'103,'+0.27%,专用设备
'219,SZ002807.江阴银行,'4.76,'-0.83%,'0.49,'5.78,12.00%,3.35%,'0.63,4.17%,11.30%,'118,'+14.61%,银行
'220,SH601900.南方传媒,'14.37,'+0.14%,'0.50,'12.96,23.51%,0.64%,'1.48,3.83%,11.72%,'127,'-1.28%,文化传媒
'221,SH603699.纽威股份,'33.24,'+1.71%,'0.50,'20.91,42.47%,8.19%,'5.55,4.56%,28.55%,'255,'+55.34%,通用设备
'222,SZ002075.沙钢股份,'6.70,'+1.06%,'0.50,'77.05,453.87%,1.32%,'2.25,0.75%,2.90%,'145,'+7.51%,钢铁行业
'223,SZ003008.开普检测,'23.52,'+1.55%,'0.50,'27.16,63.81%,'-,'2.20,4.32%,8.15%,'24,'+35.59%,专业服务
'224,SZ002273.水晶光电,'20.97,'+0.72%,'0.51,'27.01,57.74%,4.12%,'3.13,1.44%,11.88%,'290,'-4.67%,光学光电子
'225,SZ002479.富春环保,'5.27,'-0.75%,'0.51,'14.45,42.69%,'-,'1.09,2.82%,7.75%,'46,'+14.52%,环保行业
'226,SZ300274.阳光电源,'76.90,'+1.98%,'0.51,'12.25,24.85%,4.20%,'3.83,1.43%,36.17%,'1563,'+5.92%,光伏设备
'227,SZ300763.锦浪科技,'58.87,'+0.05%,'0.51,'27.06,59.33%,1.25%,'2.75,0.34%,10.62%,'234,'-3.23%,光伏设备
'228,SH600017.日照港,'3.23,'+0.62%,'0.52,'15.97,31.51%,2.31%,'0.71,2.66%,4.54%,'99,'+3.73%,航运港口
'229,SH600558.大西洋,'5.61,'+1.81%,'0.52,'30.35,66.52%,'-,'2.09,0.98%,7.07%,'50,'+37.84%,通用设备
'230,SH600989.宝丰能源,'15.74,'+0.77%,'0.52,'15.70,28.36%,2.76%,'2.54,1.78%,17.21%,'1154,'-4.05%,化学原料
'231,SH605258.协和电子,'32.33,'-1.58%,'0.52,'40.70,90.14%,'-,'2.33,2.17%,5.81%,'28,'+9.12%,电子元件
'232,SZ002673.西部证券,'8.55,'+1.06%,'0.52,'25.24,49.34%,1.35%,'1.30,1.18%,5.24%,'378,'+6.18%,证券
'233,SZ300206.理邦仪器,'13.21,'-0.08%,'0.52,'40.61,87.11%,6.38%,'3.70,1.57%,9.26%,'77,'+20.31%,医疗器械
'234,SH600000.浦发银行,'13.79,'+0.29%,'0.53,'9.19,17.57%,2.94%,'0.56,2.97%,6.10%,'4174,'+38.08%,银行
'235,SH600420.国药现代,'11.27,'-0.79%,'0.53,'13.57,26.85%,0.69%,'1.11,2.66%,8.47%,'151,'-3.89%,化学制药
'236,SH600517.国网英大,'5.39,'+0.37%,'0.53,'17.49,33.28%,0.77%,'1.40,1.54%,8.29%,'308,'-1.20%,多元金融
'237,SH603759.海天股份,'8.57,'-0.70%,'0.53,'12.15,26.97%,'-,'1.42,0.00%,12.09%,'40,'-4.03%,公用事业
'238,SH603969.银龙股份,'8.25,'+1.60%,'0.53,'26.50,50.55%,0.35%,'2.82,0.97%,11.16%,'71,'+23.38%,通用设备
'239,SH605298.必得科技,'17.43,'+1.28%,'0.53,'67.90,129.30%,'-,'3.19,0.86%,4.79%,'33,'+30.17%,交运设备
'240,SZ002939.长城证券,'8.92,'+0.23%,'0.53,'19.60,37.01%,1.92%,'1.17,1.46%,6.14%,'359,'+9.91%,证券
'241,SH600031.三一重工,'20.02,'+1.93%,'0.54,'24.71,48.76%,11.80%,'2.27,1.80%,9.51%,'1697,'+23.92%,工程机械
'242,SZ000977.浪潮信息,'55.29,'+0.18%,'0.54,'33.19,73.65%,3.18%,'4.01,0.29%,12.70%,'812,'+6.92%,计算机设备
'243,SZ002107.沃华医药,'7.14,'-3.51%,'0.54,'61.02,116.68%,'-,'5.76,0.00%,9.90%,'43,'+49.37%,中药
'244,SZ000338.潍柴动力,'15.24,'-0.13%,'0.55,'11.55,22.87%,8.92%,'1.49,4.72%,13.36%,'1034,'+13.69%,汽车零部件
'245,SZ002802.洪汇新材,'14.04,'+0.29%,'0.55,'38.19,75.74%,'-,'4.00,1.57%,10.30%,'26,'+19.32%,化学制品
'246,SZ300831.派瑞股份,'15.39,0.00%,'0.56,'76.16,160.84%,'-,'5.30,0.31%,7.18%,'49,'-4.17%,半导体
'247,SH600483.福能股份,'9.59,'+0.21%,'0.57,'8.83,15.65%,0.68%,'1.02,3.23%,12.43%,'267,'-0.70%,电力行业
'248,SH603323.苏农银行,'5.42,'-0.73%,'0.57,'5.55,10.01%,5.62%,'0.60,3.02%,11.43%,'109,'+16.06%,银行
'249,SH603067.振华股份,'16.35,'+3.48%,'0.58,'23.02,39.27%,1.15%,'3.55,0.83%,16.41%,'116,'+82.46%,化学原料
'250,SH603380.易德龙,'33.38,'+0.82%,'0.58,'27.49,48.14%,'-,'3.46,3.00%,13.29%,'54,'+39.26%,消费电子
'251,SH603519.立霸股份,'12.74,'+0.31%,'0.58,'20.93,38.24%,'-,'2.48,7.85%,11.41%,'34,'+16.06%,家电行业
'252,SH688089.嘉必优,'27.82,'+0.11%,'0.58,'32.32,65.56%,'-,'2.93,0.72%,9.36%,'47,'+47.37%,食品饮料
'253,SH688099.晶晨股份,'73.90,'+1.72%,'0.58,'35.26,66.74%,3.36%,'4.67,0.00%,14.34%,'311,'+7.60%,半导体
'254,SZ002463.沪电股份,'52.58,0.00%,'0.58,'35.68,62.27%,6.41%,'7.99,0.95%,24.65%,'1011,'+34.76%,电子元件
'255,SZ002891.中宠股份,'57.44,'-2.18%,'0.58,'39.33,68.75%,7.01%,'6.20,0.66%,17.67%,'179,'+61.28%,农牧饲渔
'256,SZ300803.指南针,'90.18,'+1.79%,'0.58,'238.31,519.94%,2.08%,'24.14,0.00%,10.94%,'539,'+36.28%,软件开发
'257,SZ300857.协创数据,'78.57,'-0.32%,'0.58,'39.04,70.23%,0.64%,'8.03,0.26%,23.32%,'273,'+3.19%,消费电子
'258,SH600305.恒顺醋业,'7.83,'-0.25%,'0.59,'67.35,126.62%,1.47%,'2.57,1.28%,3.83%,'87,'-0.59%,食品饮料
'259,SH605305.中际联合,'37.34,'-1.99%,'0.59,'22.36,43.51%,1.49%,'2.95,1.21%,14.04%,'79,'+34.16%,风电设备
'260,SZ002454.松芝股份,'8.36,'+0.60%,'0.59,'30.86,71.03%,'-,'1.30,1.20%,4.29%,'52,'+27.37%,汽车零部件
'261,SZ002972.科安达,'13.13,'+1.00%,'0.59,'34.16,64.10%,'-,'2.56,2.31%,7.42%,'32,'+28.09%,交运设备
'262,SH601838.成都银行,'18.93,'-0.37%,'0.60,'6.16,10.26%,5.83%,'0.91,4.71%,15.96%,'802,'+15.94%,银行
'263,SH603320.迪贝电气,'20.73,'+1.12%,'0.60,'41.79,70.65%,'-,'2.71,0.68%,7.47%,'31,'+48.06%,电机
'264,SH603565.中谷物流,'10.27,'+0.20%,'0.60,'10.82,28.67%,0.92%,'1.86,7.69%,17.56%,'216,'+13.39%,物流行业
'265,SH605183.确成股份,'20.48,'-0.78%,'0.60,'15.31,26.05%,0.46%,'2.45,1.46%,17.11%,'85,'+23.59%,橡胶制品
'266,SH688508.芯朋微,'58.62,'-3.35%,'0.60,'59.86,139.46%,2.20%,'3.04,0.68%,5.17%,'77,'+37.48%,半导体
'267,SZ000682.东方电子,'10.57,'+0.76%,'0.60,'19.99,35.44%,1.27%,'2.69,0.78%,14.18%,'141,'-0.88%,电网设备
'268,SZ002140.东华科技,'10.24,'-0.39%,'0.60,'17.79,29.87%,0.42%,'1.63,1.46%,9.50%,'73,'+5.37%,工程建设
'269,SZ300476.胜宏科技,'197.65,'+4.32%,'0.60,'87.62,146.34%,3.21%,'16.46,0.16%,21.07%,'1635,'+371.51%,电子元件
'270,SZ300509.新美星,'9.35,'+0.75%,'0.60,'48.49,85.49%,'-,'4.54,1.62%,9.27%,'28,'+37.34%,专用设备
'271,SZ300813.泰林生物,'24.01,'-0.95%,'0.60,'274.42,501.31%,'-,'3.57,0.41%,1.45%,'29,'+39.77%,医疗器械
'272,SH601766.中国中车,'7.42,'+0.54%,'0.61,'14.75,28.32%,3.46%,'1.24,2.70%,8.66%,'1805,'-11.46%,交运设备
'273,SH603568.伟明环保,'19.20,'-0.05%,'0.61,'12.09,20.46%,1.31%,'2.33,2.50%,21.09%,'327,'-9.03%,环保行业
'274,SZ001206.依依股份,'25.48,'+0.04%,'0.61,'20.75,37.75%,'-,'2.49,3.42%,12.26%,'47,'+56.82%,美容护理
'275,SZ300705.九典制药,'17.66,'-2.97%,'0.61,'17.76,30.57%,1.41%,'3.44,1.71%,21.55%,'91,'+0.34%,化学制药
'276,SH600633.浙数文化,'14.22,'+0.49%,'0.62,'32.43,66.18%,0.78%,'1.78,1.76%,5.53%,'180,'+37.58%,游戏
'277,SH601077.渝农商行,'6.91,0.00%,'0.62,'6.69,11.09%,4.28%,'0.59,4.41%,9.04%,'611,'+19.81%,银行
'278,SZ000498.山东路桥,'5.88,'-0.34%,'0.62,'3.94,6.88%,1.48%,'0.38,3.39%,9.86%,'92,'+1.70%,工程建设
'279,SZ002444.巨星科技,'32.40,'+0.68%,'0.62,'16.35,26.64%,1.65%,'2.27,1.56%,14.61%,'384,'+0.15%,通用设备
'280,SZ002588.史丹利,'9.22,'-0.11%,'0.62,'12.14,22.12%,1.94%,'1.49,2.82%,13.00%,'106,'+28.64%,化肥行业
'281,SH600919.江苏银行,'11.69,'-0.60%,'0.63,'6.58,10.63%,5.33%,'0.69,4.45%,11.42%,'2145,'+25.03%,银行
'282,SZ000951.中国重汽,'18.29,'+0.44%,'0.63,'14.11,25.09%,1.12%,'1.37,3.82%,9.90%,'214,'+10.22%,汽车整车
'283,SH600489.中金黄金,'14.83,'+0.34%,'0.64,'19.74,27.46%,3.20%,'2.53,2.62%,13.22%,'719,'+26.58%,贵金属
'284,SH603733.仙鹤股份,'23.65,'+5.96%,'0.64,'17.19,28.39%,0.47%,'2.00,2.11%,12.20%,'167,'+17.43%,造纸印刷
'285,SH603809.豪能股份,'16.12,'+1.45%,'0.64,'40.05,63.93%,0.48%,'4.43,0.93%,12.68%,'139,'+82.32%,汽车零部件
'286,SH600660.福耀玻璃,'55.56,'-0.41%,'0.65,'17.81,28.34%,18.64%,'3.84,3.24%,23.06%,'1113,'-8.12%,玻璃玻纤
'287,SZ002003.伟星股份,'10.95,'-0.09%,'0.65,'17.73,27.59%,2.41%,'2.87,4.56%,16.23%,'128,'-20.69%,纺织服装
'288,SZ300415.伊之密,'21.70,'+2.17%,'0.65,'15.94,25.19%,2.80%,'3.21,2.35%,21.67%,'100,'+10.82%,专用设备
'289,SZ300529.健帆生物,'23.33,'-0.85%,'0.66,'25.95,41.18%,0.65%,'5.32,3.40%,21.42%,'188,'-17.62%,医疗器械
'290,SH600109.国金证券,'9.34,'-0.11%,'0.67,'18.39,28.26%,3.80%,'1.01,1.28%,5.61%,'347,'+8.39%,证券
'291,SH605169.洪通燃气,'13.96,'+10.01%,'0.67,'20.41,31.54%,'-,'2.03,1.79%,10.32%,'39,'+40.43%,燃气
'292,SZ002958.青农商行,'3.55,'-0.56%,'0.67,'6.74,10.95%,2.77%,'0.48,3.36%,7.32%,'198,'+20.50%,银行
'293,SZ002409.雅克科技,'55.98,'+1.14%,'0.68,'29.73,42.22%,3.46%,'3.55,1.05%,12.24%,'263,'-2.93%,电子化学品
'294,SH600999.招商证券,'18.09,'+0.44%,'0.69,'14.93,21.75%,3.09%,'1.20,2.64%,8.24%,'1343,'-3.55%,证券
'295,SH603697.有友食品,'12.56,'-1.02%,'0.69,'32.68,57.65%,'-,'2.94,3.74%,8.88%,'54,'+25.38%,食品饮料
'296,SH688019.安集科技,'149.46,'-0.29%,'0.69,'42.15,62.86%,7.58%,'8.75,0.23%,23.34%,'252,'+39.73%,电子化学品
'297,SZ300373.扬杰科技,'56.68,'+0.84%,'0.69,'27.89,43.32%,1.46%,'3.38,1.17%,12.55%,'305,'+31.33%,半导体
'298,SH603115.海星股份,'15.69,'+0.32%,'0.70,'22.30,33.19%,'-,'1.82,3.82%,8.28%,'38,'+26.75%,电子元件
'299,SH688222.成都先导,'23.78,'+0.25%,'0.70,'145.02,203.87%,0.49%,'6.69,0.25%,4.70%,'95,'+93.73%,医疗服务
'300,SZ300408.三环集团,'34.57,0.00%,'0.70,'28.93,47.38%,6.37%,'3.25,1.10%,11.73%,'663,'-9.17%,电子元件
'301,SH600062.华润双鹤,'20.33,'-0.93%,'0.71,'12.29,19.61%,1.18%,'1.93,2.32%,15.32%,'211,'+4.73%,化学制药
'302,SH601633.长城汽车,'22.61,'+1.57%,'0.71,'17.25,29.75%,1.37%,'2.34,1.99%,14.52%,'1411,'-12.35%,汽车整车
'303,SH603888.新华网,'19.58,'+0.20%,'0.71,'53.87,80.41%,0.54%,'3.73,0.53%,7.01%,'132,'+14.57%,文化传媒
'304,SZ000755.山西高速,'4.99,'-0.40%,'0.71,'15.04,21.33%,0.31%,'1.35,3.99%,9.32%,'74,'+2.58%,铁路公路
'305,SZ001914.招商积余,'13.02,'+2.60%,'0.71,'15.48,22.85%,1.51%,'1.26,1.34%,8.44%,'135,'+23.18%,房地产服务
'306,SZ002626.金达威,'20.39,'+0.39%,'0.71,'31.53,44.73%,1.14%,'2.82,1.97%,9.37%,'124,'+38.14%,食品饮料
'307,SZ300628.亿联网络,'34.05,'+0.09%,'0.71,'16.31,24.80%,3.14%,'4.53,5.57%,29.02%,'431,'-8.46%,通信设备
'308,SH600415.小商品城,'19.64,'-1.36%,'0.72,'34.04,48.47%,6.41%,'5.05,1.68%,15.92%,'1077,'+49.07%,商业百货
'309,SH603713.密尔克卫,'54.30,'+0.15%,'0.72,'14.64,21.64%,8.00%,'1.93,1.31%,13.65%,'86,'+7.50%,物流行业
'310,SH603983.丸美生物,'40.51,'+1.25%,'0.72,'44.38,63.43%,1.21%,'4.62,1.85%,10.50%,'162,'+26.96%,美容护理
'311,SZ001696.宗申动力,'24.24,'+2.11%,'0.72,'47.90,69.65%,0.45%,'5.22,0.84%,11.17%,'272,'-1.73%,交运设备
'312,SZ002396.星网锐捷,'27.96,'+2.46%,'0.72,'36.91,57.38%,7.75%,'2.39,0.92%,6.61%,'161,'+49.14%,通信设备
'313,SH601990.南京证券,'8.25,'+0.36%,'0.73,'29.95,40.95%,1.12%,'1.70,2.52%,5.75%,'304,'-3.81%,证券
'314,SH603538.美诺华,'25.02,'-5.69%,'0.73,'74.34,165.40%,'-,'2.48,0.20%,3.42%,'55,'+97.34%,化学制药
'315,SH603676.卫信康,'12.89,'-2.13%,'0.73,'23.79,35.11%,'-,'3.82,2.65%,16.23%,'56,'+31.62%,化学制药
'316,SZ002536.飞龙股份,'19.59,'+9.99%,'0.74,'28.73,35.09%,0.58%,'3.03,2.25%,10.77%,'102,'+72.78%,汽车零部件
'317,SZ002550.千红制药,'11.89,'+4.48%,'0.74,'35.27,71.37%,2.28%,'5.44,1.05%,16.21%,'146,'+95.01%,化学制药
'318,SZ300545.联得装备,'33.19,'+0.97%,'0.74,'24.76,35.24%,0.17%,'3.00,0.61%,12.99%,'59,'+6.69%,光学光电子
'319,SH600211.西藏药业,'42.12,'-4.01%,'0.75,'13.47,20.70%,0.80%,'3.31,4.65%,25.97%,'136,'+17.14%,生物制品
'320,SH601717.中创智领,'17.39,0.00%,'0.75,'7.80,11.30%,5.04%,'1.38,6.44%,18.16%,'268,'+42.96%,汽车零部件
'321,SH688080.映翰通,'49.07,'+1.43%,'0.75,'26.67,37.54%,'-,'3.40,0.41%,13.59%,'36,'+49.70%,通信设备
'322,SZ002916.深南电路,'134.84,'-0.78%,'0.75,'45.55,63.68%,2.14%,'6.00,0.85%,13.88%,'906,'+42.22%,电子元件
'323,SH603109.神驰机电,'35.77,'-1.32%,'0.76,'30.47,43.21%,'-,'3.75,0.84%,12.86%,'75,'+103.82%,通用设备
'324,SH603605.珀莱雅,'82.39,'-0.12%,'0.76,'19.91,26.84%,11.99%,'5.63,1.44%,31.86%,'326,'-1.32%,美容护理
'325,SH601702.华峰铝业,'16.40,'+1.80%,'0.77,'13.31,17.61%,0.47%,'2.82,1.83%,23.27%,'164,'-8.78%,有色金属
'326,SH603055.台华新材,'9.88,'+1.75%,'0.77,'11.90,20.12%,0.36%,'1.70,2.53%,15.14%,'88,'-8.45%,纺织服装
'327,SH603269.海鸥股份,'10.41,'+0.58%,'0.77,'31.52,43.18%,'-,'2.99,2.06%,9.79%,'32,'+39.20%,通用设备
'328,SH603530.神马电力,'29.85,'+2.05%,'0.77,'40.88,54.24%,1.62%,'6.97,1.54%,18.01%,'129,'+22.88%,电网设备
'329,SH605286.同力日升,'39.48,'+2.47%,'0.77,'23.89,31.58%,2.84%,'3.24,0.61%,14.25%,'66,'+31.34%,专用设备
'330,SH688611.杭州柯林,'38.96,'-1.32%,'0.77,'81.59,109.84%,'-,'6.67,0.37%,8.40%,'60,'+63.82%,电网设备
'331,SZ002275.桂林三金,'16.15,'-7.08%,'0.77,'19.40,32.79%,1.07%,'3.26,3.45%,17.43%,'102,'+9.70%,中药
'332,SZ002893.京能热力,'10.94,'-0.36%,'0.77,'37.74,44.46%,'-,'2.11,0.93%,5.73%,'29,'+9.48%,公用事业
'333,SZ300570.太辰光,'117.47,'-2.20%,'0.77,'88.32,117.43%,3.44%,'16.70,0.67%,20.38%,'273,'+63.01%,通信设备
'334,SH603596.伯特利,'50.99,'+6.05%,'0.78,'24.36,33.55%,6.34%,'4.53,0.69%,19.93%,'309,'+15.14%,汽车零部件
'335,SZ002966.苏州银行,'8.69,'-0.46%,'0.78,'7.55,9.82%,2.67%,'0.68,4.22%,9.87%,'390,'+9.63%,银行
'336,SZ300866.安克创新,'131.43,'+5.80%,'0.78,'28.90,42.23%,8.93%,'7.10,1.68%,25.95%,'665,'+36.66%,消费电子
'337,SZ300907.康平科技,'33.94,'+1.65%,'0.78,'37.32,48.18%,'-,'4.15,1.50%,11.02%,'32,'+61.31%,电机
'338,SZ002312.川发龙蟒,'11.28,'+0.09%,'0.79,'39.97,52.25%,0.56%,'2.23,1.25%,5.67%,'213,'-21.07%,化肥行业
'339,SZ002318.久立特材,'22.33,'+0.90%,'0.79,'13.94,17.32%,4.57%,'2.66,4.38%,20.03%,'216,'-0.77%,钢铁行业
'340,SZ002461.珠江啤酒,'10.50,'+0.96%,'0.79,'27.20,36.16%,0.71%,'2.16,1.63%,8.15%,'230,'+7.77%,酿酒行业
'341,SZ002611.东方精工,'15.64,'+9.99%,'0.79,'23.66,37.00%,1.20%,'3.27,0.91%,14.89%,'173,'+62.10%,专用设备
'342,SH601799.星宇股份,'123.59,'+1.35%,'0.80,'23.73,30.46%,8.45%,'3.34,1.21%,14.91%,'353,'-6.54%,汽车零部件
'343,SH688200.华峰测控,'143.72,'+0.52%,'0.80,'52.31,67.88%,6.53%,'5.36,0.68%,10.67%,'195,'+38.21%,半导体
'344,SZ000630.铜陵有色,'4.03,'+10.11%,'0.80,'16.48,21.48%,1.76%,'1.34,2.73%,8.37%,'468,'+28.72%,有色金属
'345,SZ002698.博实股份,'17.17,'+1.84%,'0.80,'30.32,39.96%,0.88%,'4.36,1.48%,15.10%,'172,'+2.70%,专用设备
'346,SZ003037.三和管桩,'8.79,'-1.12%,'0.80,'75.33,131.92%,'-,'1.91,0.56%,2.54%,'53,'+20.06%,水泥建材
'347,SZ300666.江丰电子,'70.27,'+0.70%,'0.80,'37.17,71.11%,1.68%,'3.95,0.44%,11.20%,'185,'+1.61%,半导体
'348,SH600995.南网储能,'10.13,'+0.20%,'0.81,'26.64,32.35%,0.25%,'1.49,1.04%,5.67%,'324,'+0.78%,电力行业
'349,SH601009.南京银行,'11.98,'+0.17%,'0.81,'7.20,8.95%,2.88%,'0.77,4.09%,11.17%,'1481,'+14.38%,银行
'350,SH605016.百龙创园,'20.53,'-1.06%,'0.81,'31.53,40.80%,1.77%,'4.90,0.71%,16.46%,'86,'+58.76%,食品饮料
'351,SZ000651.格力电器,'46.90,'+0.39%,'0.81,'7.83,10.31%,6.82%,'1.83,2.14%,25.25%,'2617,'+5.43%,家电行业
'352,SZ002920.德赛西威,'105.95,'+2.56%,'0.81,'26.03,34.03%,1.41%,'5.61,1.16%,23.70%,'573,'-2.60%,汽车零部件
'353,SZ300303.聚飞光电,'6.41,'+0.31%,'0.81,'26.82,44.83%,1.67%,'2.39,2.02%,9.76%,'90,'-3.97%,光学光电子
'354,SZ300360.炬华科技,'16.03,'+0.25%,'0.82,'11.30,15.42%,2.99%,'1.99,3.75%,18.52%,'82,'-1.93%,电网设备
'355,SZ300811.铂科新材,'55.70,0.00%,'0.82,'42.62,52.98%,0.62%,'5.98,0.36%,16.18%,'161,'+3.80%,小金属
'356,SH601117.中国化学,'8.02,'+0.25%,'0.83,'8.28,10.16%,4.82%,'0.77,2.22%,9.65%,'490,'-3.26%,工程建设
'357,SH601137.博威合金,'18.89,'+1.78%,'0.83,'10.89,13.42%,0.61%,'1.75,2.65%,17.54%,'153,'-4.21%,有色金属
'358,SH603025.大豪科技,'14.29,'+1.20%,'0.83,'26.41,31.13%,0.36%,'6.24,2.43%,24.85%,'160,'-3.76%,专用设备
'359,SZ002352.顺丰控股,'46.42,'-0.39%,'0.83,'22.48,30.09%,7.25%,'2.51,3.94%,11.32%,'2247,'+16.27%,物流行业
'360,SZ002371.北方华创,'331.58,'+0.94%,'0.83,'39.02,47.27%,10.19%,'7.26,0.24%,20.86%,'2370,'+14.76%,半导体
'361,SZ003018.金富科技,'12.39,'-0.16%,'0.83,'21.99,27.20%,'-,'2.01,2.42%,9.43%,'32,'+37.39%,塑料制品
'362,SH600496.精工钢构,'3.35,'+0.60%,'0.84,'12.38,17.11%,4.86%,'0.74,2.39%,6.10%,'67,'+13.96%,水泥建材
'363,SH688616.西力科技,'14.12,'+0.71%,'0.84,'23.56,30.42%,'-,'2.97,2.12%,12.98%,'25,'+39.10%,电网设备
'364,SZ000411.英特集团,'11.20,'-1.50%,'0.84,'11.42,13.98%,0.33%,'1.25,3.37%,11.41%,'59,'+8.92%,医药商业
'365,SZ000563.陕国投Ａ,'3.62,'-0.28%,'0.84,'13.45,17.35%,0.87%,'1.02,2.48%,7.73%,'186,'+3.18%,多元金融
'366,SH601188.龙江交通,'3.49,'-0.29%,'0.85,'27.93,31.48%,'-,'0.99,2.03%,3.57%,'46,'-1.16%,铁路公路
'367,SZ002749.国光股份,'15.49,'-0.26%,'0.85,'19.17,22.93%,0.28%,'3.54,5.82%,20.05%,'72,'+13.56%,农药兽药
'368,SH600030.中信证券,'29.16,'-0.07%,'0.86,'18.56,21.81%,4.79%,'1.43,2.45%,7.99%,'3558,'-0.03%,证券
'369,SH600377.宁沪高速,'14.22,'-0.21%,'0.87,'14.59,16.84%,0.76%,'1.81,3.45%,13.00%,'543,'-3.96%,铁路公路
'370,SH600508.上海能源,'12.41,'+2.06%,'0.87,'17.33,20.28%,0.92%,'0.69,3.22%,4.00%,'90,'-4.60%,煤炭行业
'371,SH603829.洛凯股份,'18.48,'-2.38%,'0.87,'21.78,26.76%,'-,'2.68,0.68%,13.18%,'30,'+38.10%,电网设备
'372,SH603950.长源东谷,'23.92,'+0.38%,'0.87,'29.68,35.46%,0.29%,'2.84,0.90%,9.98%,'78,'+37.04%,汽车零部件
'373,SZ003010.若羽臣,'48.90,'+0.89%,'0.87,'88.15,101.78%,0.23%,'9.95,0.77%,11.37%,'106,'+144.73%,互联网服务
'374,SH600498.烽火通信,'22.35,'+0.54%,'0.88,'36.95,45.11%,1.33%,'1.89,0.80%,5.26%,'265,'+15.88%,通信设备
'375,SH603920.世运电路,'32.79,'+0.34%,'0.88,'31.67,37.27%,0.36%,'3.55,1.83%,12.58%,'236,'+14.15%,电子元件
'376,SH600993.马应龙,'28.82,'-1.74%,'0.89,'23.26,27.20%,2.87%,'2.91,1.39%,13.05%,'124,'+10.38%,中药
'377,SH603111.康尼机电,'6.58,'+0.46%,'0.89,'15.99,16.35%,1.04%,'1.44,3.80%,9.15%,'57,'+13.16%,交运设备
'378,SH688575.亚辉龙,'15.96,'-1.30%,'0.90,'37.06,37.97%,0.31%,'3.28,1.32%,9.10%,'91,'+2.47%,医疗器械
'379,SZ000596.古井贡酒,'139.47,'-0.39%,'0.90,'12.80,14.38%,1.26%,'2.80,4.29%,23.11%,'572,'-16.02%,酿酒行业
'380,SZ002243.力合科创,'8.32,'-0.48%,'0.90,'38.80,95.15%,0.86%,'1.39,0.84%,3.63%,'101,'+4.14%,美容护理
'381,SZ002850.科达利,'116.68,'+2.03%,'0.90,'20.17,23.05%,2.43%,'2.54,1.75%,13.42%,'313,'+21.58%,电池
'382,SZ002906.华阳集团,'30.62,'+1.06%,'0.90,'23.93,27.42%,0.41%,'2.40,1.58%,10.44%,'159,'+1.09%,汽车零部件
'383,SZ002946.新乳业,'16.99,0.00%,'0.90,'25.16,26.30%,0.52%,'4.47,1.68%,19.88%,'146,'+19.02%,食品饮料
'384,SZ003031.中瓷电子,'55.43,'-0.07%,'0.90,'43.18,54.10%,0.80%,'4.06,0.76%,9.77%,'250,'+6.75%,通信设备
'385,SH600488.津药药业,'4.50,'-2.39%,'0.91,'36.81,39.61%,1.51%,'1.58,2.18%,4.35%,'49,'+8.57%,化学制药
'386,SH605116.奥锐特,'23.45,'-0.04%,'0.91,'24.30,27.37%,0.23%,'3.90,1.24%,17.43%,'95,'+12.60%,化学制药
'387,SH603181.皇马科技,'15.05,'+0.07%,'0.92,'21.52,24.51%,0.43%,'2.76,1.40%,13.65%,'89,'+32.68%,塑料制品
'388,SZ000020.深华发Ａ,'13.78,'-0.14%,'0.92,'104.83,122.20%,'-,'9.54,0.00%,9.54%,'25,'+10.95%,光学光电子
'389,SZ000913.钱江摩托,'16.58,'+0.42%,'0.92,'13.94,18.71%,2.13%,'1.78,4.72%,13.18%,'87,'-5.49%,交运设备
'390,SZ002839.张家港行,'4.53,'-0.88%,'0.92,'5.89,6.47%,4.34%,'0.56,4.38%,10.07%,'112,'+8.55%,银行
'391,SH603823.百合花,'12.89,'-0.23%,'0.93,'29.62,34.84%,'-,'2.23,1.16%,7.80%,'54,'+40.39%,化学制品
'392,SZ000928.中钢国际,'6.34,'+0.16%,'0.93,'10.66,12.78%,1.47%,'1.06,4.72%,10.20%,'91,'+4.22%,工程咨询服务
'393,SH603311.金海高科,'11.87,'+0.25%,'0.94,'31.14,49.13%,'-,'2.06,1.01%,6.87%,'28,'+20.18%,家电行业
'394,SH605155.西大门,'13.05,'+3.00%,'0.94,'20.46,22.76%,'-,'1.92,1.92%,9.66%,'25,'+32.47%,家用轻工
'395,SZ000021.深科技,'18.71,'+0.59%,'0.95,'29.39,33.30%,0.83%,'2.39,1.02%,8.53%,'290,'-0.76%,消费电子
'396,SH600018.上港集团,'5.70,0.00%,'0.96,'8.75,10.08%,0.71%,'0.97,3.42%,11.47%,'1327,'-4.45%,航运港口
'397,SH600060.海信视像,'22.51,'-1.96%,'0.96,'12.59,16.26%,4.35%,'1.45,3.58%,11.86%,'294,'+12.89%,家电行业
'398,SH600575.淮河能源,'3.55,'+0.28%,'0.96,'16.95,18.58%,0.38%,'1.17,3.38%,7.05%,'138,'-10.58%,电力行业
'399,SH601216.君正集团,'5.39,'+0.19%,'0.96,'14.68,17.05%,1.24%,'1.61,2.78%,11.07%,'455,'+5.37%,化学原料
'400,SH603298.杭叉集团,'21.70,'+1.73%,'0.96,'13.67,14.52%,4.11%,'2.68,2.30%,21.25%,'284,'+24.52%,工程机械
'401,SZ002825.纳尔股份,'10.62,'+1.05%,'0.96,'20.28,28.67%,'-,'2.25,1.33%,11.60%,'36,'+37.35%,塑料制品
'402,SH600900.长江电力,'27.97,'-0.46%,'0.97,'20.30,20.93%,6.19%,'3.17,3.37%,16.00%,'6844,'-2.27%,电力行业
'403,SH601098.中南传媒,'12.99,'+0.08%,'0.97,'16.03,14.32%,4.78%,'1.46,4.23%,9.21%,'233,'-10.52%,文化传媒
'404,SH688018.乐鑫科技,'160.00,0.00%,'0.97,'66.13,74.04%,3.31%,'11.15,0.27%,18.36%,'251,'+2.82%,半导体
'405,SZ002595.豪迈科技,'57.27,'+2.51%,'0.97,'20.97,22.88%,3.29%,'4.29,1.39%,21.97%,'447,'+14.89%,专用设备
'406,SH600282.南钢股份,'4.58,'-0.43%,'0.98,'12.36,12.85%,1.23%,'1.06,4.04%,8.58%,'282,'-0.41%,钢铁行业
'407,SH600908.无锡银行,'6.15,'-0.49%,'0.99,'5.94,6.19%,1.56%,'0.57,3.58%,9.97%,'135,'+7.69%,银行
'408,SH603586.金麒麟,'18.85,'+1.78%,'0.99,'24.66,25.12%,'-,'1.58,2.12%,6.51%,'37,'+33.21%,汽车零部件
'409,SZ002138.顺络电子,'28.90,'-1.30%,'0.99,'24.85,26.63%,6.23%,'3.81,2.05%,15.68%,'236,'-6.33%,电子元件
'410,SZ002871.伟隆股份,'10.98,'+0.64%,'0.99,'20.39,21.75%,'-,'3.11,2.80%,16.17%,'27,'+17.06%,通用设备
'411,SH600208.衢州发展,'4.12,'+0.24%,'1.00,'32.83,25.99%,1.34%,'0.84,0.00%,2.55%,'351,'+39.19%,房地产开发
'412,SH600577.精达股份,'7.81,'+0.64%,'1.00,'29.05,31.61%,0.92%,'2.85,1.14%,10.25%,'168,'+7.87%,电网设备
'413,SH600729.重庆百货,'28.86,'-0.21%,'1.00,'9.38,10.32%,2.83%,'1.60,4.72%,17.90%,'127,'+3.50%,商业百货
'414,SH600742.富维股份,'10.55,'+0.48%,'1.00,'15.26,15.28%,3.87%,'0.91,3.32%,6.09%,'78,'+23.74%,汽车零部件
'415,SH688088.虹软科技,'51.46,'+3.21%,'1.00,'107.42,124.40%,0.36%,'7.46,0.78%,7.03%,'206,'+34.21%,互联网服务
'416,SH600323.瀚蓝环境,'27.54,'+0.47%,'1.01,'13.19,13.27%,0.68%,'1.62,2.90%,12.94%,'225,'+20.56%,环保行业
'417,SH603687.大胜达,'7.80,'+0.13%,'1.01,'36.28,46.59%,'-,'1.31,0.75%,3.64%,'43,'+7.87%,包装材料
'418,SZ002688.金河生物,'7.91,'+4.08%,'1.01,'39.87,45.59%,'-,'2.53,1.32%,6.48%,'59,'+79.70%,农药兽药
'419,SZ300867.圣元环保,'17.79,'-0.06%,'1.01,'24.02,26.51%,'-,'1.29,0.38%,5.53%,'48,'+38.07%,环保行业
'420,SH601168.西部矿业,'17.47,'+0.58%,'1.02,'13.09,13.17%,4.92%,'2.51,5.72%,19.66%,'416,'+15.73%,有色金属
'421,SH605111.新洁能,'32.64,'+0.74%,'1.02,'30.62,31.27%,2.80%,'3.34,0.36%,11.44%,'136,'-3.54%,半导体
'422,SZ000333.美的集团,'71.70,'+0.45%,'1.02,'13.06,13.65%,14.64%,'2.38,4.91%,20.86%,'5014,'-0.07%,家电行业
'423,SZ002546.新联电子,'5.95,'-0.17%,'1.02,'12.72,33.77%,'-,'1.45,2.01%,11.90%,'50,'+40.77%,电网设备
'424,SH600025.华能水电,'9.27,0.00%,'1.03,'19.09,18.57%,0.68%,'2.22,2.16%,12.19%,'1669,'-0.54%,电力行业
'425,SH600906.财达证券,'7.26,'+0.41%,'1.03,'33.97,33.22%,0.85%,'1.95,1.38%,5.84%,'236,'+2.25%,证券
'426,SH688278.特宝生物,'86.74,'-1.88%,'1.03,'40.06,39.43%,0.42%,'12.83,0.71%,37.06%,'353,'+19.22%,生物制品
'427,SZ002782.可立克,'14.56,'+1.89%,'1.03,'28.57,29.67%,0.97%,'3.47,1.04%,12.65%,'71,'+16.53%,电子元件
'428,SH600694.大商股份,'19.47,'-0.76%,'1.04,'11.51,11.70%,4.50%,'0.76,4.67%,6.67%,'68,'-15.22%,商业百货
'429,SZ300750.宁德时代,'265.00,'-0.26%,'1.04,'20.76,22.41%,13.78%,'4.11,2.18%,23.77%,'11700,'+2.10%,电池
'430,SH603486.科沃斯,'88.95,'+1.43%,'1.05,'52.01,62.16%,1.65%,'6.59,0.51%,13.47%,'511,'+90.85%,家电行业
'431,SH605128.上海沿浦,'36.39,'+2.83%,'1.05,'50.17,47.29%,0.25%,'3.78,0.72%,9.37%,'77,'+47.56%,汽车零部件
'432,SZ002880.卫光生物,'29.68,'-0.74%,'1.06,'27.08,24.41%,0.24%,'3.01,0.67%,11.60%,'68,'+10.64%,生物制品
'433,SH600885.宏发股份,'24.57,'+0.20%,'1.07,'20.49,20.29%,20.32%,'3.61,1.50%,18.76%,'359,'+9.88%,电网设备
'434,SH688557.兰剑智能,'37.38,'+2.92%,'1.07,'30.68,32.09%,'-,'3.26,0.88%,11.07%,'38,'+97.38%,通用设备
'435,SH688122.西部超导,'55.36,'+0.16%,'1.08,'41.81,43.79%,2.51%,'5.25,0.18%,12.90%,'360,'+29.58%,有色金属
'436,SH688289.圣湘生物,'22.18,'-0.72%,'1.08,'44.88,54.39%,0.52%,'1.75,2.37%,3.91%,'129,'-0.94%,医疗器械
'437,SZ000534.万泽股份,'16.16,'-3.81%,'1.08,'42.90,47.73%,0.22%,'5.74,0.71%,15.03%,'86,'+25.56%,生物制品
'438,SZ002655.共达电声,'13.38,'+0.83%,'1.08,'57.17,49.19%,'-,'6.83,0.23%,12.59%,'48,'+5.35%,消费电子
'439,SZ003000.劲仔食品,'12.74,'+0.08%,'1.08,'20.12,20.71%,0.53%,'3.85,3.14%,20.00%,'57,'-4.90%,食品饮料
'440,SH600183.生益科技,'40.32,'-0.32%,'1.09,'51.28,48.51%,6.86%,'6.28,1.49%,12.74%,'979,'+71.45%,电子元件
'441,SH600901.江苏金租,'5.93,'-1.33%,'1.09,'11.44,10.73%,1.31%,'1.38,4.55%,13.71%,'343,'+18.70%,多元金融
'442,SH601229.上海银行,'10.50,'+0.10%,'1.09,'6.29,5.78%,4.57%,'0.58,4.76%,9.41%,'1492,'+17.17%,银行
'443,SH600549.厦门钨业,'23.13,'+1.45%,'1.10,'21.70,21.13%,2.40%,'2.25,1.82%,12.11%,'367,'+22.45%,小金属
'444,SH603500.祥和实业,'9.88,'+0.61%,'1.10,'35.56,32.62%,'-,'3.32,1.32%,9.39%,'33,'+30.11%,交运设备
'445,SZ001202.炬申股份,'13.86,0.00%,'1.10,'30.95,29.17%,'-,'3.04,1.67%,10.06%,'23,'+29.14%,物流行业
'446,SZ002142.宁波银行,'28.92,'+1.51%,'1.10,'6.83,6.18%,3.77%,'0.80,3.16%,12.37%,'1881,'+22.93%,银行
'447,SH605369.拱东医疗,'20.01,'-0.84%,'1.11,'28.66,24.85%,0.42%,'2.54,2.50%,9.01%,'44,'+1.21%,医疗器械
'448,SZ000963.华东医药,'44.00,'-3.00%,'1.11,'22.32,21.06%,2.27%,'3.31,2.05%,15.49%,'796,'+28.84%,化学制药
'449,SZ300394.天孚通信,'103.03,'-0.17%,'1.11,'57.21,52.40%,2.31%,'18.50,0.69%,35.83%,'802,'+58.76%,通信设备
'450,SZ300701.森霸传感,'11.13,'+1.09%,'1.11,'90.43,52.04%,'-,'3.29,1.23%,3.66%,'31,'+9.73%,光学光电子
'451,SH600141.兴发集团,'24.96,'+1.26%,'1.12,'17.99,16.70%,0.93%,'1.25,4.01%,7.10%,'275,'+20.68%,化肥行业
'452,SZ002083.孚日股份,'5.01,'+0.81%,'1.12,'12.22,10.89%,'-,'1.04,5.51%,9.10%,'47,'+5.61%,纺织服装
'453,SZ002945.华林证券,'15.28,'+0.20%,'1.12,'102.59,89.81%,0.24%,'5.91,0.26%,6.06%,'412,'-0.05%,证券
'454,SZ002980.华盛昌,'24.18,'-1.67%,'1.12,'33.19,30.74%,'-,'4.12,2.12%,12.73%,'47,'+35.38%,仪器仪表
'455,SH688101.三达膜,'14.98,'+1.97%,'1.13,'15.34,15.24%,'-,'1.21,1.54%,8.11%,'50,'+14.44%,环保行业
'456,SZ002252.上海莱士,'6.93,'-0.43%,'1.13,'23.07,20.12%,1.67%,'1.42,1.01%,6.36%,'462,'-3.56%,生物制品
'457,SZ002683.广东宏大,'38.05,'+4.10%,'1.13,'30.33,28.07%,0.79%,'4.21,1.78%,14.01%,'278,'+45.81%,采掘行业
'458,SZ300193.佳士科技,'9.72,'+0.83%,'1.13,'18.17,16.54%,'-,'2.01,4.30%,10.96%,'46,'+11.78%,通用设备
'459,SH600461.洪城环境,'9.34,'-1.06%,'1.14,'10.01,9.02%,0.63%,'1.23,4.97%,12.95%,'120,'-1.44%,公用事业
'460,SH600882.妙可蓝多,'27.36,'+1.82%,'1.14,'90.55,151.52%,0.59%,'3.12,0.00%,3.50%,'140,'+52.85%,食品饮料
'461,SH603366.日出东方,'9.68,'+0.52%,'1.14,'36.11,44.67%,0.52%,'1.91,0.56%,5.42%,'79,'-16.89%,家电行业
'462,SZ000936.华西股份,'7.32,'+0.83%,'1.15,'48.15,43.97%,0.72%,'1.23,0.55%,2.57%,'64,'-10.14%,化纤行业
'463,SH601995.中金公司,'36.53,'+0.36%,'1.16,'27.14,23.59%,2.43%,'1.51,0.74%,5.83%,'1068,'+8.43%,证券
'464,SH605099.共创草坪,'31.21,'-1.14%,'1.16,'22.96,19.93%,1.16%,'4.30,2.05%,19.81%,'125,'+51.63%,家用轻工
'465,SZ003017.大洋生物,'32.15,'-5.41%,'1.16,'37.48,32.72%,'-,'2.64,0.88%,7.36%,'29,'+74.77%,化学原料
'466,SH600161.天坛生物,'20.53,'-2.52%,'1.17,'27.49,24.02%,2.23%,'3.57,0.49%,13.72%,'406,'+0.67%,生物制品
'467,SH600163.中闽能源,'5.34,'-0.19%,'1.17,'14.73,13.05%,0.38%,'1.45,1.93%,10.22%,'102,'-10.96%,电力行业
'468,SH601577.长沙银行,'10.21,'+0.20%,'1.17,'5.19,4.44%,3.61%,'0.52,4.11%,10.71%,'411,'+19.70%,银行
'469,SZ002014.永新股份,'11.69,0.00%,'1.17,'15.23,13.86%,0.54%,'2.67,5.30%,19.25%,'72,'+12.34%,包装材料
'470,SZ002911.佛燃能源,'10.32,'+0.10%,'1.17,'15.67,14.08%,0.35%,'1.60,4.66%,10.33%,'134,'-14.85%,燃气
'471,SZ003033.征和工业,'47.11,'+3.70%,'1.17,'23.52,23.87%,'-,'2.83,1.10%,12.64%,'37,'+77.54%,汽车零部件
'472,SZ300470.中密控股,'38.56,'+1.21%,'1.17,'19.62,18.01%,9.38%,'2.85,2.63%,14.92%,'79,'+3.70%,通用设备
'473,SZ301003.江苏博云,'34.50,'+5.15%,'1.17,'22.73,20.22%,'-,'2.58,5.59%,11.60%,'32,'+66.60%,塑料制品
'474,SH601928.凤凰传媒,'10.99,'+0.18%,'1.18,'16.00,10.93%,1.77%,'1.39,4.55%,8.81%,'280,'-0.56%,文化传媒
'475,SH603005.晶方科技,'30.35,'+5.60%,'1.18,'73.62,72.11%,0.63%,'4.56,0.28%,6.34%,'198,'+7.76%,半导体
'476,SH688100.威胜信息,'34.91,'+0.06%,'1.18,'25.85,22.69%,0.38%,'5.17,1.49%,21.00%,'172,'-2.13%,通信设备
'477,SZ002244.滨江集团,'9.64,'-0.41%,'1.18,'10.52,9.28%,1.65%,'1.06,0.93%,10.52%,'301,'+11.96%,房地产开发
'478,SH688015.交控科技,'22.46,'+0.40%,'1.19,'47.69,67.74%,'-,'1.65,1.02%,3.50%,'42,'+14.57%,交运设备
'479,SZ000507.珠海港,'5.49,'-0.36%,'1.19,'16.18,15.20%,0.44%,'0.84,1.18%,4.93%,'51,'+8.94%,航运港口
'480,SZ002758.浙农股份,'9.03,'-1.42%,'1.19,'12.52,12.25%,2.25%,'1.00,3.28%,8.14%,'48,'+6.63%,综合行业
'481,SH688128.中国电研,'27.58,'+4.11%,'1.20,'21.32,20.25%,0.81%,'3.32,1.81%,16.48%,'112,'+34.09%,专用设备
'482,SH600276.恒瑞医药,'61.58,'-1.16%,'1.21,'59.74,51.34%,8.39%,'8.70,0.32%,15.40%,'3928,'+34.64%,化学制药
'483,SH600386.北巴传媒,'4.73,0.00%,'1.21,'199.24,122.77%,'-,'2.17,0.42%,1.09%,'38,'+5.82%,汽车服务
'484,SH600529.山东药玻,'22.83,'-0.35%,'1.21,'16.02,13.80%,1.04%,'1.84,2.72%,11.83%,'152,'-10.13%,医疗器械
'485,SH600559.老白干酒,'16.84,'-0.06%,'1.21,'19.18,16.86%,0.50%,'2.82,3.27%,15.42%,'154,'-17.07%,酿酒行业
'486,SH600690.海尔智家,'25.23,'+0.80%,'1.21,'12.17,10.53%,7.19%,'2.01,3.82%,17.29%,'1578,'-8.18%,家电行业
'487,SZ002580.圣阳股份,'13.64,'+1.49%,'1.21,'28.48,27.02%,0.31%,'2.72,0.30%,9.92%,'61,'+61.30%,电池
'488,SH600580.卧龙电驱,'24.94,'+6.67%,'1.22,'46.47,47.34%,0.69%,'3.77,0.50%,8.40%,'390,'+75.10%,电机
'489,SH600681.百川能源,'3.68,'-0.81%,'1.22,'14.82,13.99%,0.96%,'1.31,6.39%,8.87%,'49,'+9.66%,燃气
'490,SZ002201.九鼎新材,'7.63,'-0.13%,'1.22,'134.22,84.99%,'-,'4.47,0.18%,3.37%,'50,'+47.29%,玻璃玻纤
'491,SH603112.华翔股份,'17.03,'+2.65%,'1.23,'18.44,17.37%,0.45%,'2.77,2.28%,16.14%,'92,'+37.19%,家电行业
'492,SH603328.依顿电子,'10.42,'+1.17%,'1.23,'23.17,19.60%,0.73%,'2.51,1.90%,11.17%,'104,'+7.69%,电子元件
'493,SZ000030.富奥股份,'6.22,'+2.13%,'1.23,'15.48,13.48%,2.93%,'1.29,2.46%,8.48%,'102,'+24.33%,汽车零部件
'494,SZ002028.思源电气,'77.30,'-0.59%,'1.23,'28.39,24.98%,19.90%,'4.70,0.64%,18.02%,'605,'+7.05%,电网设备
'495,SZ002361.神剑股份,'7.29,'-0.14%,'1.24,'181.02,133.18%,0.09%,'3.10,0.68%,1.69%,'69,'+34.82%,塑料制品
'496,SZ300610.晨化股份,'12.35,0.00%,'1.24,'29.85,40.17%,'-,'2.24,1.62%,7.70%,'27,'+25.71%,塑料制品
'497,SZ300596.利安隆,'32.45,'-1.76%,'1.25,'17.76,14.58%,0.85%,'1.66,1.12%,9.72%,'76,'+7.79%,塑料制品
'498,SH603040.新坐标,'49.78,'+2.28%,'1.26,'29.56,25.86%,'-,'4.75,1.81%,16.97%,'68,'+121.44%,汽车零部件
'499,SH603309.维力医疗,'14.18,'-1.87%,'1.26,'17.72,14.53%,'-,'2.23,3.53%,12.88%,'42,'+23.37%,医疗器械
'500,SH600863.内蒙华电,'4.06,'+0.25%,'1.27,'12.15,9.77%,0.61%,'1.41,5.42%,11.46%,'265,'-1.28%,电力行业
