排名,股票,价,涨,便宜指数,北上持股,PE.扣非,PE.TTM,PB,股息,ROE,市值(亿),今年来,行业
'1,SH600015.华夏银行,'8.08,0.00%,'13.98,3.22%,'4.81,'4.79,'0.35,5.01%,7.77%,'1285.93,'+6.13%,银行
'2,SH601997.贵阳银行,'6.46,'-0.92%,'13.71,4.23%,'4.73,'4.67,'0.35,4.49%,7.75%,'236.19,'+13.00%,银行
'3,SZ000498.山东路桥,'5.88,'-0.34%,'13.12,1.48%,'4.24,'3.94,'0.38,3.39%,9.86%,'91.59,'+1.70%,工程建设
'4,SH601169.北京银行,'6.52,'-0.46%,'12.99,4.46%,'5.36,'5.38,'0.38,4.91%,7.35%,'1378.52,'+11.25%,银行
'5,SH601186.中国铁建,'8.10,'-0.25%,'12.97,1.27%,'5.36,'5.15,'0.33,3.70%,6.56%,'931.76,'-8.50%,工程建设
'6,SH600016.民生银行,'4.98,'-1.39%,'12.15,3.50%,'6.87,'6.90,'0.33,3.86%,4.89%,'1766.01,'+21.98%,银行
'7,SH601818.光大银行,'4.12,0.00%,'11.97,2.89%,'5.79,'5.83,'0.42,4.59%,7.25%,'1911.96,'+11.71%,银行
'8,SZ000001.平安银行,'12.46,'-0.08%,'11.82,4.27%,'5.50,'5.54,'0.48,4.88%,8.81%,'2419.92,'+9.85%,银行
'9,SH601668.中国建筑,'5.66,'-0.18%,'11.68,3.88%,'5.61,'5.05,'0.49,4.80%,10.06%,'2338.73,'-1.26%,工程建设
'10,SH601919.中远海控,'15.63,'+1.10%,'11.42,3.50%,'4.49,'4.48,'0.99,9.96%,24.18%,'1970.93,'+7.69%,航运港口
'11,SH601577.长沙银行,'10.21,'+0.20%,'11.30,3.61%,'5.19,'5.19,'0.52,4.11%,10.71%,'410.60,'+19.70%,银行
'12,SH601916.浙商银行,'3.44,'-0.58%,'11.20,3.05%,'6.19,'6.21,'0.47,4.53%,7.72%,'741.13,'+23.45%,银行
'13,SH601390.中国中铁,'5.68,0.00%,'11.17,3.04%,'6.19,'5.32,'0.39,3.13%,7.51%,'1166.31,'-8.28%,工程建设
'14,SH600502.安徽建工,'4.83,'-0.41%,'11.11,1.29%,'6.66,'6.16,'0.50,5.59%,9.14%,'82.91,'+6.93%,工程建设
'15,SZ001227.兰州银行,'2.47,'-0.80%,'10.82,2.20%,'7.94,'7.46,'0.40,4.06%,5.51%,'141.82,'+4.58%,银行
'16,SZ002839.张家港行,'4.53,'-0.88%,'10.66,4.34%,'5.96,'5.89,'0.56,4.38%,10.07%,'111.71,'+8.55%,银行
'17,SH601166.兴业银行,'22.98,'-0.48%,'10.65,3.53%,'6.38,'6.34,'0.54,4.61%,8.89%,'4863.22,'+25.53%,银行
'18,SH601229.上海银行,'10.50,'+0.10%,'10.57,4.57%,'6.28,'6.29,'0.58,4.76%,9.41%,'1491.94,'+17.17%,银行
'19,SH600248.陕建股份,'3.91,0.00%,'10.48,0.43%,'6.86,'5.18,'0.46,3.59%,9.74%,'146.22,'-10.67%,工程建设
'20,SZ002807.江阴银行,'4.76,'-0.83%,'10.20,3.35%,'5.92,'5.78,'0.63,4.17%,11.30%,'118.15,'+14.61%,银行
'21,SH600908.无锡银行,'6.15,'-0.49%,'9.97,1.56%,'6.10,'5.94,'0.57,3.58%,9.97%,'134.97,'+7.69%,银行
'22,SH601077.渝农商行,'6.91,0.00%,'9.97,4.28%,'6.89,'6.69,'0.59,4.41%,9.04%,'611.10,'+19.81%,银行
'23,SH601998.中信银行,'8.38,'-0.59%,'9.86,0.91%,'6.83,'6.77,'0.58,4.15%,8.75%,'3415.94,'+22.41%,银行
'24,SZ002958.青农商行,'3.55,'-0.56%,'9.81,2.77%,'7.30,'6.74,'0.48,3.36%,7.32%,'198.34,'+20.50%,银行
'25,SH600820.隧道股份,'6.64,'-0.60%,'9.81,1.54%,'8.47,'7.65,'0.58,4.97%,8.31%,'208.77,'-7.65%,工程建设
'26,SH601665.齐鲁银行,'6.24,'-0.32%,'9.79,2.54%,'6.26,'6.13,'0.66,4.06%,11.31%,'317.45,'+16.75%,银行
'27,SH600153.建发股份,'10.20,'-0.10%,'9.75,3.69%,'17.19,'10.11,'0.42,6.98%,4.11%,'295.75,'+4.05%,贸易行业
'28,SH600919.江苏银行,'11.69,'-0.60%,'9.72,5.33%,'6.67,'6.58,'0.69,4.45%,11.42%,'2145.27,'+25.03%,银行
'29,SH603323.苏农银行,'5.42,'-0.73%,'9.71,5.62%,'5.74,'5.55,'0.60,3.02%,11.43%,'109.40,'+16.06%,银行
'30,SH601963.重庆银行,'10.33,'-0.48%,'9.69,2.94%,'7.01,'6.90,'0.58,4.01%,8.62%,'195.81,'+15.95%,银行
'31,SH601838.成都银行,'18.93,'-0.37%,'9.68,5.83%,'6.18,'6.16,'0.91,4.71%,15.96%,'802.34,'+15.94%,银行
'32,SH601528.瑞丰银行,'5.71,'-0.70%,'9.67,4.37%,'6.45,'5.75,'0.59,3.50%,10.82%,'112.04,'+5.43%,银行
'33,SH601800.中国交建,'9.21,'-0.11%,'9.64,0.96%,'7.90,'6.60,'0.47,3.28%,7.22%,'1092.32,'-8.89%,工程建设
'34,SH601187.厦门银行,'7.10,0.00%,'9.64,2.96%,'7.50,'7.53,'0.59,4.37%,7.96%,'187.38,'+28.87%,银行
'35,SH601860.紫金银行,'3.01,'-0.66%,'9.53,2.53%,'6.73,'6.72,'0.55,3.32%,8.42%,'110.20,'+9.42%,银行
'36,SH601825.沪农商行,'9.33,'-0.53%,'9.36,1.83%,'7.35,'7.32,'0.72,4.63%,10.16%,'899.83,'+11.75%,银行
'37,SH600928.西安银行,'3.90,'+0.26%,'9.30,2.00%,'6.71,'6.70,'0.51,2.56%,7.93%,'173.33,'+10.64%,银行
'38,SH601328.交通银行,'7.72,'-0.64%,'9.21,2.62%,'7.32,'7.26,'0.59,3.61%,8.24%,'4118.77,'+4.54%,银行
'39,SZ002966.苏州银行,'8.69,'-0.46%,'9.14,2.67%,'7.63,'7.55,'0.68,4.22%,9.87%,'390.29,'+9.63%,银行
'40,SH601009.南京银行,'11.98,'+0.17%,'8.90,2.88%,'7.29,'7.20,'0.77,4.09%,11.17%,'1481.16,'+14.38%,银行
'41,SZ002948.青岛银行,'5.11,'+0.99%,'8.88,1.83%,'6.79,'6.63,'0.66,3.16%,10.37%,'178.54,'+35.89%,银行
'42,SH601398.工商银行,'7.76,0.00%,'8.87,0.92%,'7.66,'7.63,'0.69,3.97%,9.18%,'20921.91,'+16.98%,银行
'43,SH601988.中国银行,'5.66,'+0.18%,'8.87,0.69%,'7.74,'7.72,'0.65,3.78%,8.62%,'13504.20,'+7.35%,银行
'44,SZ002936.郑州银行,'2.10,'-0.47%,'8.87,1.23%,'9.94,'9.97,'0.35,0.95%,3.55%,'149.21,'+0.91%,银行
'45,SH600926.杭州银行,'16.36,'-0.43%,'8.81,4.28%,'6.72,'6.64,'0.81,3.58%,13.61%,'1185.94,'+13.83%,银行
'46,SH600036.招商银行,'45.12,'-0.29%,'8.63,6.62%,'7.73,'7.71,'0.91,4.43%,12.48%,'9307.78,'+19.78%,银行
'47,SZ000543.皖能电力,'7.12,0.00%,'8.45,0.33%,'7.94,'7.86,'1.00,4.48%,13.52%,'161.40,'-5.90%,电力行业
'48,SZ002142.宁波银行,'28.92,'+1.51%,'8.45,3.77%,'6.80,'6.83,'0.80,3.16%,12.37%,'1881.36,'+22.93%,银行
'49,SH601128.常熟银行,'7.68,'+0.26%,'8.38,3.17%,'6.49,'6.46,'0.86,2.96%,14.12%,'254.71,'+15.20%,银行
'50,SH601717.中创智领,'17.39,0.00%,'8.35,5.04%,'8.47,'7.80,'1.38,6.44%,18.16%,'268.18,'+42.96%,汽车零部件
'51,SZ002091.江苏国泰,'7.38,'-0.67%,'8.32,1.73%,'11.32,'10.65,'0.76,5.38%,7.24%,'120.93,'+5.03%,贸易行业
'52,SH600970.中材国际,'9.12,'-0.22%,'8.30,2.35%,'9.03,'8.00,'1.11,4.93%,14.51%,'240.76,'+1.13%,工程建设
'53,SH601288.农业银行,'6.62,'+1.22%,'8.29,0.96%,'8.18,'8.17,'0.74,3.65%,9.26%,'21133.97,'+29.36%,银行
'54,SH601857.中国石油,'8.64,'+0.58%,'8.29,0.53%,'9.08,'9.54,'1.01,5.44%,10.85%,'13990.07,'-0.58%,石油行业
'55,SH600219.南山铝业,'4.05,'+0.75%,'8.28,6.45%,'8.15,'8.28,'0.91,4.21%,11.42%,'470.35,'+6.16%,有色金属
'56,SH600000.浦发银行,'13.79,'+0.29%,'8.25,2.94%,'9.36,'9.19,'0.56,2.97%,6.10%,'4173.91,'+38.08%,银行
'57,SH601658.邮储银行,'5.90,'+0.85%,'8.23,0.94%,'8.33,'8.26,'0.71,3.51%,8.57%,'5914.09,'+9.02%,银行
'58,SH600008.首创环保,'3.10,0.00%,'8.21,1.90%,'14.32,'6.38,'0.77,5.48%,12.06%,'227.56,'-0.27%,公用事业
'59,SH600704.物产中大,'5.44,'-0.73%,'8.19,2.51%,'10.68,'8.70,'0.65,3.88%,7.96%,'281.31,'+11.53%,物流行业
'60,SH600096.云天化,'24.56,'+1.32%,'8.16,12.59%,'8.91,'8.67,'1.89,5.74%,23.52%,'447.73,'+16.89%,化肥行业
'61,SH600741.华域汽车,'18.02,'+0.50%,'8.03,4.42%,'9.75,'8.48,'0.90,4.44%,10.95%,'568.12,'+6.87%,汽车零部件
'62,SH600023.浙能电力,'5.24,'-0.19%,'8.00,1.28%,'10.96,'10.02,'0.94,5.53%,9.72%,'702.62,'-2.40%,电力行业
'63,SH601107.四川成渝,'5.64,'-1.23%,'7.99,1.27%,'11.87,'11.32,'0.86,5.14%,8.44%,'121.98,'+12.90%,铁路公路
'64,SH600582.天地科技,'6.32,'+0.48%,'7.99,1.80%,'11.60,'7.77,'1.01,5.02%,13.59%,'261.56,'+7.70%,专用设备
'65,SH603368.柳药集团,'18.33,'-1.13%,'7.96,0.82%,'8.96,'8.75,'0.92,4.11%,11.23%,'72.80,'+7.27%,医药商业
'66,SH601156.东航物流,'14.39,'+0.91%,'7.96,1.07%,'9.09,'8.64,'1.27,4.70%,15.51%,'228.45,'-12.78%,物流行业
'67,SH600694.大商股份,'19.47,'-0.76%,'7.94,4.50%,'12.18,'11.51,'0.76,4.67%,6.67%,'67.71,'-15.22%,商业百货
'68,SH600035.楚天高速,'4.32,'-0.23%,'7.91,1.77%,'9.79,'9.11,'0.78,3.94%,8.79%,'69.56,'-2.38%,铁路公路
'69,SZ000726.鲁泰Ａ,'6.98,'+1.16%,'7.89,'-,'12.57,'11.50,'0.59,3.62%,5.20%,'40.79,'+8.82%,纺织服装
'70,SH600938.中国海油,'26.01,'-0.08%,'7.87,1.99%,'9.44,'9.17,'1.58,4.93%,18.09%,'777.70,'-9.85%,石油行业
'71,SZ000685.中山公用,'9.71,'+0.41%,'7.86,1.09%,'10.70,'10.84,'0.83,4.47%,7.77%,'142.64,'+10.51%,公用事业
'72,SH600269.赣粤高速,'5.15,'-0.19%,'7.82,1.98%,'10.85,'9.14,'0.63,3.30%,7.08%,'120.27,'-5.17%,铁路公路
'73,SH600020.中原高速,'4.59,0.00%,'7.81,1.27%,'11.30,'10.83,'0.66,3.70%,6.24%,'103.15,'+12.58%,铁路公路
'74,SH600642.申能股份,'8.15,'+0.12%,'7.79,1.25%,'11.53,'10.51,'1.00,5.52%,10.02%,'398.87,'-9.65%,电力行业
'75,SH600461.洪城环境,'9.34,'-1.06%,'7.77,0.63%,'10.29,'10.01,'1.23,4.97%,12.95%,'119.94,'-1.44%,公用事业
'76,SH600177.雅戈尔,'7.43,'-0.13%,'7.77,1.76%,'13.29,'12.99,'0.83,6.73%,6.47%,'343.52,'-13.17%,纺织服装
'77,SZ002532.天山铝业,'9.20,'+0.33%,'7.59,2.42%,'9.19,'8.90,'1.53,4.36%,18.20%,'426.58,'+19.79%,有色金属
'78,SH600894.广日股份,'10.29,'-0.58%,'7.58,0.69%,'12.56,'10.87,'1.00,13.35%,8.94%,'87.64,'-25.44%,专用设备
'79,SH601318.中国平安,'59.06,'-0.14%,'7.58,5.94%,'9.69,'9.20,'1.14,4.32%,12.68%,'6356.43,'+15.43%,保险
'80,SH688516.奥特维,'35.60,'+1.83%,'7.58,1.15%,'10.98,'10.39,'2.66,6.90%,26.23%,'112.37,'-13.77%,光伏设备
'81,SH603889.新澳股份,'6.13,'+0.99%,'7.57,0.34%,'10.74,'10.33,'1.27,4.89%,12.77%,'44.78,'-8.05%,纺织服装
'82,SZ002083.孚日股份,'5.01,'+0.81%,'7.56,'-,'12.22,'12.22,'1.04,5.51%,9.10%,'47.05,'+5.61%,纺织服装
'83,SZ002061.浙江交科,'4.06,'-0.25%,'7.55,0.96%,'10.32,'8.08,'0.70,3.07%,8.98%,'108.69,'+2.68%,工程建设
'84,SH601618.中国中冶,'3.03,'+0.33%,'7.53,2.40%,'15.54,'11.07,'0.44,1.85%,3.84%,'540.93,'-6.48%,工程建设
'85,SH601598.中国外运,'5.53,'+0.55%,'7.52,0.87%,'13.39,'10.70,'1.00,5.24%,9.55%,'290.65,'+6.18%,物流行业
'86,SH600729.重庆百货,'28.86,'-0.21%,'7.51,2.83%,'10.36,'9.38,'1.60,4.72%,17.90%,'127.12,'+3.50%,商业百货
'87,SZ000581.威孚高科,'20.57,'+5.81%,'7.48,2.59%,'13.93,'12.83,'0.93,5.98%,7.30%,'154.43,'+14.01%,汽车零部件
'88,SH600873.梅花生物,'11.12,'-0.71%,'7.47,2.82%,'10.70,'10.55,'2.05,5.41%,19.84%,'317.23,'+15.26%,化学制品
'89,SZ000900.现代投资,'4.31,0.00%,'7.47,1.43%,'21.06,'19.99,'0.52,3.48%,2.60%,'65.42,'+1.38%,铁路公路
'90,SH600011.华能国际,'7.58,'+0.40%,'7.45,2.09%,'9.80,'9.96,'0.84,3.56%,8.61%,'833.63,'+16.18%,电力行业
'91,SH600028.中国石化,'5.71,0.00%,'7.45,0.91%,'16.07,'15.30,'0.83,5.01%,5.42%,'5551.96,'-12.46%,石油行业
'92,SZ000928.中钢国际,'6.34,'+0.16%,'7.45,1.47%,'11.85,'10.66,'1.06,4.72%,10.20%,'90.81,'+4.22%,工程咨询服务
'93,SH600039.四川路桥,'8.34,'-0.95%,'7.44,1.32%,'11.39,'10.05,'1.46,4.96%,14.95%,'726.42,'+19.54%,工程建设
'94,SH600027.华电国际,'5.31,0.00%,'7.43,2.03%,'10.29,'10.04,'0.87,3.84%,8.24%,'487.95,'-3.08%,电力行业
'95,SH603558.健盛集团,'9.60,'+0.84%,'7.43,'-,'11.21,'11.20,'1.35,5.30%,12.17%,'33.91,'-7.70%,纺织服装
'96,SZ000719.中原传媒,'13.16,'-0.08%,'7.43,4.79%,'10.18,'12.17,'1.16,4.56%,9.81%,'134.76,'+21.42%,文化传媒
'97,SH600866.星湖科技,'8.02,'-0.74%,'7.40,2.18%,'9.87,'11.43,'1.59,4.74%,14.36%,'133.25,'+30.73%,化学制品
'98,SH601939.建设银行,'9.58,'-0.62%,'7.38,3.68%,'7.56,'7.55,'0.74,1.91%,10.02%,'2029.34,'+14.02%,银行
'99,SZ000544.中原环保,'8.60,'+0.12%,'7.37,0.53%,'9.39,'8.60,'0.82,3.03%,10.47%,'83.73,'+1.67%,公用事业
'100,SH603408.建霖家居,'11.75,'-0.51%,'7.35,1.39%,'11.48,'10.90,'1.54,6.21%,14.63%,'52.59,'-1.94%,装修装饰
'101,SZ002788.鹭燕医药,'8.60,'-1.26%,'7.33,'-,'10.09,'10.16,'1.05,4.02%,10.66%,'33.84,'+9.14%,医药商业
'102,SZ000521.长虹美菱,'7.33,'+0.69%,'7.32,1.73%,'11.05,'10.34,'1.20,4.53%,11.84%,'64.19,'-6.15%,家电行业
'103,SH603355.莱克电气,'23.55,'+0.04%,'7.29,1.17%,'12.18,'11.38,'2.61,6.37%,24.19%,'135.05,'+3.97%,家电行业
'104,SH600888.新疆众和,'7.15,'+0.42%,'7.29,0.89%,'11.27,'9.23,'0.89,3.78%,10.13%,'100.37,'+4.77%,有色金属
'105,SH603801.志邦家居,'10.04,'+0.20%,'7.27,0.43%,'12.97,'11.47,'1.23,6.01%,11.05%,'43.61,'-16.80%,装修建材
'106,SH600256.广汇能源,'5.47,'+0.37%,'7.27,1.43%,'12.15,'12.28,'1.26,11.56%,9.91%,'349.64,'-9.62%,石油行业
'107,SH600018.上港集团,'5.70,0.00%,'7.24,0.71%,'9.63,'8.75,'0.97,3.42%,11.47%,'1327.04,'-4.45%,航运港口
'108,SH603279.景津装备,'15.80,'-0.44%,'7.23,3.81%,'11.66,'11.58,'1.97,6.71%,17.88%,'91.08,'-9.41%,通用设备
'109,SZ000933.神火股份,'18.31,'+3.04%,'7.22,1.74%,'10.47,'10.18,'1.78,4.50%,18.07%,'399.71,'+11.54%,有色金属
'110,SZ000672.上峰水泥,'8.86,'-0.23%,'7.22,1.05%,'16.74,'12.43,'0.95,7.09%,7.75%,'86.08,'+24.59%,水泥建材
'111,SH600483.福能股份,'9.59,'+0.21%,'7.22,0.68%,'8.96,'8.83,'1.02,3.23%,12.43%,'266.62,'-0.70%,电力行业
'112,SH600757.长江传媒,'9.72,'+1.04%,'7.21,2.09%,'10.36,'10.88,'1.19,4.22%,11.26%,'117.97,'+5.96%,文化传媒
'113,SZ000683.博源化工,'5.73,0.00%,'7.21,0.53%,'11.59,'13.48,'1.43,5.24%,10.88%,'213.08,'+8.83%,化学原料
'114,SZ002572.索菲亚,'13.82,'-0.43%,'7.18,4.11%,'12.29,'10.98,'1.79,7.20%,16.74%,'133.67,'-13.88%,装修建材
'115,SZ001872.招商港口,'20.36,'+0.30%,'7.18,0.46%,'11.83,'11.11,'0.81,3.65%,7.46%,'471.29,'+3.11%,航运港口
'116,SH601222.林洋能源,'5.82,0.00%,'7.17,0.97%,'17.48,'18.21,'0.78,4.60%,4.25%,'119.90,'-14.47%,仪器仪表
'117,SH601117.中国化学,'8.02,'+0.25%,'7.17,4.82%,'8.48,'8.28,'0.77,2.22%,9.65%,'489.92,'-3.26%,工程建设
'118,SH600987.航民股份,'7.25,'+0.42%,'7.17,3.86%,'10.76,'10.17,'1.14,4.14%,11.36%,'74.01,'+8.95%,纺织服装
'119,SH600863.内蒙华电,'4.06,'+0.25%,'7.15,0.61%,'12.39,'12.15,'1.41,5.42%,11.46%,'264.99,'-1.28%,电力行业
'120,SH601000.唐山港,'4.06,'+0.25%,'7.14,1.01%,'13.69,'13.23,'1.14,4.93%,8.73%,'240.59,'-9.55%,航运港口
'121,SH600901.江苏金租,'5.93,'-1.33%,'7.13,1.31%,'11.65,'11.44,'1.38,4.55%,13.71%,'343.49,'+18.70%,多元金融
'122,SZ000885.城发环境,'14.12,'-0.28%,'7.12,0.85%,'7.92,'7.63,'1.04,2.51%,14.46%,'90.92,'+10.61%,环保行业
'123,SH600273.嘉化能源,'8.89,'-2.95%,'7.11,1.72%,'12.62,'11.39,'1.17,4.61%,10.45%,'120.63,'+14.20%,化学制品
'124,SH600098.广州发展,'6.49,'+0.31%,'7.09,0.67%,'13.99,'13.10,'0.85,4.16%,6.59%,'227.56,'+5.41%,电力行业
'125,SH600566.济川药业,'26.78,'-0.59%,'7.09,1.43%,'12.78,'11.61,'1.63,7.80%,14.50%,'246.83,'-0.77%,中药
'126,SH605377.华旺科技,'9.18,'+0.44%,'7.05,0.28%,'13.93,'12.69,'1.26,7.90%,9.82%,'51.10,'-13.96%,造纸印刷
'127,SZ002508.老板电器,'19.45,'+0.05%,'7.04,9.62%,'12.97,'12.09,'1.59,5.14%,13.53%,'183.70,'-6.86%,家电行业
'128,SH600210.紫江企业,'6.35,0.00%,'7.02,2.54%,'12.12,'11.73,'1.52,4.72%,13.40%,'96.31,'+0.49%,包装材料
'129,SZ002088.鲁阳节能,'11.09,'-0.63%,'7.01,0.48%,'12.37,'12.51,'1.94,7.17%,15.66%,'57.26,'-7.14%,装修建材
'130,SZ002035.华帝股份,'6.50,'+1.25%,'7.01,7.30%,'12.32,'11.66,'1.40,4.67%,12.36%,'54.42,'-7.30%,家电行业
'131,SZ000338.潍柴动力,'15.24,'-0.13%,'6.99,8.92%,'12.47,'11.55,'1.49,4.72%,13.36%,'1033.50,'+13.69%,汽车零部件
'132,SH601872.招商轮船,'6.25,'+2.12%,'6.95,2.93%,'11.19,'10.98,'1.24,4.11%,11.64%,'504.66,'-0.16%,航运港口
'133,SH600284.浦东建设,'6.81,0.00%,'6.94,1.52%,'14.55,'11.67,'0.84,3.92%,7.29%,'66.07,'+10.19%,工程建设
'134,SH601518.吉林高速,'2.73,'-0.73%,'6.94,0.03%,'10.13,'9.67,'0.94,3.15%,10.03%,'51.61,'+1.35%,铁路公路
'135,SH600066.宇通客车,'25.65,'-1.65%,'6.94,10.72%,'16.04,'13.48,'4.01,5.85%,29.34%,'567.88,'+1.02%,汽车整车
'136,SH601006.大秦铁路,'6.52,'-0.31%,'6.93,2.68%,'15.35,'15.34,'0.79,3.94%,5.40%,'1313.60,'-1.78%,物流行业
'137,SH601669.中国电建,'6.33,'-1.40%,'6.92,2.96%,'10.22,'9.40,'0.66,2.01%,7.03%,'1090.42,'+18.92%,工程建设
'138,SZ002327.富安娜,'7.28,'+0.14%,'6.92,1.04%,'13.60,'12.80,'1.54,8.53%,11.99%,'60.94,'-11.38%,纺织服装
'139,SH601339.百隆东方,'5.47,'-0.73%,'6.90,1.19%,'21.92,'16.30,'0.84,4.75%,5.17%,'82.03,'+5.94%,纺织服装
'140,SZ000333.美的集团,'71.70,'+0.45%,'6.89,14.64%,'13.96,'13.06,'2.38,4.91%,20.86%,'5013.70,'-0.07%,家电行业
'141,SH601168.西部矿业,'17.47,'+0.58%,'6.89,4.92%,'13.41,'13.09,'2.51,5.72%,19.66%,'416.31,'+15.73%,有色金属
'142,SH601601.中国太保,'37.40,'-0.40%,'6.88,3.19%,'8.41,'8.40,'1.36,2.89%,16.43%,'2560.05,'+12.97%,保险
'143,SH603071.物产环能,'13.53,'+0.52%,'6.87,0.64%,'12.50,'11.55,'1.33,4.43%,11.81%,'75.49,'+9.86%,贸易行业
'144,SZ002267.陕天然气,'8.00,'+0.88%,'6.87,0.87%,'15.79,'12.71,'1.27,5.67%,9.92%,'88.19,'-1.04%,燃气
'145,SZ301039.中集车辆,'8.68,'+0.12%,'6.86,0.44%,'16.46,'16.26,'1.11,6.46%,6.74%,'126.03,'-0.81%,汽车整车
'146,SZ002884.凌霄泵业,'16.52,'+0.36%,'6.86,0.94%,'13.56,'13.02,'2.43,6.08%,19.02%,'58.87,'-3.90%,通用设备
'147,SZ002563.森马服饰,'5.55,'+2.02%,'6.86,6.37%,'15.60,'14.58,'1.22,6.43%,8.41%,'146.56,'-16.04%,纺织服装
'148,SH603365.水星家纺,'17.82,'-0.11%,'6.85,'-,'14.39,'12.89,'1.52,5.05%,11.97%,'46.80,'+15.30%,纺织服装
'149,SZ002060.广东建工,'3.66,'-0.27%,'6.85,0.73%,'12.02,'12.06,'0.99,3.81%,8.45%,'137.79,'+4.13%,工程建设
'150,SZ002233.塔牌集团,'8.25,'-0.24%,'6.85,1.17%,'31.35,'17.79,'0.81,5.44%,4.56%,'98.60,'+13.74%,水泥建材
'151,SH600362.江西铜业,'23.52,'+2.57%,'6.84,3.31%,'9.09,'11.31,'1.02,2.98%,9.48%,'488.10,'+17.30%,有色金属
'152,SZ000404.长虹华意,'7.35,'-0.54%,'6.80,0.14%,'12.22,'10.70,'1.23,4.06%,11.99%,'51.43,'+3.59%,家电行业
'153,SH601163.三角轮胎,'14.08,'+0.50%,'6.79,1.54%,'15.38,'11.56,'0.83,3.76%,7.28%,'112.64,'-3.07%,橡胶制品
'154,SH600585.海螺水泥,'23.37,'-0.04%,'6.76,4.83%,'16.17,'15.47,'0.65,3.04%,4.25%,'934.73,'+1.51%,水泥建材
'155,SZ002818.富森美,'12.03,'-0.17%,'6.76,0.94%,'13.75,'13.86,'1.65,8.96%,11.25%,'90.19,'-15.42%,商业百货
'156,SZ002538.司尔特,'5.44,'-0.73%,'6.75,0.92%,'18.20,'17.01,'0.87,4.38%,5.15%,'46.77,'-0.93%,化肥行业
'157,SZ300628.亿联网络,'34.05,'+0.09%,'6.75,3.14%,'17.61,'16.31,'4.53,5.57%,29.02%,'430.85,'-8.46%,通信设备
'158,SH600998.九州通,'5.33,'-1.48%,'6.75,1.79%,'14.94,'9.14,'0.95,3.75%,11.14%,'268.76,'+8.12%,医药商业
'159,SZ002483.润邦股份,'7.03,'+3.23%,'6.74,4.85%,'13.14,'12.25,'1.35,4.41%,11.57%,'60.37,'+41.71%,专用设备
'160,SH603833.欧派家居,'53.35,'+0.13%,'6.74,1.92%,'13.32,'12.09,'1.68,4.65%,14.28%,'324.98,'-19.30%,装修建材
'161,SH603565.中谷物流,'10.27,'+0.20%,'6.73,0.92%,'17.16,'10.82,'1.86,7.69%,17.56%,'215.68,'+13.39%,物流行业
'162,SH600583.海油工程,'5.60,'+0.54%,'6.73,2.61%,'13.13,'11.12,'0.92,3.59%,8.55%,'247.60,'+6.32%,采掘行业
'163,SZ300770.新媒股份,'41.41,'-0.24%,'6.70,1.08%,'13.96,'14.18,'2.54,6.91%,17.71%,'95.11,'+4.39%,文化传媒
'164,SH601886.江河集团,'7.50,'+2.18%,'6.69,3.87%,'20.16,'14.15,'1.13,7.33%,8.13%,'84.98,'+48.70%,装修装饰
'165,SH603600.永艺股份,'10.97,'+0.27%,'6.68,'-,'11.93,'11.65,'1.57,4.20%,13.86%,'36.25,'-5.08%,装修建材
'166,SZ300441.鲍斯股份,'8.39,'+0.24%,'6.67,0.09%,'19.44,'6.60,'2.12,5.38%,36.66%,'53.94,'-0.14%,通用设备
'167,SH600170.上海建工,'2.41,'-0.82%,'6.66,2.08%,'67.10,'12.61,'0.47,2.49%,3.74%,'214.15,'-6.85%,工程建设
'168,SH600681.百川能源,'3.68,'-0.81%,'6.66,0.96%,'17.06,'14.82,'1.31,6.39%,8.87%,'49.34,'+9.66%,燃气
'169,SH600211.西藏药业,'42.12,'-4.01%,'6.65,0.80%,'15.48,'13.47,'3.31,4.65%,25.97%,'135.76,'+17.14%,生物制品
'170,SH600795.国电电力,'4.58,0.00%,'6.65,2.63%,'18.00,'8.29,'1.41,4.37%,18.12%,'816.87,'+2.31%,电力行业
'171,SH601928.凤凰传媒,'10.99,'+0.18%,'6.65,1.77%,'12.85,'16.00,'1.39,4.55%,8.81%,'279.68,'-0.56%,文化传媒
'172,SZ000690.宝新能源,'4.67,'-0.64%,'6.64,0.99%,'12.90,'12.85,'0.82,3.19%,6.41%,'102.27,'+7.93%,电力行业
'173,SH600803.新奥股份,'18.85,'+0.11%,'6.64,3.88%,'15.36,'13.30,'2.36,5.46%,17.77%,'583.80,'-8.29%,燃气
'174,SH605098.行动教育,'36.51,'+0.41%,'6.63,2.50%,'18.25,'15.96,'4.40,6.14%,27.65%,'43.54,'+5.71%,教育
'175,SH600033.福建高速,'3.49,0.00%,'6.62,1.15%,'12.05,'12.23,'0.80,2.87%,6.71%,'95.78,'-8.79%,铁路公路
'176,SZ002555.三七互娱,'17.40,'+1.28%,'6.62,6.01%,'15.13,'14.58,'2.83,5.83%,19.53%,'380.06,'+15.67%,游戏
'177,SH600713.南京医药,'5.21,'-1.70%,'6.61,0.86%,'11.55,'11.58,'0.97,3.26%,8.65%,'68.20,'+8.58%,医药商业
'178,SH603886.元祖股份,'12.75,0.00%,'6.61,'-,'15.64,'13.18,'1.88,7.84%,14.16%,'30.60,'-4.96%,食品饮料
'179,SZ000596.古井贡酒,'139.47,'-0.39%,'6.60,1.26%,'12.94,'12.80,'2.80,4.29%,23.11%,'572.08,'-16.02%,酿酒行业
'180,SH603816.顾家家居,'25.92,'-0.04%,'6.59,1.25%,'15.38,'14.06,'2.05,5.32%,14.88%,'213.00,'-0.83%,装修建材
'181,SH601811.新华文轩,'15.72,'+1.95%,'6.59,1.57%,'11.54,'12.13,'1.31,3.82%,11.29%,'124.49,'+1.86%,文化传媒
'182,SH603689.皖天然气,'8.55,'-0.23%,'6.58,'-,'13.11,'12.82,'1.23,4.09%,9.95%,'41.91,'-0.78%,燃气
'183,SH603619.中曼石油,'19.32,'+1.20%,'6.58,0.95%,'12.01,'11.40,'2.10,3.78%,22.31%,'89.32,'+1.32%,采掘行业
'184,SZ000858.五粮液,'122.16,'+0.17%,'6.57,3.08%,'14.54,'14.49,'3.20,4.71%,22.39%,'4733.62,'-8.71%,酿酒行业
'185,SH603357.设计总院,'8.72,'-0.23%,'6.57,0.68%,'10.24,'10.05,'1.27,3.21%,13.17%,'48.88,'-0.54%,工程咨询服务
'186,SZ000921.海信家电,'25.40,'-0.16%,'6.57,3.05%,'12.95,'10.34,'2.20,3.99%,22.59%,'235.39,'-12.11%,家电行业
'187,SZ002001.新和成,'22.26,'+0.14%,'6.57,6.24%,'9.97,'9.93,'2.23,3.15%,24.43%,'683.22,'+4.55%,化学制药
'188,SH600368.五洲交通,'4.33,0.00%,'6.56,0.41%,'11.16,'10.24,'0.99,3.03%,10.02%,'69.70,'-6.38%,铁路公路
'189,SH603871.嘉友国际,'11.61,'-1.19%,'6.56,0.55%,'13.13,'12.90,'2.71,4.31%,22.27%,'158.83,'-13.61%,物流行业
'190,SH601369.陕鼓动力,'8.94,'+0.22%,'6.56,0.80%,'15.98,'14.61,'1.69,5.04%,11.64%,'154.08,'+5.93%,通用设备
'191,SZ002014.永新股份,'11.69,0.00%,'6.56,0.54%,'16.17,'15.23,'2.67,5.30%,19.25%,'71.60,'+12.34%,包装材料
'192,SZ001286.陕西能源,'9.52,'-0.10%,'6.55,0.24%,'13.29,'13.12,'1.40,4.30%,10.93%,'357.38,'+7.38%,电力行业
'193,SH600350.山东高速,'9.77,'+0.31%,'6.54,1.18%,'15.88,'14.61,'1.08,4.30%,7.51%,'472.34,'-0.86%,铁路公路
'194,SZ000651.格力电器,'46.90,'+0.39%,'6.54,6.82%,'8.36,'7.83,'1.83,2.14%,25.25%,'2616.98,'+5.43%,家电行业
'195,SH603391.力聚热能,'40.11,'+0.30%,'6.52,'-,'20.18,'14.43,'1.68,6.23%,15.13%,'36.50,'-1.52%,通用设备
'196,SZ000828.东莞控股,'11.23,'-0.44%,'6.51,1.13%,'14.08,'15.19,'1.17,4.21%,7.81%,'117.26,'+8.35%,铁路公路
'197,SH603299.苏盐井神,'10.79,'+0.94%,'6.50,0.40%,'13.54,'11.99,'1.35,4.11%,11.71%,'84.34,'+1.43%,化学原料
'198,SZ002540.亚太科技,'6.08,'+0.66%,'6.49,0.60%,'18.16,'17.36,'1.33,5.97%,7.60%,'75.40,'+2.05%,有色金属
'199,SZ002043.兔宝宝,'10.08,0.00%,'6.48,0.76%,'16.90,'14.03,'2.66,5.95%,18.81%,'83.87,'-12.46%,装修建材
'200,SH603967.中创物流,'11.68,'-1.60%,'6.48,'-,'16.54,'15.63,'1.67,5.14%,10.87%,'40.49,'+24.70%,物流行业
'201,SH603588.高能环境,'6.44,'-0.77%,'6.47,1.91%,'26.80,'17.26,'1.04,6.25%,5.98%,'98.10,'+24.44%,环保行业
'202,SH603551.奥普科技,'11.51,'-0.35%,'6.46,'-,'15.82,'15.17,'3.09,7.46%,18.89%,'44.91,'+13.25%,家电行业
'203,SH605090.九丰能源,'28.62,'+0.21%,'6.46,0.63%,'14.05,'11.15,'1.93,4.17%,18.77%,'190.58,'+3.41%,燃气
'204,SH603855.华荣股份,'21.64,'+1.12%,'6.44,3.20%,'15.68,'14.80,'3.26,4.62%,23.11%,'73.04,'+11.95%,专用设备
'205,SH600398.海澜之家,'6.94,'+0.73%,'6.44,1.80%,'16.15,'15.10,'1.86,5.91%,11.79%,'333.31,'-5.18%,纺织服装
'206,SZ002867.周大生,'13.02,'-0.08%,'6.44,0.93%,'15.83,'15.36,'2.14,7.36%,13.82%,'141.44,'-6.11%,珠宝首饰
'207,SZ002293.罗莱生活,'8.66,'+0.58%,'6.43,2.80%,'17.00,'15.74,'1.67,6.96%,10.57%,'71.82,'+15.84%,纺织服装
'208,SZ000915.华特达因,'34.74,'-0.26%,'6.43,3.15%,'16.05,'15.42,'2.64,7.18%,16.95%,'81.62,'+31.39%,化学制药
'209,SH603393.新天然气,'29.22,'+0.14%,'6.43,0.74%,'10.13,'10.06,'1.45,3.08%,15.21%,'123.87,'-3.47%,燃气
'210,SH601900.南方传媒,'14.37,'+0.14%,'6.41,0.64%,'11.75,'12.96,'1.48,3.83%,11.72%,'126.74,'-1.28%,文化传媒
'211,SH600352.浙江龙盛,'10.61,0.00%,'6.41,6.92%,'18.68,'15.49,'1.00,4.24%,6.58%,'345.18,'+5.66%,化学制品
'212,SZ002303.美盈森,'3.87,'+1.31%,'6.40,1.80%,'18.99,'20.00,'1.28,14.95%,6.02%,'58.50,'+11.93%,包装材料
'213,SZ002991.甘源食品,'56.79,'+1.10%,'6.40,0.05%,'17.24,'15.51,'2.96,9.00%,19.16%,'52.36,'-37.61%,食品饮料
'214,SH600167.联美控股,'6.25,'-1.26%,'6.40,0.83%,'20.19,'19.84,'1.24,5.14%,6.20%,'141.43,'+12.88%,公用事业
'215,SH600968.海油发展,'4.07,'+0.25%,'6.40,1.57%,'10.56,'11.04,'1.49,3.32%,14.17%,'413.72,'-1.55%,采掘行业
'216,SZ000027.深圳能源,'6.59,'+0.30%,'6.39,0.64%,'16.78,'13.88,'0.62,2.28%,4.61%,'312.56,'+4.08%,电力行业
'217,SZ000623.吉林敖东,'19.17,'-0.52%,'6.38,1.26%,'12.92,'11.97,'0.78,2.59%,6.64%,'230.45,'+12.93%,化学制药
'218,SH605117.德业股份,'52.33,'+0.15%,'6.37,3.57%,'15.81,'14.64,'4.61,5.18%,40.42%,'473.30,'-10.87%,光伏设备
'219,SH600780.通宝能源,'6.00,'-0.33%,'6.36,0.76%,'13.29,'12.56,'0.87,3.00%,7.13%,'68.79,'+6.57%,电力行业
'220,SH600026.中远海能,'10.30,'+1.58%,'6.36,2.64%,'14.24,'14.01,'1.34,4.17%,9.71%,'357.90,'-9.35%,航运港口
'221,SZ000700.模塑科技,'8.00,'-0.12%,'6.36,4.26%,'13.12,'11.67,'2.02,4.07%,17.29%,'73.53,'+17.49%,汽车零部件
'222,SH603589.口子窖,'33.53,'-0.12%,'6.36,1.45%,'12.30,'11.96,'1.80,3.89%,15.63%,'200.55,'-11.24%,酿酒行业
'223,SH603730.岱美股份,'5.72,'+1.42%,'6.35,1.37%,'15.41,'15.06,'2.46,4.71%,16.86%,'122.90,'-13.53%,汽车零部件
'224,SH603518.锦泓集团,'9.85,'+0.20%,'6.34,'-,'13.57,'12.22,'0.92,3.15%,7.73%,'34.10,'+4.39%,纺织服装
'225,SZ000411.英特集团,'11.20,'-1.50%,'6.34,0.33%,'11.75,'11.42,'1.25,3.37%,11.41%,'59.34,'+8.92%,医药商业
'226,SH605368.蓝天燃气,'10.09,'+0.50%,'6.31,0.12%,'16.78,'16.66,'1.92,8.86%,11.10%,'72.11,'-7.92%,燃气
'227,SZ002648.卫星化学,'19.03,'+0.42%,'6.31,4.46%,'9.56,'9.65,'2.01,2.64%,22.68%,'638.36,'+4.33%,化学原料
'228,SZ000895.双汇发展,'24.95,'-0.12%,'6.31,1.81%,'18.70,'17.83,'3.89,5.64%,21.88%,'865.47,'-1.12%,食品饮料
'229,SZ000913.钱江摩托,'16.58,'+0.42%,'6.31,2.13%,'17.20,'13.94,'1.78,4.72%,13.18%,'86.94,'-5.49%,交运设备
'230,SZ300360.炬华科技,'16.03,'+0.25%,'6.30,2.99%,'12.58,'11.30,'1.99,3.75%,18.52%,'82.22,'-1.93%,电网设备
'231,SH600373.中文传媒,'10.00,'-0.10%,'6.30,1.45%,'33.84,'20.85,'0.76,4.08%,3.57%,'136.75,'-17.28%,文化传媒
'232,SZ300641.正丹股份,'23.38,'-0.21%,'6.30,0.39%,'8.20,'8.14,'3.81,2.99%,57.04%,'124.81,'-4.68%,化学制品
'233,SH600551.时代出版,'9.23,'-1.07%,'6.29,2.96%,'19.83,'15.74,'1.07,4.33%,6.85%,'62.58,'+10.91%,文化传媒
'234,SZ002911.佛燃能源,'10.32,'+0.10%,'6.28,0.35%,'16.52,'15.67,'1.60,4.66%,10.33%,'133.77,'-14.85%,燃气
'235,SH601098.中南传媒,'12.99,'+0.08%,'6.27,4.78%,'13.88,'16.03,'1.46,4.23%,9.21%,'233.30,'-10.52%,文化传媒
'236,SH601330.绿色动力,'7.16,'+0.28%,'6.27,1.07%,'15.97,'15.81,'1.21,4.19%,7.79%,'70.82,'+12.19%,环保行业
'237,SH600690.海尔智家,'25.23,'+0.80%,'6.24,7.19%,'12.78,'12.17,'2.01,3.82%,17.29%,'1578.01,'-8.18%,家电行业
'238,SH600017.日照港,'3.23,'+0.62%,'6.24,2.31%,'16.39,'15.97,'0.71,2.66%,4.54%,'99.34,'+3.73%,航运港口
'239,SH600750.江中药业,'22.06,'-0.50%,'6.24,1.44%,'18.77,'17.37,'3.38,5.42%,19.55%,'140.08,'+0.25%,中药
'240,SZ002608.江苏国信,'7.51,'+0.40%,'6.23,0.20%,'9.06,'8.50,'0.85,1.34%,10.58%,'282.60,'-0.77%,电力行业
'241,SH600057.厦门象屿,'7.10,'-1.66%,'6.23,1.21%,'36.10,'13.11,'0.71,3.52%,5.89%,'199.25,'+13.37%,物流行业
'242,SH600874.创业环保,'5.93,'-0.50%,'6.23,1.13%,'12.83,'11.49,'0.94,2.87%,8.40%,'72.96,'+2.14%,环保行业
'243,SZ002322.理工能科,'12.75,'+0.63%,'6.23,3.46%,'18.84,'17.86,'1.63,6.08%,8.76%,'48.04,'+4.19%,软件开发
'244,SZ002158.汉钟精机,'17.35,'+0.35%,'6.22,0.77%,'11.62,'11.09,'2.14,3.35%,20.48%,'92.45,'-3.21%,通用设备
'245,SZ000598.兴蓉环境,'7.14,'+0.42%,'6.22,1.35%,'10.54,'10.36,'1.13,2.63%,11.41%,'212.19,'-3.50%,公用事业
'246,SH600717.天津港,'4.68,'+0.43%,'6.22,2.08%,'14.42,'14.06,'0.69,2.22%,4.99%,'135.44,'-1.68%,航运港口
'247,SH600496.精工钢构,'3.35,'+0.60%,'6.21,4.86%,'14.34,'12.38,'0.74,2.39%,6.10%,'66.67,'+13.96%,水泥建材
'248,SZ002749.国光股份,'15.49,'-0.26%,'6.21,0.28%,'19.45,'19.17,'3.54,5.82%,20.05%,'72.43,'+13.56%,农药兽药
'249,SZ002833.弘亚数控,'16.85,'+2.56%,'6.21,2.00%,'14.51,'13.72,'2.35,4.26%,17.51%,'69.70,'+2.58%,专用设备
'250,SH600742.富维股份,'10.55,'+0.48%,'6.21,3.87%,'15.27,'15.26,'0.91,3.32%,6.09%,'78.39,'+23.74%,汽车零部件
'251,SZ001323.慕思股份,'32.49,'+0.28%,'6.19,0.21%,'18.09,'17.23,'2.76,5.46%,15.92%,'128.22,'-11.28%,家用轻工
'252,SZ300724.捷佳伟创,'66.80,'-1.66%,'6.19,2.41%,'8.91,'8.16,'2.00,1.77%,27.39%,'236.20,'+8.09%,光伏设备
'253,SZ002895.川恒股份,'25.03,'+1.01%,'6.18,0.73%,'15.16,'14.71,'2.36,4.38%,16.75%,'150.58,'+7.09%,化学原料
'254,SZ001965.招商公路,'11.31,'+0.09%,'6.18,1.45%,'15.77,'14.39,'1.06,3.69%,7.48%,'770.70,'-15.91%,铁路公路
'255,SH603198.迎驾贡酒,'41.16,'+0.10%,'6.18,1.12%,'13.28,'13.15,'3.09,3.64%,25.15%,'329.28,'-20.82%,酿酒行业
'256,SH605599.菜百股份,'15.45,'+1.18%,'6.18,2.42%,'16.95,'15.68,'2.76,4.66%,18.17%,'120.17,'+41.55%,珠宝首饰
'257,SH603187.海容冷链,'12.91,'+4.87%,'6.17,1.50%,'15.46,'14.54,'1.18,3.87%,8.26%,'49.89,'+20.55%,通用设备
'258,SZ003012.东鹏控股,'6.00,'+0.50%,'6.17,2.02%,'24.40,'22.32,'0.91,4.19%,4.03%,'69.07,'-5.40%,装修建材
'259,SH603167.渤海轮渡,'10.53,'-0.19%,'6.17,'-,'24.08,'18.33,'1.35,8.45%,7.14%,'49.40,'+26.73%,航运港口
'260,SZ300979.华利集团,'52.28,'-0.70%,'6.16,0.49%,'16.36,'16.11,'3.39,4.37%,22.52%,'614.43,'-30.61%,纺织服装
'261,SZ002557.洽洽食品,'22.72,'-0.96%,'6.16,3.95%,'19.04,'16.91,'2.05,5.67%,12.08%,'116.04,'-17.40%,食品饮料
'262,SZ002758.浙农股份,'9.03,'-1.42%,'6.16,2.25%,'14.63,'12.52,'1.00,3.28%,8.14%,'47.76,'+6.63%,综合行业
'263,SZ000589.贵州轮胎,'4.57,0.00%,'6.16,0.61%,'15.64,'14.98,'0.80,2.84%,5.78%,'71.05,'-6.52%,橡胶制品
'264,SH603699.纽威股份,'33.24,'+1.71%,'6.14,8.19%,'21.43,'20.91,'5.55,4.56%,28.55%,'255.47,'+55.34%,通用设备
'265,SH603165.荣晟环保,'12.41,'+0.89%,'6.14,'-,'15.86,'12.73,'1.41,4.03%,11.27%,'33.83,'+5.58%,造纸印刷
'266,SH601567.三星医疗,'22.79,'+0.31%,'6.12,3.40%,'14.01,'13.43,'2.54,3.92%,20.09%,'320.26,'-22.97%,电网设备
'267,SZ000755.山西高速,'4.99,'-0.40%,'6.12,0.31%,'15.10,'15.04,'1.35,3.99%,9.32%,'73.51,'+2.58%,铁路公路
'268,SZ002984.森麒麟,'19.40,0.00%,'6.12,0.67%,'10.12,'9.83,'1.45,2.57%,15.67%,'200.88,'-20.11%,橡胶制品
'269,SH603128.华贸物流,'6.33,'-0.16%,'6.11,0.67%,'19.93,'16.92,'1.36,4.58%,8.08%,'82.86,'+1.21%,物流行业
'270,SH601326.秦港股份,'3.27,0.00%,'6.11,0.96%,'12.34,'11.78,'0.93,2.60%,8.04%,'155.57,'+0.18%,航运港口
'271,SH601019.山东出版,'9.12,'-0.44%,'6.11,3.70%,'12.55,'13.77,'1.25,3.40%,9.12%,'190.33,'-17.29%,文化传媒
'272,SZ002543.万和电气,'12.97,'+10.01%,'6.10,4.15%,'12.83,'13.07,'1.78,3.73%,13.93%,'87.67,'+29.21%,家电行业
'273,SH603515.欧普照明,'18.89,'-0.21%,'6.10,3.13%,'19.22,'15.22,'2.05,4.77%,13.69%,'140.51,'+20.75%,家电行业
'274,SZ002705.新宝股份,'15.18,'+0.20%,'6.10,3.98%,'11.01,'10.91,'1.47,2.97%,13.95%,'123.00,'+4.45%,家电行业
'275,SH603948.建业股份,'21.37,'+0.14%,'6.09,'-,'18.30,'17.38,'1.63,4.68%,9.48%,'34.72,'+22.15%,化学制品
'276,SH603303.得邦照明,'12.90,'-0.31%,'6.08,1.22%,'21.46,'18.39,'1.70,5.74%,9.31%,'61.53,'+16.34%,家电行业
'277,SZ002372.伟星新材,'10.79,'+0.37%,'6.06,3.23%,'19.24,'18.75,'3.29,5.58%,16.73%,'171.14,'-10.86%,装修建材
'278,SZ301109.军信股份,'14.15,'+0.28%,'6.06,0.13%,'20.14,'19.03,'1.43,4.56%,8.97%,'111.34,'+23.62%,环保行业
'279,SH601058.赛轮轮胎,'13.29,'+0.45%,'6.06,4.31%,'10.97,'10.74,'2.13,2.86%,21.55%,'436.99,'-5.49%,橡胶制品
'280,SZ002100.天康生物,'6.44,'-0.15%,'6.05,0.21%,'13.96,'12.60,'1.24,3.41%,10.33%,'88.06,'+1.74%,农牧饲渔
'281,SZ002533.金杯电工,'10.94,'-0.27%,'6.03,2.19%,'15.40,'13.66,'1.96,4.10%,14.83%,'80.51,'+14.00%,电网设备
'282,SH601336.新华保险,'68.00,'+0.59%,'6.03,2.90%,'7.78,'7.81,'2.66,2.04%,31.26%,'1418.10,'+36.82%,保险
'283,SZ300761.立华股份,'20.18,'+1.41%,'6.02,0.79%,'10.07,'10.12,'1.79,2.48%,19.28%,'166.62,'+6.48%,农牧饲渔
'284,SH600578.京能电力,'4.33,'+0.70%,'6.02,0.80%,'12.81,'12.51,'1.00,2.77%,8.13%,'289.88,'+26.16%,电力行业
'285,SZ000591.太阳能,'4.54,'+0.22%,'6.02,0.99%,'16.03,'15.26,'0.75,2.49%,4.94%,'177.51,'-2.24%,电力行业
'286,SZ002034.旺能环境,'17.26,'+0.41%,'6.02,1.93%,'12.50,'12.86,'1.08,2.90%,8.62%,'74.60,'+13.28%,环保行业
'287,SZ000786.北新建材,'26.40,'+1.23%,'6.01,10.49%,'12.29,'12.02,'1.66,3.32%,14.46%,'440.62,'-10.17%,装修建材
'288,SZ002714.牧原股份,'46.77,'+1.10%,'6.01,2.72%,'9.85,'10.21,'3.31,3.05%,36.00%,'2527.08,'+23.33%,农牧饲渔
'289,SZ002032.苏泊尔,'51.23,'-0.33%,'6.01,4.34%,'19.73,'18.13,'5.95,5.47%,33.07%,'411.90,'+1.08%,家电行业
'290,SZ000830.鲁西化工,'12.03,'+2.56%,'6.00,0.87%,'12.69,'11.96,'1.17,2.98%,10.24%,'224.06,'+6.43%,化学原料
'291,SH600021.上海电力,'10.13,'+3.05%,'5.98,0.74%,'13.81,'12.73,'0.95,2.76%,7.67%,'285.34,'+13.97%,电力行业
'292,SZ002081.金螳螂,'3.65,0.00%,'5.97,1.73%,'22.48,'17.47,'0.70,2.74%,4.06%,'96.92,'+5.21%,装修装饰
'293,SZ000951.中国重汽,'18.29,'+0.44%,'5.97,1.12%,'15.78,'14.11,'1.37,3.82%,9.90%,'213.94,'+10.22%,汽车整车
'294,SZ000429.粤高速Ａ,'12.55,'+0.40%,'5.96,0.94%,'16.23,'14.53,'2.36,4.18%,16.81%,'217.76,'-11.31%,铁路公路
'295,SH603156.养元饮品,'21.51,'+0.61%,'5.95,1.38%,'20.69,'18.25,'2.55,6.32%,13.19%,'271.09,'-0.39%,食品饮料
'296,SZ000039.中集集团,'8.17,'-0.24%,'5.95,1.08%,'11.78,'12.87,'0.88,2.15%,6.88%,'188.59,'+7.46%,通用设备
'297,SZ000157.中联重科,'7.44,'+1.64%,'5.95,2.57%,'23.89,'15.77,'1.08,4.10%,6.95%,'519.43,'+6.90%,工程机械
'298,SH600710.苏美达,'10.85,'-1.27%,'5.94,4.33%,'13.06,'12.06,'1.81,3.40%,15.76%,'141.78,'+21.28%,贸易行业
'299,SZ000899.赣能股份,'9.40,'-0.42%,'5.94,0.45%,'13.58,'13.09,'1.55,3.50%,12.42%,'92.10,'+11.94%,电力行业
'300,SH603111.康尼机电,'6.58,'+0.46%,'5.94,1.04%,'14.58,'15.99,'1.44,3.80%,9.15%,'57.12,'+13.16%,交运设备
'301,SZ002274.华昌化工,'6.87,'+0.15%,'5.93,0.46%,'23.85,'21.25,'1.14,4.37%,5.35%,'65.33,'-7.83%,化肥行业
'302,SH600511.国药股份,'29.88,'-0.57%,'5.93,0.91%,'11.36,'11.27,'1.28,2.68%,11.83%,'225.45,'-10.26%,医药商业
'303,SH603866.桃李面包,'5.51,0.00%,'5.92,0.90%,'18.85,'17.96,'1.69,4.54%,9.42%,'88.14,'-14.57%,食品饮料
'304,SZ002003.伟星股份,'10.95,'-0.09%,'5.90,2.41%,'18.02,'17.73,'2.87,4.56%,16.23%,'128.11,'-20.69%,纺织服装
'305,SH600428.中远海特,'6.76,'+0.30%,'5.90,1.52%,'13.84,'12.08,'1.13,2.87%,10.86%,'185.49,'-7.40%,航运港口
'306,SH600216.浙江医药,'15.77,'-0.57%,'5.90,7.41%,'10.41,'10.39,'1.37,2.35%,14.03%,'151.65,'+1.85%,化学制药
'307,SH603345.安井食品,'73.82,'-0.42%,'5.89,4.07%,'19.18,'17.07,'1.84,4.53%,10.92%,'216.51,'-7.05%,食品饮料
'308,SH601677.明泰铝业,'12.72,'+0.16%,'5.89,1.91%,'10.16,'8.66,'0.89,1.33%,10.75%,'158.18,'+7.22%,有色金属
'309,SH605266.健之佳,'21.95,'-0.86%,'5.89,'-,'32.36,'31.01,'1.24,5.01%,3.87%,'33.92,'-0.25%,医药商业
'310,SZ002745.木林森,'8.68,'+0.12%,'5.88,4.70%,'44.43,'38.40,'0.99,4.73%,2.50%,'128.68,'+0.17%,光学光电子
'311,SZ002831.裕同科技,'23.88,'+0.13%,'5.87,2.17%,'14.63,'15.51,'1.89,3.92%,12.45%,'221.93,'-9.73%,造纸印刷
'312,SH600060.海信视像,'22.51,'-1.96%,'5.86,4.35%,'15.53,'12.59,'1.45,3.58%,11.86%,'293.75,'+12.89%,家电行业
'313,SH601137.博威合金,'18.89,'+1.78%,'5.86,0.61%,'11.11,'10.89,'1.75,2.65%,17.54%,'153.29,'-4.21%,有色金属
'314,SH600141.兴发集团,'24.96,'+1.26%,'5.86,0.93%,'18.73,'17.99,'1.25,4.01%,7.10%,'275.37,'+20.68%,化肥行业
'315,SH601083.锦江航运,'12.13,'+0.25%,'5.85,0.14%,'12.87,'12.53,'1.75,3.28%,14.57%,'156.98,'+30.68%,航运港口
'316,SH600821.金开新能,'5.58,0.00%,'5.85,0.60%,'16.57,'15.81,'1.18,3.58%,7.65%,'111.45,'+5.21%,电力行业
'317,SH601018.宁波港,'3.64,0.00%,'5.84,0.50%,'18.08,'14.31,'0.89,2.97%,6.37%,'708.14,'-2.78%,航运港口
'318,SZ300349.金卡智能,'12.60,'+0.16%,'5.84,0.71%,'20.36,'17.26,'1.18,3.97%,6.89%,'52.63,'-3.91%,仪器仪表
'319,SH603897.长城科技,'25.00,'+0.08%,'5.84,0.14%,'22.15,'21.98,'1.97,8.80%,8.62%,'51.61,'+12.64%,电网设备
'320,SH600941.中国移动,'108.27,'-0.73%,'5.84,4.09%,'18.64,'16.79,'1.68,4.31%,10.22%,'977.43,'-6.56%,通信服务
'321,SH601010.文峰股份,'2.60,0.00%,'5.83,0.18%,'38.95,'35.31,'1.08,4.77%,3.04%,'48.05,'-2.69%,商业百货
'322,SH601688.华泰证券,'20.38,'+2.41%,'5.82,7.52%,'17.67,'11.01,'0.94,2.85%,8.87%,'1489.42,'+15.86%,证券
'323,SH603519.立霸股份,'12.74,'+0.31%,'5.80,'-,'22.01,'20.93,'2.48,7.85%,11.41%,'33.93,'+16.06%,家电行业
'324,SH603326.我乐家居,'9.08,'+0.78%,'5.80,'-,'23.40,'20.32,'2.43,5.53%,12.03%,'28.98,'+58.20%,装修建材
'325,SH601033.永兴股份,'15.41,0.00%,'5.80,0.15%,'18.02,'17.05,'1.30,3.89%,7.74%,'138.69,'+10.84%,环保行业
'326,SH600300.维维股份,'3.45,'-0.29%,'5.79,1.82%,'15.06,'15.70,'1.57,3.71%,10.38%,'55.79,'+10.97%,食品饮料
'327,SZ002832.比音勒芬,'16.07,'+0.69%,'5.78,0.56%,'12.76,'12.14,'1.68,3.13%,14.06%,'91.08,'-22.60%,纺织服装
'328,SH603049.中策橡胶,'45.38,'+0.07%,'5.78,'-,'11.72,'11.29,'2.13,2.86%,18.84%,'396.84,'+0.41%,橡胶制品
'329,SH601827.三峰环境,'8.64,'-0.12%,'5.77,0.72%,'12.46,'12.17,'1.25,2.73%,10.58%,'144.46,'+0.70%,环保行业
'330,SH601921.浙版传媒,'8.27,'-0.48%,'5.76,0.43%,'16.11,'16.21,'1.33,3.63%,8.29%,'183.78,'+8.94%,文化传媒
'331,SZ000048.京基智农,'16.00,'+0.82%,'5.74,0.75%,'9.95,'10.91,'1.91,2.21%,18.54%,'84.16,'-9.06%,农牧饲渔
'332,SZ002469.三维化学,'8.66,'+1.88%,'5.73,0.17%,'21.06,'21.49,'1.98,4.71%,9.24%,'55.15,'+22.41%,化学原料
'333,SZ301003.江苏博云,'34.50,'+5.15%,'5.72,'-,'23.63,'22.73,'2.58,5.59%,11.60%,'31.87,'+66.60%,塑料制品
'334,SZ002304.洋河股份,'68.80,'+0.06%,'5.72,1.36%,'23.53,'24.34,'2.00,6.76%,7.76%,'1035.83,'-12.15%,酿酒行业
'335,SZ301362.民爆光电,'42.69,'+0.30%,'5.71,'-,'21.35,'18.56,'1.71,4.45%,9.23%,'44.55,'+14.46%,家电行业
'336,SH601877.正泰电器,'22.90,'-0.13%,'5.70,6.13%,'13.18,'12.44,'1.14,2.62%,9.46%,'492.11,'+0.48%,电网设备
'337,SH601319.中国人保,'8.44,'+0.48%,'5.69,0.99%,'7.97,'7.98,'1.34,0.75%,17.81%,'2996.01,'+11.79%,保险
'338,SH600853.龙建股份,'3.75,'-0.79%,'5.69,'-,'9.47,'9.17,'1.02,1.07%,12.84%,'38.03,'-5.19%,工程建设
'339,SH603230.内蒙新华,'13.45,'-0.66%,'5.69,0.40%,'16.49,'13.04,'1.64,3.57%,13.01%,'47.55,'+10.38%,文化传媒
'340,SH600612.老凤祥,'47.41,'+0.13%,'5.69,1.66%,'15.38,'14.08,'1.89,3.63%,13.81%,'150.34,'-9.56%,珠宝首饰
'341,SZ002367.康力电梯,'7.44,'+0.14%,'5.69,3.35%,'18.92,'15.91,'1.64,4.04%,10.48%,'59.27,'+13.01%,专用设备
'342,SH600801.华新水泥,'15.40,'+0.79%,'5.68,4.23%,'17.14,'12.95,'1.05,2.99%,8.29%,'207.02,'+32.38%,水泥建材
'343,SZ002154.报喜鸟,'3.87,'+1.04%,'5.67,0.88%,'15.32,'13.46,'1.23,3.13%,9.09%,'55.89,'-11.08%,纺织服装
'344,SZ300193.佳士科技,'9.72,'+0.83%,'5.67,'-,'18.69,'18.17,'2.01,4.30%,10.96%,'45.91,'+11.78%,通用设备
'345,SH603508.思维列控,'32.78,'+10.00%,'5.66,0.48%,'19.01,'18.88,'2.74,4.39%,14.69%,'124.98,'+44.00%,软件开发
'346,SH600531.豫光金铅,'8.73,'+0.11%,'5.66,3.13%,'12.00,'10.98,'1.66,2.58%,16.15%,'95.18,'+39.89%,有色金属
'347,SZ000423.东阿阿胶,'51.30,'-0.68%,'5.65,9.35%,'21.75,'20.42,'3.10,4.68%,14.99%,'332.61,'-16.29%,中药
'348,SH600285.羚锐制药,'23.10,'-0.52%,'5.64,1.73%,'19.71,'17.49,'3.96,3.90%,23.98%,'131.00,'+8.34%,中药
'349,SZ002601.龙佰集团,'17.52,'+0.63%,'5.64,1.72%,'22.72,'21.82,'1.75,4.60%,7.94%,'415.45,'+2.17%,化学原料
'350,SH600377.宁沪高速,'14.22,'-0.21%,'5.64,0.76%,'14.66,'14.59,'1.81,3.45%,13.00%,'542.60,'-3.96%,铁路公路
'351,SH601555.东吴证券,'9.68,'+1.47%,'5.63,6.39%,'16.65,'16.64,'1.14,3.22%,6.99%,'480.97,'+27.73%,证券
'352,SZ002228.合兴包装,'3.50,'-1.41%,'5.63,'-,'39.96,'38.67,'1.33,5.07%,3.41%,'42.44,'+22.45%,包装材料
'353,SZ000776.广发证券,'19.71,'+0.41%,'5.62,3.80%,'14.75,'13.75,'1.00,2.55%,7.49%,'1158.96,'+24.44%,证券
'354,SZ002746.仙坛股份,'6.28,'-0.32%,'5.61,1.18%,'23.97,'21.94,'1.17,3.97%,5.36%,'54.21,'+3.38%,农牧饲渔
'355,SZ003013.地铁设计,'14.85,'-0.07%,'5.61,0.11%,'13.75,'13.70,'2.16,3.23%,16.54%,'60.68,'+1.56%,工程咨询服务
'356,SH600575.淮河能源,'3.55,'+0.28%,'5.60,0.38%,'17.92,'16.95,'1.17,3.38%,7.05%,'137.96,'-10.58%,电力行业
'357,SH601619.嘉泽新能,'3.81,'+0.79%,'5.60,1.07%,'13.51,'13.79,'1.33,2.89%,9.83%,'92.75,'+18.05%,电力行业
'358,SH600420.国药现代,'11.27,'-0.79%,'5.60,0.69%,'14.21,'13.57,'1.11,2.66%,8.47%,'151.15,'-3.89%,化学制药
'359,SZ002736.国信证券,'13.48,'-0.44%,'5.59,1.71%,'14.02,'13.97,'1.08,2.58%,7.98%,'1301.52,'+24.17%,证券
'360,SH601126.四方股份,'17.24,'+0.88%,'5.59,2.15%,'19.09,'18.51,'2.97,4.18%,16.76%,'143.66,'+6.11%,电网设备
'361,SZ002375.亚厦股份,'3.97,0.00%,'5.59,2.41%,'19.98,'17.47,'0.66,1.76%,3.82%,'53.20,'+4.67%,装修装饰
'362,SZ000501.武商集团,'9.90,'-0.90%,'5.59,1.95%,'47.64,'34.93,'0.69,3.00%,1.97%,'76.82,'-3.25%,商业百货
'363,SH601311.骆驼股份,'9.27,'+0.22%,'5.59,1.87%,'17.25,'15.65,'1.11,3.13%,7.23%,'108.75,'+15.53%,电池
'364,SZ000848.承德露露,'8.77,'-0.68%,'5.58,1.79%,'14.83,'14.63,'2.56,3.40%,18.24%,'92.94,'+0.63%,食品饮料
'365,SZ300498.温氏股份,'17.53,0.00%,'5.57,2.08%,'9.30,'9.36,'2.71,2.00%,33.25%,'1166.43,'+7.48%,农牧饲渔
'366,SZ000731.四川美丰,'7.11,'-0.56%,'5.57,'-,'33.89,'21.74,'0.96,3.78%,4.36%,'39.96,'-0.69%,化肥行业
'367,SZ000563.陕国投Ａ,'3.62,'-0.28%,'5.57,0.87%,'14.58,'13.45,'1.02,2.48%,7.73%,'185.64,'+3.18%,多元金融
'368,SH603281.江瀚新材,'25.14,'-0.67%,'5.56,0.21%,'18.26,'17.24,'1.86,3.98%,10.92%,'93.86,'+7.22%,化学制品
'369,SH603369.今世缘,'39.45,'-0.33%,'5.56,2.75%,'14.08,'13.96,'2.88,3.04%,22.08%,'491.86,'-10.32%,酿酒行业
'370,SH603788.宁波高发,'16.59,'+0.97%,'5.55,'-,'20.99,'18.87,'1.75,4.22%,9.41%,'37.01,'+25.17%,汽车零部件
'371,SZ002588.史丹利,'9.22,'-0.11%,'5.55,1.94%,'13.77,'12.14,'1.49,2.82%,13.00%,'106.32,'+28.64%,化肥行业
'372,SH603317.天味食品,'11.30,0.00%,'5.55,1.40%,'25.60,'22.99,'2.59,4.87%,11.46%,'120.34,'-10.99%,食品饮料
'373,SZ002615.哈尔斯,'8.53,'+1.67%,'5.55,'-,'13.46,'13.19,'2.28,2.98%,18.56%,'39.12,'+10.85%,家用轻工
'374,SZ300856.科思股份,'15.17,'+0.33%,'5.55,0.51%,'19.42,'18.41,'2.55,4.25%,13.75%,'71.92,'-15.93%,美容护理
'375,SH600761.安徽合力,'18.44,'+1.60%,'5.54,1.73%,'16.81,'13.12,'1.54,3.25%,13.12%,'164.24,'+8.50%,工程机械
'376,SH603035.常熟汽饰,'13.70,'-0.07%,'5.54,0.33%,'15.82,'12.74,'1.00,2.53%,7.89%,'52.06,'-2.32%,汽车零部件
'377,SH600323.瀚蓝环境,'27.54,'+0.47%,'5.53,0.68%,'13.42,'13.19,'1.62,2.90%,12.94%,'224.55,'+20.56%,环保行业
'378,SH603611.诺力股份,'26.00,'+0.58%,'5.50,2.18%,'16.23,'14.28,'2.17,3.45%,16.03%,'66.98,'+51.00%,工程机械
'379,SH603568.伟明环保,'19.20,'-0.05%,'5.49,1.31%,'12.47,'12.09,'2.33,2.50%,21.09%,'327.28,'-9.03%,环保行业
'380,SH600012.皖通高速,'16.27,'+0.99%,'5.49,0.66%,'16.24,'15.79,'2.30,3.71%,13.96%,'189.64,'-4.36%,铁路公路
'381,SH601958.金钼股份,'12.95,'+1.09%,'5.49,2.76%,'14.10,'13.80,'2.36,3.09%,17.97%,'417.85,'+28.73%,小金属
'382,SH601199.江南水务,'5.67,'-0.70%,'5.48,0.25%,'12.87,'12.84,'1.18,2.29%,9.97%,'53.03,'+4.71%,公用事业
'383,SH600528.中铁工业,'9.00,'+0.45%,'5.47,0.59%,'13.35,'12.34,'0.74,1.13%,6.16%,'199.94,'+11.66%,交运设备
'384,SZ002772.众兴菌业,'8.29,'-0.24%,'5.47,'-,'30.16,'23.10,'0.98,3.61%,4.15%,'32.68,'+16.44%,农牧饲渔
'385,SZ301087.可孚医疗,'37.59,'-0.97%,'5.47,0.69%,'31.52,'26.29,'1.62,4.74%,6.12%,'79.37,'+10.08%,医疗器械
'386,SH688606.奥泰生物,'74.69,'+1.73%,'5.46,3.25%,'22.94,'18.57,'1.50,4.02%,8.19%,'59.21,'+20.59%,医疗器械
'387,SH603993.洛阳钼业,'9.51,'+1.39%,'5.45,3.69%,'13.60,'13.21,'2.72,2.70%,22.55%,'1660.53,'+47.60%,小金属
'388,SH688009.中国通号,'5.41,0.00%,'5.45,1.26%,'17.73,'16.60,'1.18,3.14%,7.19%,'466.40,'-10.90%,交运设备
'389,SZ002206.海利得,'6.06,'+4.12%,'5.44,1.82%,'14.29,'14.22,'1.74,3.09%,12.42%,'67.64,'+46.32%,化纤行业
'390,SZ002998.优彩资源,'7.86,'-0.88%,'5.44,'-,'43.02,'40.58,'1.49,6.94%,3.67%,'25.88,'+34.37%,化纤行业
'391,SZ301203.国泰环保,'34.18,'+0.71%,'5.43,'-,'23.40,'21.65,'1.93,4.42%,8.72%,'27.15,'+18.36%,环保行业
'392,SH603706.东方环宇,'21.29,'+1.19%,'5.43,'-,'20.93,'19.58,'2.28,4.23%,11.79%,'40.32,'+18.57%,燃气
'393,SH601139.深圳燃气,'6.52,'+0.31%,'5.43,0.43%,'13.76,'13.26,'1.19,2.45%,9.24%,'187.56,'-5.31%,燃气
'394,SH600861.北京人力,'20.86,'-1.79%,'5.43,1.53%,'23.99,'10.08,'1.66,3.35%,17.55%,'118.09,'+11.79%,专业服务
'395,SZ002056.横店东磁,'15.82,'+0.32%,'5.42,3.04%,'14.30,'13.28,'2.44,2.87%,19.96%,'256.53,'+26.19%,光伏设备
'396,SZ002236.大华股份,'16.62,'+0.73%,'5.41,2.04%,'23.08,'18.09,'1.48,3.90%,8.32%,'542.31,'+6.92%,计算机设备
'397,SH601333.广深铁路,'2.97,'-0.67%,'5.41,0.51%,'23.42,'21.44,'0.76,2.36%,3.59%,'167.87,'-13.41%,铁路公路
'398,SH605338.巴比食品,'19.56,'-1.21%,'5.41,'-,'22.16,'17.09,'2.04,4.09%,12.09%,'46.86,'+18.29%,食品饮料
'399,SZ002404.嘉欣丝绸,'6.64,'+0.76%,'5.41,'-,'27.64,'22.82,'1.81,4.55%,7.90%,'36.91,'+12.70%,纺织服装
'400,SZ002120.韵达股份,'8.02,'-0.99%,'5.40,2.90%,'14.99,'12.88,'1.13,2.47%,9.02%,'234.83,'+9.82%,物流行业
'401,SZ000538.云南白药,'55.96,'-0.39%,'5.40,3.98%,'21.24,'20.12,'2.46,4.27%,12.10%,'1002.40,'-4.70%,中药
'402,SH603301.振德医疗,'22.08,'-1.30%,'5.39,1.41%,'20.34,'16.21,'1.03,2.94%,6.50%,'58.83,'+3.64%,医疗器械
'403,SZ002690.美亚光电,'17.37,'+1.05%,'5.39,5.87%,'23.84,'23.09,'5.17,4.07%,22.88%,'151.66,'+22.09%,专用设备
'404,SH601628.中国人寿,'41.52,'+0.65%,'5.39,0.38%,'10.18,'10.20,'2.20,1.57%,22.73%,'8645.93,'+0.17%,保险
'405,SZ000791.甘肃能源,'6.66,'+0.30%,'5.38,0.21%,'18.74,'10.39,'1.53,2.71%,18.17%,'215.39,'+13.63%,电力行业
'406,SH603277.银都股份,'17.09,'+1.12%,'5.37,0.72%,'23.22,'18.20,'3.51,4.05%,19.35%,'104.88,'+9.25%,通用设备
'407,SZ000550.江铃汽车,'21.29,'-0.79%,'5.37,2.95%,'17.11,'13.61,'1.60,3.19%,12.13%,'111.42,'-9.21%,汽车整车
'408,SZ002955.鸿合科技,'25.38,'+1.20%,'5.37,3.33%,'38.73,'29.28,'1.84,10.22%,6.08%,'59.35,'+13.24%,光学光电子
'409,SH603095.越剑智能,'16.02,'+2.23%,'5.36,'-,'38.03,'34.49,'1.66,4.91%,4.81%,'41.37,'+5.34%,专用设备
'410,SH601801.皖新传媒,'6.87,'-0.29%,'5.36,0.48%,'17.33,'16.86,'1.14,2.91%,6.73%,'134.51,'-5.01%,文化传媒
'411,SH603195.公牛集团,'47.60,'-0.38%,'5.36,2.97%,'22.78,'19.94,'5.10,3.60%,26.74%,'860.89,'-1.95%,家用轻工
'412,SH600999.招商证券,'18.09,'+0.44%,'5.36,3.09%,'14.95,'14.93,'1.20,2.64%,8.24%,'1342.64,'-3.55%,证券
'413,SZ000537.中绿电,'8.72,'+0.58%,'5.35,0.55%,'18.09,'16.35,'0.90,2.31%,5.89%,'179.17,'-2.04%,电力行业
'414,SZ301004.嘉益股份,'69.18,'+0.01%,'5.34,0.67%,'13.19,'12.94,'4.73,3.10%,43.75%,'100.61,'-13.72%,家用轻工
'415,SH601016.节能风电,'3.01,'-0.33%,'5.33,0.96%,'15.55,'15.11,'1.08,2.46%,7.33%,'194.85,'-2.64%,电力行业
'416,SZ000910.大亚圣象,'7.91,'+0.51%,'5.33,'-,'57.67,'40.92,'0.64,2.41%,1.58%,'43.08,'+3.08%,装修建材
'417,SH601065.江盐集团,'8.52,'-0.12%,'5.33,0.07%,'15.00,'13.84,'1.23,2.58%,9.08%,'54.76,'-0.23%,化学原料
'418,SZ000807.云铝股份,'16.10,'+1.19%,'5.30,5.67%,'13.16,'13.07,'1.88,2.58%,15.02%,'551.75,'+20.39%,有色金属
'419,SH600916.中国黄金,'8.19,0.00%,'5.29,1.41%,'24.84,'23.33,'1.81,4.27%,7.69%,'137.59,'-0.97%,珠宝首饰
'420,SH600261.阳光照明,'3.40,0.00%,'5.29,'-,'38.38,'21.51,'1.27,4.12%,5.87%,'45.39,'+8.37%,家电行业
'421,SH600332.白云山,'26.71,'-0.85%,'5.29,2.88%,'19.76,'16.09,'1.15,3.00%,7.24%,'375.51,'-4.57%,中药
'422,SZ002978.安宁股份,'30.03,'+0.97%,'5.27,0.32%,'16.45,'16.48,'1.68,3.11%,11.67%,'140.37,'+7.40%,有色金属
'423,SH600132.重庆啤酒,'55.36,'+0.02%,'5.26,6.24%,'21.56,'23.60,'16.17,4.34%,53.44%,'267.93,'-10.71%,酿酒行业
'424,SH600982.宁波能源,'4.68,'-0.64%,'5.26,0.18%,'26.86,'17.51,'1.07,3.21%,6.56%,'52.30,'+17.23%,电力行业
'425,SH600050.中国联通,'5.34,'-0.74%,'5.25,4.20%,'24.79,'18.17,'1.00,2.99%,5.58%,'1669.52,'+1.75%,通信服务
'426,SH600660.福耀玻璃,'55.56,'-0.41%,'5.24,18.64%,'18.32,'17.81,'3.84,3.24%,23.06%,'1112.86,'-8.12%,玻璃玻纤
'427,SH600887.伊利股份,'27.57,'+0.07%,'5.24,10.60%,'25.23,'23.55,'2.99,4.43%,12.61%,'1743.90,'-4.80%,食品饮料
'428,SZ002429.兆驰股份,'4.57,'-0.22%,'5.24,0.75%,'13.94,'13.62,'1.28,2.34%,9.69%,'207.33,'-18.98%,家电行业
'429,SH603027.千禾味业,'11.74,'-0.59%,'5.23,0.50%,'23.61,'23.16,'3.16,4.26%,14.02%,'120.39,'+0.99%,食品饮料
'430,SH601600.中国铝业,'7.53,'+0.67%,'5.23,4.12%,'9.76,'9.42,'1.76,1.09%,20.15%,'994.84,'+2.45%,有色金属
'431,SZ002078.太阳纸业,'14.40,'+1.12%,'5.22,1.70%,'12.57,'13.13,'1.35,2.11%,10.72%,'397.94,'-0.97%,造纸印刷
'432,SZ300833.浩洋股份,'36.44,'+0.61%,'5.22,2.80%,'19.28,'18.01,'1.84,3.59%,10.36%,'45.81,'-14.34%,专用设备
'433,SH603180.金牌家居,'20.75,'-0.38%,'5.21,'-,'22.73,'16.18,'1.12,3.03%,7.03%,'32.01,'+0.73%,装修建材
'434,SZ002479.富春环保,'5.27,'-0.75%,'5.21,'-,'21.81,'14.45,'1.09,2.82%,7.75%,'45.93,'+14.52%,环保行业
'435,SZ002053.云南能投,'10.72,'-0.19%,'5.20,0.50%,'18.57,'18.33,'1.29,3.07%,7.25%,'98.89,'-3.19%,综合行业
'436,SZ301206.三元生物,'29.61,'-0.24%,'5.19,0.06%,'60.31,'56.86,'1.34,4.72%,2.33%,'60.05,'+17.85%,食品饮料
'437,SH601766.中国中车,'7.42,'+0.54%,'5.19,3.46%,'17.34,'14.75,'1.24,2.70%,8.66%,'1805.12,'-11.46%,交运设备
'438,SH603309.维力医疗,'14.18,'-1.87%,'5.19,'-,'18.33,'17.72,'2.23,3.53%,12.88%,'41.53,'+23.37%,医疗器械
'439,SZ300760.迈瑞医疗,'228.31,'+0.12%,'5.19,10.84%,'25.28,'24.82,'7.16,3.37%,29.79%,'2764.73,'-9.69%,医疗器械
'440,SH601966.玲珑轮胎,'15.35,'+0.33%,'5.18,0.94%,'17.88,'13.60,'1.01,2.26%,7.61%,'224.65,'-14.43%,橡胶制品
'441,SZ300864.南大环境,'21.10,'-0.28%,'5.18,'-,'22.71,'20.84,'2.45,3.98%,12.63%,'33.38,'+4.95%,环保行业
'442,SH605028.世茂能源,'20.24,'-1.08%,'5.17,'-,'22.70,'18.99,'2.47,3.95%,12.89%,'32.38,'+25.15%,电力行业
'443,SZ301371.敷尔佳,'26.41,'-0.41%,'5.17,0.05%,'26.79,'22.96,'2.40,4.35%,10.44%,'137.93,'-5.10%,美容护理
'444,SZ001299.美能能源,'12.66,'+0.32%,'5.16,'-,'36.26,'32.70,'2.31,4.88%,7.06%,'30.62,'+38.95%,燃气
'445,SH603587.地素时尚,'12.78,'+0.39%,'5.16,0.10%,'25.26,'21.95,'1.62,3.93%,7.28%,'60.59,'+5.43%,纺织服装
'446,SH603055.台华新材,'9.88,'+1.75%,'5.15,0.36%,'15.56,'11.90,'1.70,2.53%,15.14%,'87.96,'-8.45%,纺织服装
'447,SH601728.中国电信,'7.35,'-0.81%,'5.15,0.72%,'22.14,'20.21,'1.46,3.53%,7.29%,'5705.79,'+3.01%,通信服务
'448,SH600426.华鲁恒升,'23.68,'+0.42%,'5.13,3.60%,'14.35,'14.19,'1.58,2.53%,11.49%,'502.78,'+11.11%,化学原料
'449,SH600182.S佳通,'15.89,'-0.31%,'5.13,'-,'35.59,'35.63,'4.39,5.73%,12.16%,'54.03,'-2.55%,橡胶制品
'450,SZ000902.新洋丰,'14.62,'+1.53%,'5.12,1.25%,'12.80,'12.16,'1.63,2.08%,14.13%,'180.68,'+14.65%,化肥行业
'451,SZ002597.金禾实业,'22.87,0.00%,'5.12,2.40%,'22.68,'19.41,'1.66,3.63%,8.87%,'129.97,'+3.44%,食品饮料
'452,SH605066.天正电气,'7.66,'+0.39%,'5.11,'-,'31.24,'30.65,'2.11,4.57%,6.83%,'38.81,'+31.55%,电网设备
'453,SH600731.湖南海利,'8.02,'+1.52%,'5.11,'-,'15.28,'14.35,'1.39,2.49%,10.02%,'44.81,'+44.69%,农药兽药
'454,SZ002116.中国海诚,'10.50,'-0.57%,'5.10,0.30%,'16.36,'15.11,'1.90,2.93%,13.14%,'49.22,'+8.43%,工程咨询服务
'455,SH600278.东方创业,'7.69,'-0.77%,'5.10,0.95%,'61.17,'31.88,'0.90,3.39%,2.86%,'67.45,'+11.10%,贸易行业
'456,SH603529.爱玛科技,'35.63,'+0.71%,'5.09,2.08%,'16.01,'14.68,'3.21,2.57%,23.63%,'309.65,'-11.70%,交运设备
'457,SZ000088.盐田港,'4.59,'+0.44%,'5.08,0.28%,'19.42,'16.91,'1.31,2.84%,8.85%,'237.62,'-3.06%,航运港口
'458,SH603096.新经典,'19.15,'-0.21%,'5.08,'-,'34.29,'28.80,'1.52,4.18%,5.21%,'29.54,'+5.53%,文化传媒
'459,SZ000630.铜陵有色,'4.03,'+10.11%,'5.08,1.76%,'17.16,'16.48,'1.34,2.73%,8.37%,'468.27,'+28.72%,有色金属
'460,SZ300388.节能国祯,'7.29,'+0.14%,'5.08,'-,'13.83,'13.80,'1.09,1.79%,8.15%,'49.58,'-1.61%,环保行业
'461,SH603298.杭叉集团,'21.70,'+1.73%,'5.08,4.11%,'13.92,'13.67,'2.68,2.30%,21.25%,'284.23,'+24.52%,工程机械
'462,SH603115.海星股份,'15.69,'+0.32%,'5.07,'-,'23.39,'22.30,'1.82,3.82%,8.28%,'37.53,'+26.75%,电子元件
'463,SZ002394.联发股份,'10.00,'+1.32%,'5.07,'-,'16.07,'12.57,'0.76,1.01%,6.29%,'31.95,'+34.65%,纺织服装
'464,SH601216.君正集团,'5.39,'+0.19%,'5.07,1.24%,'16.42,'14.68,'1.61,2.78%,11.07%,'454.81,'+5.37%,化学原料
'465,SH605337.李子园,'12.78,'-0.39%,'5.06,'-,'23.70,'21.40,'2.77,3.96%,13.09%,'49.86,'+17.36%,食品饮料
'466,SH601298.青岛港,'8.79,'+0.34%,'5.06,0.36%,'11.07,'10.72,'1.30,1.29%,12.44%,'473.96,'-3.51%,航运港口
'467,SZ002033.丽江股份,'8.73,'-0.57%,'5.06,3.80%,'24.48,'25.46,'1.88,3.99%,7.40%,'48.25,'+2.45%,旅游酒店
'468,SH603201.常润股份,'17.12,'+1.72%,'5.05,'-,'14.03,'13.01,'1.93,2.34%,15.61%,'32.53,'+24.23%,汽车零部件
'469,SZ002283.天润工业,'6.48,'+1.25%,'5.04,1.20%,'23.76,'21.55,'1.19,3.13%,5.53%,'72.93,'+25.55%,汽车零部件
'470,SZ000528.柳工,'10.97,'+0.18%,'5.04,3.27%,'17.16,'14.93,'1.24,2.48%,8.49%,'221.97,'-6.52%,工程机械
'471,SH600061.国投资本,'7.67,'+0.13%,'5.04,3.33%,'16.64,'16.21,'0.88,1.66%,5.54%,'490.42,'+3.70%,证券
'472,SZ000999.华润三九,'31.87,'-0.90%,'5.04,2.61%,'17.85,'16.40,'2.54,3.16%,15.77%,'536.94,'-5.86%,中药
'473,SZ301015.百洋医药,'23.77,'+2.86%,'5.04,0.27%,'20.56,'19.89,'4.94,3.30%,23.06%,'121.47,'+2.43%,医药商业
'474,SH600062.华润双鹤,'20.33,'-0.93%,'5.03,1.18%,'13.89,'12.29,'1.93,2.32%,15.32%,'211.18,'+4.73%,化学制药
'475,SH600779.水井坊,'41.95,'+0.24%,'5.03,2.24%,'15.18,'15.20,'3.81,2.19%,27.24%,'204.51,'-21.62%,酿酒行业
'476,SH600809.山西汾酒,'182.10,'+0.45%,'5.03,4.02%,'17.57,'17.59,'5.79,3.33%,34.84%,'2221.55,'+2.34%,酿酒行业
'477,SH600519.贵州茅台,'1423.88,'-0.27%,'5.02,5.80%,'20.09,'20.10,'6.92,3.62%,35.74%,'17886.75,'-4.74%,酿酒行业
'478,SZ000728.国元证券,'8.63,'+0.12%,'5.02,5.38%,'15.63,'15.53,'1.01,1.86%,6.69%,'376.16,'+5.33%,证券
'479,SH600351.亚宝药业,'7.75,'-3.25%,'5.01,6.63%,'25.53,'22.82,'1.84,3.87%,8.11%,'54.25,'+33.58%,中药
'480,SZ002432.九安医疗,'38.97,'-0.31%,'5.00,0.59%,'11.62,'10.99,'0.87,0.51%,8.40%,'185.40,'-3.98%,医疗器械
'481,SZ000030.富奥股份,'6.22,'+2.13%,'5.00,2.93%,'16.62,'15.48,'1.29,2.46%,8.48%,'101.82,'+24.33%,汽车零部件
'482,SH601991.大唐发电,'3.38,'-1.17%,'4.99,1.34%,'11.62,'11.56,'0.78,0.22%,6.82%,'418.99,'+18.60%,电力行业
'483,SZ000883.湖北能源,'4.58,'-0.22%,'4.98,0.28%,'22.62,'21.39,'0.88,2.18%,4.15%,'297.50,'-5.97%,电力行业
'484,SH603100.川仪股份,'20.59,'+0.78%,'4.98,0.68%,'17.31,'14.22,'2.39,2.79%,17.41%,'105.67,'-1.79%,仪器仪表
'485,SH603556.海兴电力,'27.64,'+2.64%,'4.98,2.14%,'14.98,'14.46,'1.85,2.53%,13.17%,'134.40,'-23.17%,电网设备
'486,SH603008.喜临门,'16.01,'-0.31%,'4.98,1.07%,'21.38,'18.62,'1.55,3.25%,8.40%,'59.47,'-1.39%,装修建材
'487,SZ002545.东方铁塔,'9.87,'+0.10%,'4.98,1.17%,'20.70,'20.36,'1.34,3.04%,6.73%,'122.66,'+44.88%,化肥行业
'488,SZ003008.开普检测,'23.52,'+1.55%,'4.98,'-,'31.60,'27.16,'2.20,4.32%,8.15%,'24.09,'+35.59%,专业服务
'489,SZ002215.诺普信,'11.88,'-0.25%,'4.97,2.31%,'17.60,'15.81,'2.68,2.94%,17.44%,'119.72,'+9.05%,农药兽药
'490,SH603661.恒林股份,'29.89,'+1.18%,'4.97,0.32%,'18.05,'19.59,'1.11,2.41%,5.86%,'41.57,'+0.13%,装修建材
'491,SH605507.国邦医药,'23.11,'-2.53%,'4.97,0.79%,'16.09,'15.51,'1.60,2.62%,10.66%,'129.14,'+14.18%,化学制药
'492,SZ002352.顺丰控股,'46.42,'-0.39%,'4.97,7.25%,'24.93,'22.48,'2.51,3.94%,11.32%,'2247.37,'+16.27%,物流行业
'493,SH600233.圆通速递,'15.85,'+1.93%,'4.96,1.61%,'14.45,'13.81,'1.67,2.29%,12.61%,'542.11,'+14.84%,物流行业
'494,SZ000783.长江证券,'7.42,0.00%,'4.96,2.36%,'17.16,'17.01,'1.02,2.02%,6.22%,'410.33,'+11.26%,证券
'495,SH603929.亚翔集成,'37.53,'-0.13%,'4.96,3.60%,'14.31,'14.31,'4.41,2.66%,34.24%,'80.07,'+40.23%,装修装饰
'496,SH600425.青松建化,'4.00,'+0.25%,'4.95,0.20%,'22.33,'20.56,'1.01,2.50%,4.98%,'64.19,'+4.84%,水泥建材
'497,SH601607.上海医药,'19.12,'-0.57%,'4.95,2.82%,'17.93,'16.32,'0.97,1.93%,6.07%,'533.31,'-7.55%,医药商业
'498,SH600479.千金药业,'10.87,'-1.90%,'4.95,'-,'20.39,'19.14,'1.81,3.31%,9.60%,'45.49,'+5.17%,中药
'499,SH603053.成都燃气,'9.63,'-0.10%,'4.95,0.37%,'18.87,'18.12,'1.76,3.12%,9.95%,'85.60,'-0.90%,燃气
'500,SH600623.华谊集团,'8.22,'-0.96%,'4.95,0.57%,'38.63,'19.37,'0.77,2.19%,3.99%,'154.51,'+20.13%,化学原料
